"","logFC","AveExpr","t","P.Value","adj.P.Val","B"
"ENSG00000154451",1.74940647571116,8.42277655245593,8.68561538156246,1.79822166885578e-12,9.79671165192628e-09,18.0134810198184
"ENSG00000117228",1.62993340951055,7.87149477037382,7.45015353164016,2.78914617363043e-10,7.59763417696928e-07,13.2027439113619
"ENSG00000162654",1.25734350388711,6.95203708894082,7.29230287990981,5.31215502703314e-10,9.64687352909218e-07,12.5360051533993
"ENSG00000162645",1.09386337490101,8.45758905757618,7.01711534113941,1.62939552618024e-09,2.21923670665749e-06,11.5443871493273
"ENSG00000115415",1.08979697922909,8.81299674113244,6.73384709256258,5.1410243808051e-09,5.60166016532524e-06,10.4502294849765
"ENSG00000168685",-1.34853164119933,6.23104640076805,-6.54160521369346,1.11716060977386e-08,1.01438183367467e-05,9.63596839105774
"ENSG00000149131",1.68776967093272,5.47033463878475,6.30640353818412,2.87252937198926e-08,2.23564857408536e-05,8.56388195179458
"ENSG00000162747",1.39213724019816,6.97714231764692,6.13986811703152,5.58336029848255e-08,3.80226836326662e-05,8.15862779027268
"ENSG00000185880",0.863924515098224,7.04678788501489,5.90676226640545,1.4059838606376e-07,8.51088896972628e-05,7.29621155979789
"ENSG00000082074",0.472363352889129,10.3600010098655,5.86958685834525,1.62777581069292e-07,8.86812261665504e-05,7.15377513131932
"ENSG00000196954",0.570496685800126,7.52138165939122,5.78123279475684,2.30338257922823e-07,0.000101691291822014,6.83341532888726
"ENSG00000168899",1.04923012961059,5.23026126191041,5.81773110122012,1.99598203739634e-07,9.88555467248658e-05,6.80695844240095
"ENSG00000156587",0.869140118826506,7.66857570916395,5.76794402366916,2.42655432027567e-07,0.000101691291822014,6.78384486027677
"ENSG00000141574",0.812343457028132,6.00251718240607,5.70014921085258,3.16364353012997e-07,0.000123110928229629,6.50117721945596
"ENSG00000140105",0.878822403726364,9.20168838027158,5.46951975552868,7.74651480798226e-07,0.000281353417825916,5.66696529635783
"ENSG00000135636",0.942699941728717,7.86701260356131,5.44926675117265,8.37579737462427e-07,0.000285195900605957,5.60936547872964
"ENSG00000142089",1.18771799336108,8.60219087022302,5.42491326139467,9.19942815199246e-07,0.000294814615129735,5.51288670800487
"ENSG00000128335",0.846994787278875,6.33471604275178,5.32862918605795,1.33116403208737e-06,0.000402898980378443,5.1828555448526
"ENSG00000143546",1.39245190493406,10.4266725098632,5.18199358397741,2.32679491844283e-06,0.000662605532497868,4.62557184979343
"ENSG00000100911",0.690248132161844,7.25667646628919,5.17026921837178,2.43247258626236e-06,0.000662605532497868,4.61263714722894
"ENSG00000081059",-0.993842636002563,7.03817237459528,-5.06494947175743,3.61928315317197e-06,0.0009389454580229,4.23898466618484
"ENSG00000138119",1.03015915226897,6.7876860539503,5.01265772124522,4.40373436699638e-06,0.00108739433832261,4.0674454719962
"ENSG00000138772",1.34299639810457,6.02652264104488,4.98775260017657,4.83372673083708e-06,0.00108739433832261,3.97824914555719
"ENSG00000277734",-1.04519166027059,5.46281327286246,-4.98553760573798,4.87390309104995e-06,0.00108739433832261,3.96854384557696
"ENSG00000085449",0.617567650594265,5.80447358008402,4.97141682785976,5.13782999680997e-06,0.00108739433832261,3.92201187277107
"ENSG00000028116",0.670145380125191,5.96679645547007,4.96873705921455,5.18947371446181e-06,0.00108739433832261,3.91576320133369
"ENSG00000102524",0.805715623144109,5.75178597282142,4.88554976479652,7.07146003926624e-06,0.0014183061655753,3.62656643815616
"ENSG00000121858",0.958441087836735,5.86775549983054,4.87683219256837,7.30366148640429e-06,0.0014183061655753,3.60177570343828
"ENSG00000002549",0.957771829845592,7.0196472668521,4.86788536650506,7.54972077857631e-06,0.0014183061655753,3.55747050124469
"ENSG00000102931",-0.722830335506383,4.89390881729324,-4.85163700667054,8.01748723158919e-06,0.0014559756812566,3.47973205098356
"ENSG00000240065",0.61182376262922,7.38452183587535,4.81099450084726,9.31512176210674e-06,0.00163705752774056,3.34539832363745
"ENSG00000204397",0.693668380514775,6.99553775416165,4.79655783942558,9.82375322748934e-06,0.00166575175749038,3.31375040838696
"ENSG00000146592",0.880032275139382,6.37881820612243,4.78929207071071,1.00899060200409e-05,0.00166575175749038,3.30447310135491
"ENSG00000167106",-0.914035594048563,5.84444280503113,-4.78068581456083,1.04142846215652e-05,0.00166873595936139,3.27732726606043
"ENSG00000113368",0.774239186080806,6.92774569962426,4.75923042236927,1.12679534629218e-05,0.00175393744188566,3.18717577353281
"ENSG00000168610",0.407887519245033,8.62013960353928,4.69369430926023,1.432065898424e-05,0.00212614509636116,2.90702920969842
"ENSG00000125347",0.583633497889947,8.53866363428693,4.69142497644077,1.44396785178713e-05,0.00212614509636116,2.89931210954471
"ENSG00000198851",-1.05993072352128,5.45139055912942,-4.64961069968382,1.6813496641221e-05,0.00241052446582558,2.83638879631241
"ENSG00000163220",1.07554943146611,10.6400583877042,4.64137034064977,1.73242669536496e-05,0.0024200668298329,2.72818379207429
"ENSG00000106034",1.03795742785644,4.92685822838845,4.61605531827793,1.89898012282593e-05,0.00258641092728891,2.68591486421172
"ENSG00000173369",1.38293167362073,4.90219047356437,4.56714346332736,2.26609883993631e-05,0.00297920833079582,2.53149299424612
"ENSG00000173372",1.23586742885608,4.83357636092133,4.55607796637988,2.35827679979434e-05,0.00297920833079582,2.49433339966274
"ENSG00000119917",1.11267316623158,7.26897881090932,4.55668680518795,2.35311152088762e-05,0.00297920833079582,2.48661286922435
"ENSG00000143772",-0.551492091648167,6.65550157497221,-4.55050004972339,2.406115391979e-05,0.00297920833079582,2.48161980139727
"ENSG00000123609",0.580006553743168,6.63678562294825,4.5262868799637,2.62495488396987e-05,0.00310885961040606,2.40942631807248
"ENSG00000119922",0.885788986007505,7.22574247117973,4.53341548860835,2.55859045400376e-05,0.00309760017631388,2.40845512030899
"ENSG00000111371",-0.711158499578113,6.54750398081493,-4.50896583744198,2.79326053602917e-05,0.0031703507083931,2.34664419602497
"ENSG00000221963",0.628861912829579,7.56011202361199,4.51510611503642,2.73242927411683e-05,0.00316729248625287,2.32937239910051
"ENSG00000086300",0.620473070121374,6.58710167043033,4.48871724017575,3.00333921479945e-05,0.00323050675008764,2.28330266296895
"ENSG00000135148",0.544457224509499,6.7109046676456,4.48455223266633,3.04841743391867e-05,0.00323050675008764,2.26892813780416
"ENSG00000133639",-0.481007638929124,7.45174958025939,-4.4813565421998,3.08344990830686e-05,0.00323050675008764,2.21545499456196
"ENSG00000152229",0.696065885169,7.50617837334029,4.47528098862858,3.15113501410754e-05,0.00323912897299205,2.20890162218696
"ENSG00000213626",-0.732964297307609,7.63258088372375,-4.48149273514821,3.08194895386918e-05,0.00323050675008764,2.20601975496062
"ENSG00000274641",1.0318043990958,6.80457018219749,4.36721077481326,4.62630278139459e-05,0.00466742547278477,1.88955039223143
"ENSG00000287263",0.811630972243679,5.0580427842875,4.30157504219421,5.82904257492962e-05,0.00567082570503867,1.69942354429767
"ENSG00000204264",0.382816177778204,7.40928000953908,4.31915134720586,5.48013350117342e-05,0.00542832132988959,1.68503970544421
"ENSG00000170989",-0.808518631936137,4.95289195619821,-4.28505789308332,6.17647915429904e-05,0.00576348984677773,1.65319192303912
"ENSG00000158161",0.48159526428732,5.88530588290678,4.27725735241181,6.34745577838957e-05,0.00576348984677773,1.62412732018251
"ENSG00000118113",1.82318004643866,4.37094444012936,4.27836276709741,6.32295090512082e-05,0.00576348984677773,1.57559310251164
"ENSG00000149311",-0.445457987805595,8.2569283474548,-4.28399844515721,6.1994362308136e-05,0.00576348984677773,1.53243732193688
"ENSG00000101236",0.789680795148424,6.14777974502721,4.24410505048467,7.1266332330868e-05,0.00636490128751752,1.51644378018341
"ENSG00000166002",0.700779175521851,4.75000557074764,4.22464251564622,7.62636401206101e-05,0.00670135986092071,1.45361836577632
"ENSG00000100097",-0.580426523422017,6.4761997814019,-4.20440961369827,8.18175745208609e-05,0.00696472103108828,1.35840159590908
"ENSG00000096717",-0.602351559969319,5.56153498558459,-4.18331397265942,8.80241567387476e-05,0.00726599402898026,1.33111701790886
"ENSG00000211772",-0.705091353927402,6.17369380478975,-4.18410406967946,8.77837112905294e-05,0.00726599402898026,1.30557498290118
"ENSG00000065060",0.624953831853192,6.15277012980648,4.17652558460648,9.01164193907704e-05,0.00732767541553607,1.29708821410032
"ENSG00000197694",-0.497609006883669,8.7323513216324,-4.21506978489437,7.88443296483367e-05,0.00681815726863712,1.29614109507515
"ENSG00000175130",-0.68362781814839,5.96351923577725,-4.15650655562308,9.65701282645609e-05,0.00755037161269459,1.22984448200754
"ENSG00000057757",-0.879422260962709,6.85181218888909,-4.15518104442913,9.70128511175884e-05,0.00755037161269459,1.17995433761907
"ENSG00000124181",-0.710324111317963,5.96589975269991,-4.14027933413416,0.000102126896048333,0.00763756873175324,1.17611668585988
"ENSG00000125148",0.802451601980837,6.72883777591265,4.14052113936569,0.000102041871587712,0.00763756873175324,1.15147230058899
"ENSG00000175061",-0.565667349128899,6.49004312484511,-4.13967715217825,0.000102338934915196,0.00763756873175324,1.14874128757445
"ENSG00000185215",0.549147701857205,7.81889059347362,4.16038175748407,9.52869682860202e-05,0.00755037161269459,1.14868823454772
"ENSG00000104375",0.865054527374826,5.35382719406517,4.10232155551906,0.000116356833691253,0.00845216039933259,1.08646692775579
"ENSG00000140548",-0.628631636479848,5.32259543641419,-4.09057825361733,0.00012113406928829,0.00866908961584132,1.04728486163247
"ENSG00000148925",0.637615850123312,5.86044381965093,4.08396908683402,0.000123905331832331,0.00866908961584132,1.01843477047889
"ENSG00000118922",-0.577969265456179,5.807846707474,-4.08038336162715,0.00012543432794453,0.00866908961584132,1.00008486598655
"ENSG00000257093",-0.65902827962911,5.56818008686372,-4.06501903535954,0.000132194338695615,0.00892689036895173,0.960651534121824
"ENSG00000158406",0.852316375047353,5.93231562547404,4.06384831432476,0.000132723590287278,0.00892689036895173,0.956455635130541
"ENSG00000133106",0.742549530700904,8.5268024612097,4.10433631890742,0.000115555697198889,0.00845216039933259,0.950148192775071
"ENSG00000133104",0.514075753146547,6.17996076619873,4.05964561850148,0.000134640393349494,0.00894537637765907,0.92575627233702
"ENSG00000203880",-0.75835574093064,5.47667093669974,-4.03967452485349,0.000144119530137387,0.00927080351211593,0.884711121466465
"ENSG00000101605",0.925847955914444,5.20504771099813,4.03451144476598,0.000146672851874664,0.00927080351211593,0.878827664964677
"ENSG00000104765",-0.958715892575766,10.1234200631837,-4.07974562718763,0.000125708164400049,0.00866908961584132,0.862800533177816
"ENSG00000101126",-0.43570510400989,6.6599808759804,-4.04327329979647,0.000142365193508055,0.00927080351211593,0.83568286282018
"ENSG00000158517",0.67786689314495,6.61698372526451,4.03176855464989,0.000148046972385111,0.00927080351211593,0.809783641687036
"ENSG00000100225",-0.767000164888437,8.55879251167753,-4.03764051450653,0.000145120265247122,0.00927080351211593,0.730704580395921
"ENSG00000153574",-0.832042408793419,5.88349264922449,-3.96903974736327,0.000183077242562125,0.0112067957020052,0.651467895062966
"ENSG00000133985",-0.984592283162414,4.98837349034024,-3.95337183207916,0.000192999683401221,0.0113060459695683,0.634403945745744
"ENSG00000179950",-0.480878919731168,6.20958644418792,-3.96199075954814,0.000187479084353299,0.0113060459695683,0.609487709344554
"ENSG00000122862",0.603245032654248,7.95176394919297,3.9831292402402,0.000174574869734376,0.0108077714808282,0.590200462914214
"ENSG00000065911",0.508667474618337,6.47054605890614,3.95474361910641,0.000192110687484337,0.0113060459695683,0.585171943386559
"ENSG00000071575",-0.76124875108354,5.14712287996903,-3.92286766804662,0.000213820929961419,0.0121948267684812,0.539030785068715
"ENSG00000068079",0.65430327718049,5.59346326481322,3.92138399309788,0.000214886815303633,0.0121948267684812,0.526195573593262
"ENSG00000254703",0.934848597232582,4.99442437184102,3.91197005894132,0.000221769747303203,0.0124556864258541,0.512689040490311
"ENSG00000272325",-0.398588114020837,7.61120745236072,-3.95713611227165,0.000190569628165488,0.0113060459695683,0.512351709033267
"ENSG00000142512",-0.778209555089213,4.95813113389539,-3.90756530429525,0.00022506249726717,0.012511637603179,0.498744881261571
"ENSG00000157551",1.09922979060127,4.7480589203437,3.88470242003578,0.000242921697815487,0.0130840333587936,0.431799572163668
"ENSG00000134057",0.893131031036061,4.99782604444785,3.88218981078337,0.000244965382268161,0.0130840333587936,0.424983896865242
"ENSG00000100422",-0.480371801866128,6.42927581099567,-3.90141644837748,0.000229737642925955,0.0126425321076829,0.409054246222856
"ENSG00000082438",-0.753896150627414,5.49357616674782,-3.87623589671776,0.000249874203678597,0.0130895640542404,0.39000165917151
"ENSG00000206503",0.612725302193967,9.22587571252258,3.92190038082616,0.00021451525997439,0.0121948267684812,0.358361611954918
"ENSG00000138496",0.648691440457426,6.85845909037163,3.89009713054977,0.000238588932293975,0.0129983250313757,0.357217963216039
"ENSG00000028839",0.735122434073356,5.21769784110381,3.85130024710871,0.000271477451099537,0.0137401435899695,0.333095995842839
"ENSG00000064932",0.488706555633709,7.03389901307117,3.87723761583324,0.000249041764688978,0.0130895640542404,0.301587652443585
"ENSG00000180357",-0.458318868253008,7.23955145362163,-3.86297077345388,0.00026115253425331,0.0134222547793588,0.233027276704715
"ENSG00000167699",-0.614672784280021,5.09790391596915,-3.81820891982664,0.000302925140452363,0.0147170068096572,0.231247499355971
"ENSG00000142546",-0.566626225546144,5.64533584862903,-3.82075301603452,0.000300388546992314,0.0147170068096572,0.211969510331137
"ENSG00000150593",-0.372409681146911,8.36424138768451,-3.86319989088819,0.000260953653136516,0.0134222547793588,0.187003577693932
"ENSG00000112096",0.52622324747353,11.1407109423768,3.85029851186675,0.000272381701122743,0.0137401435899695,0.153290002296189
"ENSG00000186174",-0.576472568435659,7.16701132605592,-3.83379154098572,0.000287704659350889,0.0143799539829692,0.147553629862603
"ENSG00000197122",0.69631022730096,6.67289920444192,3.80795565797522,0.000313357707400925,0.0147170068096572,0.132405271783378
"ENSG00000181722",-0.479301512201305,6.33389263395439,-3.79662874374491,0.00032528259317381,0.0151464920308625,0.0998909855131851
"ENSG00000135604",0.499037676836432,7.18401777124919,3.80891500547005,0.000312367175419127,0.0147170068096572,0.088520798824324
"ENSG00000144118",0.368005134861924,8.25411011281899,3.8257375696952,0.000295477564123872,0.0146341979031532,0.080410252350541
"ENSG00000085511",-0.517064912800282,5.27250557210179,-3.76744134514718,0.000358046198521072,0.0159298138150183,0.0774270430181527
"ENSG00000135365",0.388391739749821,7.53267916179773,3.80854244084864,0.000312751493918032,0.0147170068096572,0.0642215454733011
"ENSG00000136068",-0.660713666824246,5.40372636801132,-3.75570368416309,0.000372092847689423,0.0163480793081611,0.0337191166056652
"ENSG00000026508",-0.451351309592415,8.35955148593432,-3.81253079477264,0.000308660734906975,0.0147170068096572,0.0320384180294706
"ENSG00000149823",-0.62371289014463,6.08562593125449,-3.7664322899321,0.000359233536053672,0.0159298138150183,0.0187425015011398
"ENSG00000111817",0.723171543469052,6.63395716653996,3.76608006408966,0.000359648880184884,0.0159298138150183,0.0113946511349186
"ENSG00000090376",0.439699702493926,7.71993404208807,3.79140386586288,0.000330928610817682,0.0152788056926672,0.00592006515537769
"ENSG00000096968",0.452245151513028,7.54573149883412,3.78835738902538,0.000334263813699771,0.0153031030003055,0.005388667774616
"ENSG00000227376",0.947361336198318,5.49514767888278,3.73585126802958,0.000397057713407789,0.0169151476383209,-0.0119175442490747
"ENSG00000138795",-1.0210893871648,5.80984633353957,-3.74789646662666,0.000381726086029861,0.0166371497335255,-0.0184823802763416
"ENSG00000117394",-1.10054861822168,5.71074930064171,-3.73557279458211,0.000397419034086834,0.0169151476383209,-0.0386370480472742
"ENSG00000130313",-0.604063069727983,5.29753193521841,-3.72022500184672,0.000417826087838678,0.0172448221707963,-0.0633138604958008
"ENSG00000174099",0.669853002762239,6.0274237645925,3.72652815516478,0.000409326838170409,0.0170974252036623,-0.0659863137852685
"ENSG00000234745",0.582420581182177,10.3723884791953,3.77208093904922,0.000352635020145361,0.0159298138150183,-0.101300092331322
"ENSG00000105202",-0.525251492513698,7.21202508805655,-3.74544972510146,0.000384793854076813,0.016637753309607,-0.124802468003103
"ENSG00000104324",0.619108204193628,5.37607770051886,3.68532842214403,0.00046801638160936,0.0190280093060283,-0.153871831917797
"ENSG00000198740",-0.324943193836842,7.65631247427564,-3.73093303067934,0.000403485586530525,0.0170402284916147,-0.187319815775602
"ENSG00000164292",0.844732423061616,8.04167586435905,3.72519059046601,0.000411116501776755,0.0170974252036623,-0.200763879573782
"ENSG00000182541",0.751712410977937,6.2070720846527,3.68852675715068,0.000463186924637754,0.0189732508678683,-0.201376444490971
"ENSG00000126464",-0.512040542319418,5.97981236517067,-3.66616831947649,0.000497969615082364,0.0198024705326184,-0.265745582809507
"ENSG00000164080",-0.530002232597773,6.22182475867277,-3.6664510350485,0.00049751463897557,0.0198024705326184,-0.274289287848394
"ENSG00000168394",0.78481619649456,4.9762974388708,3.63973344666383,0.000542310039214434,0.020660874780701,-0.275427798341719
"ENSG00000198625",-0.464541471024237,6.16181393688521,-3.65512800072358,0.000516050482696012,0.0200817359266277,-0.308820340280912
"ENSG00000130703",0.341028725703701,6.43044329240979,3.65684036607867,0.000513205676152995,0.0200817359266277,-0.314562540115529
"ENSG00000127152",-0.689286668214419,6.11785826624625,-3.6421447834629,0.000538114371237949,0.020660874780701,-0.356025025112919
"ENSG00000140968",-0.558427217301628,7.33850000521228,-3.66707424884304,0.000496513096782859,0.0198024705326184,-0.367680456667546
"ENSG00000196747",0.818855245824617,5.48638989257974,3.61067986222537,0.000595376755393883,0.0220229054292392,-0.373045979841213
"ENSG00000100307",-0.585178773538429,5.58509925460933,-3.61435311328067,0.000588404198813865,0.0220229054292392,-0.385659732145502
"ENSG00000135720",-0.509096536674348,7.31200827690441,-3.65778881246455,0.000511636434131114,0.0200817359266277,-0.386242037366766
"ENSG00000140577",-0.464056045927319,5.80372112322664,-3.60625321207047,0.00060388396803696,0.0220229054292392,-0.425907049055561
"ENSG00000154429",0.531948262298834,5.53712828551255,3.58904418783574,0.000638068940267746,0.0225727245881733,-0.440750585477129
"ENSG00000152518",-0.403947004673156,7.42367456796061,-3.64141761716226,0.00053937635370864,0.020660874780701,-0.446368380073642
"ENSG00000095585",-0.767929549916711,4.94564205951539,-3.57768087241732,0.000661642714989895,0.0231850538709255,-0.45926400314271
"ENSG00000187147",-0.442535413901351,6.16931161083512,-3.60317759784254,0.000609862743747112,0.0220229054292392,-0.459689179580144
"ENSG00000132424",-0.42722999904172,6.64849333444706,-3.6145052680339,0.000588117062948288,0.0220229054292392,-0.463980593252268
"ENSG00000155508",-0.422227839740705,6.29757628879596,-3.59725761996511,0.000621529742717026,0.0222274629419649,-0.4846816566736
"ENSG00000177409",0.635805288804582,7.38960392030008,3.61255873918503,0.000591800503584372,0.0220229054292392,-0.519555573639931
"ENSG00000172053",-0.470133175924038,6.87675414544074,-3.60290267372687,0.000610399911860338,0.0220229054292392,-0.523091972013808
"ENSG00000115020",-0.312438534964053,6.98945213747801,-3.59590285286047,0.000624229410815094,0.0222274629419649,-0.540998996801578
"ENSG00000092820",-0.404154160964302,8.29510350873353,-3.60594960387442,0.000604471669104944,0.0220229054292392,-0.590724315831908
"ENSG00000185811",-0.329841707635909,8.87943167002026,-3.57661817521832,0.000663889207757779,0.0231850538709255,-0.691340742469733
"ENSG00000135334",0.566258854729281,7.53444281867162,3.55228770355555,0.000717351536474426,0.0247485362192217,-0.691424198517106
"ENSG00000232037",-0.611144237683347,6.72760205115834,-3.53897253968321,0.000748317052864601,0.0254801956500397,-0.695114677597998
"ENSG00000168159",-0.481985243248334,5.86572072806991,-3.50906628270209,0.000822559367912228,0.027325020953572,-0.707524212373044
"ENSG00000139726",-0.384134149730562,6.02743838897109,-3.50548966422483,0.000831892560885038,0.0274675798284951,-0.728878424128466
"ENSG00000144028",-0.343387755931079,8.14018970343533,-3.55211560065567,0.000717743891820307,0.0247485362192217,-0.744060900402568
"ENSG00000116711",0.716551799113907,5.02393367229305,3.45834483043161,0.000964698088978562,0.0308885484501044,-0.779427597185641
"ENSG00000163563",0.497474983514429,8.98691849045371,3.54576358655571,0.000732368555402589,0.0250939867285114,-0.781288724816143
"ENSG00000172349",-0.348465454917221,7.69916451021472,-3.53197902411618,0.000765085594315913,0.0257295451718092,-0.78191149068641
"ENSG00000108861",0.448405585897743,6.22488058557276,3.48420036082328,0.000889560115511745,0.0290199012533412,-0.791682217694016
"ENSG00000124942",-0.444862567866942,10.5742976669044,-3.53362966433312,0.00076109592797144,0.0257295451718092,-0.801211224806123
"ENSG00000106546",-0.54874403949844,4.98365419906959,-3.45054477006458,0.000988521443169847,0.0311831161239139,-0.806679377082741
"ENSG00000170525",0.560979942167702,6.42927399612872,3.48197547442676,0.000895800948566725,0.0290495450463781,-0.81376996561737
"ENSG00000125637",-0.379301479907435,7.03112576053245,-3.50170870332222,0.000841868219181956,0.0276295063741162,-0.828120467181193
"ENSG00000083223",0.294316764043765,8.1727048036736,3.51124065597463,0.000816934003143052,0.0273046407921678,-0.857327922236951
"ENSG00000204323",0.967434987210151,6.34156208523712,3.45675164978428,0.000969519417211428,0.0308885484501044,-0.86399081756122
"ENSG00000171824",-0.475559716019687,5.88352969996802,-3.44999780494152,0.00099021275503618,0.0311831161239139,-0.87104080049336
"ENSG00000113263",-0.636916310341632,5.64854946158753,-3.4429822915928,0.00101215042029245,0.0313949986012153,-0.883958687942393
"ENSG00000072756",0.526032992666265,5.47070805297472,3.4296049743588,0.00105526311145543,0.031939296840051,-0.884465817681513
"ENSG00000188313",0.616823831558339,6.08928256456112,3.43115885664438,0.00105016742007931,0.031939296840051,-0.926387043315373
"ENSG00000204227",-0.551877914892034,4.89139930634242,-3.40489730449892,0.00113949912232819,0.032502571824314,-0.9299276445026
"ENSG00000083799",-0.32571820514871,7.57862315217814,-3.4668402179364,0.000939370307895764,0.0302821860202138,-0.963211587698352
"ENSG00000027075",-0.51645122648791,6.76120774068491,-3.44472665136407,0.00100665317298584,0.0313949986012153,-0.970624216907093
"ENSG00000205268",-0.529177475342714,5.58102188233723,-3.39939842231483,0.00115909277759364,0.0328283144507472,-0.990677640122921
"ENSG00000089094",-0.513477286662186,5.83238513956673,-3.40662621549927,0.00113340365881545,0.032502571824314,-0.996549139932079
"ENSG00000101224",-0.474809732765094,6.01275382645723,-3.41123137043872,0.0011173177963793,0.032502571824314,-0.997206669253522
"ENSG00000182606",-0.526916334115289,6.25268753824701,-3.41456735235786,0.00110580030666835,0.032502571824314,-1.00523856522759
"ENSG00000235162",0.716645987804116,7.45109323235176,3.43795008115021,0.00102816887066889,0.031646689307368,-1.01025730707571
"ENSG00000162894",-0.702104843405288,5.46107976478005,-3.38967891545078,0.00119450679377196,0.0332178961883691,-1.01611541010067
"ENSG00000181852",-0.545854326656697,5.12657011767196,-3.37591552972422,0.00124640805191557,0.0334503993440198,-1.02479898518695
"ENSG00000108592",-0.55982264395081,5.37234841247919,-3.37888669132543,0.0012350267407103,0.0334345984615301,-1.03056625475006
"ENSG00000130600",-0.880924966723455,6.66764003070496,-3.41835383028991,0.00109286358685276,0.0323582653324666,-1.03780443297528
"ENSG00000107262",-0.372963375144306,7.16506737549213,-3.42984175544385,0.00105448511983329,0.031939296840051,-1.03850144976857
"ENSG00000123405",0.483940322004438,7.97749391787715,3.44232505403438,0.00101422902970152,0.0313949986012153,-1.03937882186362
"ENSG00000146859",0.767214221621882,7.22515131201609,3.42020511089727,0.00108659082500017,0.0323483432491855,-1.04723776720768
"ENSG00000174579",-0.466243576943198,6.18081189180463,-3.39832051033839,0.00116297075789174,0.0328283144507472,-1.04760977161751
"ENSG00000081019",-0.432014544522991,5.76066573110119,-3.38393992621753,0.00121589504931319,0.0334345984615301,-1.0502446950576
"ENSG00000184203",-0.352864677886053,6.161677919349,-3.39136546658384,0.00118828921864174,0.0332178961883691,-1.061489190916
"ENSG00000130429",0.508273313629397,7.62437637797397,3.42274516993092,0.00107803966954924,0.0322701105478257,-1.069286336818
"ENSG00000108559",-0.407031605898267,5.48856928738334,-3.36627999048685,0.00128400334918354,0.034123171933424,-1.07345639244687
"ENSG00000145365",0.639528659563194,5.00509503327457,3.34774118776206,0.00135936838329914,0.034320281611527,-1.08608580755332
"ENSG00000105298",-0.541143764519032,4.998067679574,-3.35007529960919,0.00134965493790476,0.034320281611527,-1.08623361457603
"ENSG00000029363",-0.376435726302534,6.93562349428969,-3.40745575910486,0.00113048997231858,0.032502571824314,-1.0869555542958
"ENSG00000234741",-0.592794547368414,5.72979538516754,-3.3695986892243,0.00127093538264902,0.033941450807215,-1.09339142700178
"ENSG00000175463",-0.560312808937992,5.53592378363845,-3.3604083363054,0.00130743541925442,0.0342447507889332,-1.10220660331322
"ENSG00000183495",-0.371575993442974,7.02926279419185,-3.40543539645341,0.00113759870574562,0.032502571824314,-1.10267468803678
"ENSG00000163840",0.41132478321519,8.07764359383641,3.42339031600453,0.00107587793636574,0.0322701105478257,-1.10996818662884
"ENSG00000163001",-0.737402564451722,4.51315442215113,-3.33163375580435,0.00142821986734182,0.0355294147820925,-1.11233676505563
"ENSG00000160294",-0.434127120344892,6.49689176727064,-3.38202995511585,0.0012230930967836,0.0334345984615301,-1.11966142882661
"ENSG00000118985",0.770622683609144,5.20206010601143,3.3352774275224,0.00141236295825259,0.0352961164979822,-1.12535745376737
"ENSG00000120896",-0.549081062540353,5.59373482988852,-3.35133741926992,0.00134442992968568,0.034320281611527,-1.13020527773823
"ENSG00000117115",0.848025628914038,5.74603342408391,3.34741860095357,0.00136071601102971,0.034320281611527,-1.13074375372543
"ENSG00000117602",-0.584602519028559,7.33724787132403,-3.38952822618658,0.00119506381294426,0.0332178961883691,-1.15968421895143
"ENSG00000158711",-0.305828261602877,8.03888913674448,-3.40490990336625,0.00113945459173227,0.032502571824314,-1.16201747164482
"ENSG00000240505",-1.01529260289729,4.70719620920329,-3.31792036244412,0.00148941700050183,0.035648737640569,-1.16501130770604
"ENSG00000118508",0.604668153810613,6.38131513125861,3.34873630525756,0.00135521914519808,0.034320281611527,-1.17022183387551
"ENSG00000106211",0.600219515710114,7.55610029814296,3.37766822850195,0.00123968224839007,0.0334345984615301,-1.19551760163055
"ENSG00000033170",0.802188267897025,7.14706710914522,3.35692879271191,0.00132151117967872,0.034320281611527,-1.21335460519126
"ENSG00000150907",-0.577054997799297,5.16032255820361,-3.30509863563835,0.00154886362848545,0.0366669056258731,-1.21636887670958
"ENSG00000140450",-0.583246374809047,5.09322397228515,-3.29800979076906,0.00158268285106066,0.0370805691274241,-1.22638620050881
"ENSG00000154380",-0.883993619398317,5.90034080560783,-3.32406871206653,0.00146167993224874,0.0355501440664783,-1.22765329582305
"ENSG00000166326",-0.357956224105608,7.94400260939362,-3.3796466612913,0.00123213141368372,0.0334345984615301,-1.23084960441923
"ENSG00000143442",-0.365655764772223,6.07785324096285,-3.32714678133432,0.00144797746236673,0.0355341496169998,-1.23605232911205
"ENSG00000065357",-0.596987501044349,5.5854962669361,-3.30981402801348,0.0015267459247691,0.0363218855814064,-1.23726170343568
"ENSG00000115306",-0.579811193410844,10.0442949155976,-3.38318885057253,0.0012187208156162,0.0334345984615301,-1.24665894534468
"ENSG00000172175",-0.485662450768803,5.89433381979275,-3.31737359246875,0.00149190752240267,0.035648737640569,-1.25035636710001
"ENSG00000105220",0.5432295910437,7.73025204110327,3.36239272457557,0.00129947149929013,0.0342447507889332,-1.2507466287818
"ENSG00000130475",-0.500161932221276,5.32182932795124,-3.29735090056031,0.00158586134484028,0.0370805691274241,-1.25245561807384
"ENSG00000100439",0.639455229827276,5.59517973791168,3.2925780759843,0.00160906564851035,0.037462348944805,-1.25719962578685
"ENSG00000087258",0.948885310512618,4.78998435159968,3.26351278821309,0.00175742053104066,0.038911994827116,-1.28407932939632
"ENSG00000147457",-0.487264103107425,6.32489002481356,-3.32032343890763,0.00147851744465595,0.035648737640569,-1.28451452013121
"ENSG00000204310",0.796225595059101,7.55625763591713,3.34065849334838,0.00138924850813516,0.0348784602411077,-1.28988241089119
"ENSG00000161405",-0.470480818977791,8.10345959122441,-3.36157627207584,0.00130274259592868,0.0342447507889332,-1.29254237606449
"ENSG00000106462",0.58422607993815,5.75537637170478,3.28328370980684,0.00165517301054987,0.0382092481418462,-1.29804602752337
"ENSG00000164323",-0.453871122139056,5.12438736921588,-3.27261018186189,0.00170965560157776,0.0388091821558151,-1.29920811860356
"ENSG00000082397",0.490214476398896,7.08554056185393,3.32730248448181,0.00144728755591886,0.0355341496169998,-1.30741373320294
"ENSG00000138434",0.313164605902543,8.05743256045455,3.34910415662881,0.00135368838142633,0.034320281611527,-1.31176870949198
"ENSG00000183049",-0.475112811657803,6.41835670043504,-3.30386300745034,0.00155470910418074,0.0366669056258731,-1.3376239382479
"ENSG00000163568",0.768208718562529,4.666093136847,3.24554376143915,0.00185547596229038,0.0401161161749165,-1.34038880320943
"ENSG00000105373",-0.431687220807831,9.02594558873541,-3.35093600731896,0.00134608964806191,0.034320281611527,-1.34478671641844
"ENSG00000249898",0.922789920584576,4.84494428887894,3.24222242033981,0.00187415426846668,0.0401983954905766,-1.34588505071626
"ENSG00000009790",-0.413939143247975,7.16022157103207,-3.32009025168005,0.00147957180106625,0.035648737640569,-1.35475401798078
"ENSG00000088325",0.974804486955918,4.77189506391773,3.23408457353987,0.00192066884849298,0.0409005705132825,-1.36398048463429
"ENSG00000149932",0.506396639506556,6.30714168578725,3.27687850499372,0.00168766867729222,0.038470372192,-1.36521621462439
"ENSG00000182866",-0.538866817140738,6.2099342046344,-3.28453160937418,0.00164891095665349,0.0382092481418462,-1.37097490434086
"ENSG00000083896",-0.366543586738366,7.66773380827466,-3.32464528427219,0.00145910396761237,0.0355501440664783,-1.37156737230188
"ENSG00000184640",-0.289393570295026,9.53223849715204,-3.32733083873393,0.00144716195418027,0.0355341496169998,-1.41174000975251
"ENSG00000175857",-0.529478989864625,5.90954790170129,-3.2540773962735,0.00180828430080687,0.0395643890393406,-1.41711535325696
"ENSG00000115461",-0.783755884906313,6.76794735723425,-3.27909824322466,0.00167633984128372,0.038470372192,-1.43200361603904
"ENSG00000113356",0.832970601416946,6.27627633584431,3.24758125869445,0.00184410437806768,0.0401161161749165,-1.43717745533377
"ENSG00000132963",0.414147882826862,6.65284991907639,3.2622438522401,0.00176418185064201,0.038911994827116,-1.45471165830708
"ENSG00000136810",0.506147958506292,5.74524285918517,3.22809626430647,0.00195558737820425,0.0411352897160493,-1.4620067745225
"ENSG00000248334",0.797006019414063,6.12212248368509,3.23387059992951,0.00192190639709991,0.0409005705132825,-1.46651225174157
"ENSG00000184260",-0.565618139546412,7.28105758433881,-3.27802706410668,0.00168179783257815,0.038470372192,-1.4750133245296
"ENSG00000161791",-0.457309078236732,6.18615649968989,-3.24433552013838,0.00186225043842853,0.0401161161749165,-1.47609798200367
"ENSG00000123684",0.462266831125463,6.46849458121953,3.24421014473373,0.00186295473426099,0.0401161161749165,-1.4771533428125
"ENSG00000124496",-0.479060182118435,5.4127916821068,-3.2067308936156,0.00208509019982184,0.0423864604799604,-1.49701299167228
"ENSG00000158321",-0.454677750139923,5.82371621436431,-3.21976571446366,0.00200515640730288,0.0415055319802889,-1.50116647271583
"ENSG00000198837",-0.425791124114322,5.92249659898565,-3.22277744597701,0.001987101178261,0.0414778820657699,-1.50250598030019
"ENSG00000198860",-0.544974114759575,4.68201684063973,-3.18113189009507,0.00225084841061063,0.0442693940108546,-1.51196613924354
"ENSG00000180667",-0.926918036603427,7.56846149615912,-3.26957495125299,0.00172545431093936,0.0388203784576273,-1.52001308027258
"ENSG00000144848",0.362798542069656,7.55796517456027,3.26570881187783,0.00174577693137274,0.0388203784576273,-1.52014877815514
"ENSG00000152234",-0.310708961001104,7.66427703703072,-3.26994222308567,0.00172353534182292,0.0388203784576273,-1.52433194037948
"ENSG00000091106",0.579405569220826,5.2646861042458,3.1836669289389,0.00223389841104663,0.0442693940108546,-1.53260858403873
"ENSG00000112983",-0.552602749297035,5.1546189483168,-3.18137056767231,0.0022492474172772,0.0442693940108546,-1.54169308429947
"ENSG00000114423",-0.52833030584465,5.56595262758551,-3.19302215885957,0.00217237674996081,0.0438337353103204,-1.54564667639275
"ENSG00000142657",0.43260560676642,7.91790433708067,3.25618190098798,0.00179682093729613,0.0394720986547956,-1.55934730606915
"ENSG00000168461",0.522523017870585,8.83360930585514,3.26655051007299,0.0017413334068458,0.0388203784576273,-1.56906885945366
"ENSG00000111640",0.332291475795291,10.3039898673859,3.26724335667944,0.00173768369095472,0.0388203784576273,-1.57279140873255
"ENSG00000156738",-0.791441832262375,5.29188756788797,-3.1748301732271,0.00229350727218518,0.0447850452289062,-1.57594431215037
"ENSG00000189241",-0.338382322169156,6.92462069998513,-3.23025315115691,0.00194294217488032,0.0411192299726022,-1.57769889031125
"ENSG00000178988",-0.425906351437488,6.61709817926483,-3.21874982613805,0.00201128128538845,0.0415055319802889,-1.58336711213282
"ENSG00000115816",-0.415736540985634,5.68167420339873,-3.17897784032806,0.00226534567234635,0.0443942561976364,-1.5948658094279
"ENSG00000117174",-0.514977238779379,5.08294569298608,-3.15808508570157,0.00241057169126456,0.0461249962806578,-1.6008849438166
"ENSG00000166925",0.302911528828,7.00478591622748,3.21892135317575,0.00201024590310816,0.0415055319802889,-1.60173048823058
"ENSG00000122644",-0.781642108082768,4.87800555760388,-3.14988874919899,0.00246989035994562,0.0464804439796974,-1.60680728670953
"ENSG00000165801",-0.626130580825269,5.00803202098965,-3.1522018814643,0.00245301276477673,0.0464804439796974,-1.60706796915499
"ENSG00000100083",-0.485810141570789,4.97723515309789,-3.14737313768526,0.0024883686909232,0.0464804439796974,-1.61694118120594
"ENSG00000148346",0.906155723498809,6.59906221408643,3.18596590377752,0.00221863033928452,0.0442693940108546,-1.62812793285568
"ENSG00000026751",0.730378315307879,5.14853773235301,3.14621005909502,0.00249695571383612,0.0464804439796974,-1.62996991253347
"ENSG00000178175",-0.726625877507376,4.96662780768136,-3.13996806607423,0.00254351619954639,0.0468144468078674,-1.63521201319763
"ENSG00000206596",-0.737268276431784,7.49195738073466,-3.22673114458464,0.00196363057994931,0.0411456130752455,-1.63707911722677
"ENSG00000112305",0.441908236651154,5.36925815958868,3.14467845233175,0.00250830589758279,0.0464804439796974,-1.6394438761583
"ENSG00000072422",0.735078998418293,6.60268354593478,3.18398938875622,0.00223175095079424,0.0442693940108546,-1.6399970521626
"ENSG00000155438",-0.39671124873499,5.41924386473468,-3.14822078287989,0.00248212793787934,0.0464804439796974,-1.65304108162219
"ENSG00000137497",-0.319869080055033,8.30761878625376,-3.22951239843225,0.00194727630927522,0.0411192299726022,-1.66524553919604
"ENSG00000145675",-0.301079677525879,7.42441952120593,-3.20748310233569,0.00208039727096583,0.0423864604799604,-1.67805653026515
"ENSG00000177469",-0.622786937735893,7.70534087842164,-3.21537569955139,0.00203175047301921,0.0417697229321082,-1.67869934830954
"ENSG00000120265",0.47487762878434,7.18563040417789,3.19001559351636,0.00219197304053915,0.0440659377301006,-1.68178759274039
"ENSG00000184557",0.850141297618149,4.78573973822554,3.10808342089616,0.002794288541469,0.0487511939469932,-1.6916080679731
"ENSG00000133789",-0.466506764697923,7.78688253421749,-3.21091888687744,0.0020590876352204,0.0421725918672208,-1.69368962934388
"ENSG00000170581",0.473793580683175,6.43975304426755,3.16194030785702,0.00238313434575402,0.0458774413981197,-1.71066288466532
"ENSG00000106266",-0.473475164449094,5.56770309904034,-3.11861338324781,0.00270902143978213,0.0482703270343477,-1.73955889978562
"ENSG00000127528",-0.397614711828346,7.33583398345835,-3.18318885828875,0.00223708574573968,0.0442693940108546,-1.74174956379457
"ENSG00000255363",1.0934106434504,4.63953426199723,3.07785155322187,0.00305323231702725,0.050898543354056,-1.75411674579425
"ENSG00000139842",-0.39522050529381,6.91296965696117,-3.16402945092905,0.00236838853096919,0.0457552507685111,-1.75580735210128
"ENSG00000107771",-0.324431960918481,6.69895746075265,-3.15429451315699,0.00243783711789137,0.0464382399240287,-1.75590328236724
"ENSG00000006638",0.855681400046509,4.83507215347231,3.08023542418789,0.00303202747181466,0.050898543354056,-1.75632182361928
"ENSG00000152102",-0.330188465366309,6.35215937491312,-3.14115145021491,0.00253462711756819,0.0468089780898695,-1.76064574345325
"ENSG00000116679",0.376211767024097,7.34030279490472,3.16573023237578,0.00235644704744098,0.0457552507685111,-1.76641601517422
"ENSG00000143110",0.451882893917059,7.04705210159196,3.15775611948998,0.00241292656754542,0.0461249962806578,-1.77721765603391
"ENSG00000146278",-0.36031625083538,8.87353718876775,-3.19418901233342,0.00216481574579717,0.0438337353103204,-1.7772548753483
"ENSG00000100425",-0.495727458155532,5.6079479549517,-3.1035021245983,0.00283216323913442,0.0487511939469932,-1.78539708619372
"ENSG00000178252",-0.613936962125416,4.81887713886991,-3.08034703746887,0.00303103803273928,0.050898543354056,-1.78704584674757
"ENSG00000149516",1.13586605941887,5.05149508298412,3.07383780063987,0.00308924807476623,0.050898543354056,-1.79702595866863
"ENSG00000287080",0.835972394335811,6.01835593574069,3.1061354475328,0.00281033471364032,0.0487511939469932,-1.79741628981117
"ENSG00000129460",-0.509331950716871,4.94359615298379,-3.07778156015849,0.00305385700055928,0.050898543354056,-1.79804944531041
"ENSG00000140464",0.456382636879145,6.44648637158825,3.12800758761786,0.00263501018523857,0.0474940098621062,-1.80002673626804
"ENSG00000138443",0.648550423072436,6.10184246746258,3.10296190020191,0.00283666088127695,0.0487511939469932,-1.80587070009488
"ENSG00000157933",-0.378435234855789,6.64398601766254,-3.12947364243851,0.00262363204860339,0.047487178438252,-1.81435851836636
"ENSG00000140995",-0.46525985155292,5.20994271314698,-3.07571663915334,0.00307234002971842,0.050898543354056,-1.82009821158845
"ENSG00000135272",-0.417720531710578,5.91252054166984,-3.10434891815603,0.00282512665624927,0.0487511939469932,-1.82215764403863
"ENSG00000102780",0.594489109374456,5.33753923265773,3.06323202562678,0.00318633080262771,0.0516056046127494,-1.8357677744152
"ENSG00000119522",0.343725547732861,6.22016955659327,3.10374495426106,0.00283014372999203,0.0487511939469932,-1.83810903185027
"ENSG00000100353",-0.293390662667933,8.15525993389755,-3.16420070670015,0.00236718355277648,0.0457552507685111,-1.83821457713198
"ENSG00000025708",0.450755796909619,7.64930100928128,3.15071149097577,0.00246387486906625,0.0464804439796974,-1.83833003471443
"ENSG00000136573",-0.79449782572175,4.73754240260658,-3.05556846921158,0.00325824357630787,0.0522085617756625,-1.84176542756026
"ENSG00000112182",-0.825483167264528,5.36139088733524,-3.0754517325459,0.00307471873782152,0.050898543354056,-1.84701073984006
"ENSG00000170296",0.353991142578499,6.47461944655618,3.10748163365735,0.00279923652305602,0.0487511939469932,-1.84999124097415
"ENSG00000167984",-0.513667003036175,5.54952661168115,-3.07667752602709,0.00306372622241231,0.050898543354056,-1.86156975141323
"ENSG00000129071",-0.368106322417467,5.70743001755944,-3.07710563569335,0.00305989572188244,0.050898543354056,-1.86485312404151
"ENSG00000080815",0.386245176243923,6.8254028558058,3.1117377876873,0.00276441687065965,0.0487511939469932,-1.86589885013716
"ENSG00000084093",-0.302429183308266,7.23568523237504,-3.13207482174311,0.00260355716094606,0.0474387271332245,-1.8671191402584
"ENSG00000186470",0.469294018570939,7.44828699541703,3.13242397872269,0.00260087346697227,0.0474387271332245,-1.86719536078653
"ENSG00000034053",-0.502021686888536,5.430785768596,-3.06260088083907,0.00319219690794724,0.0516056046127494,-1.87034728048347
"ENSG00000070540",0.539658238558937,6.04945676731454,3.07196749371252,0.00310616552543611,0.050898543354056,-1.88136404891085
"ENSG00000172575",-0.602415091335455,5.23245466069183,-3.05346913959228,0.00327820548205947,0.0523743796664517,-1.88944162866985
"ENSG00000126822",-0.471533477538475,5.88130423169847,-3.07039763691891,0.00312043198976775,0.050898543354056,-1.89955198212334
"ENSG00000023902",0.310025752478456,8.68599544720115,3.14483118459011,0.00250717189030611,0.0464804439796974,-1.90213730203842
"ENSG00000244041",0.978245974364658,4.58235482530393,3.01315747488905,0.00368432552681268,0.0556016772024251,-1.91309188284393
"ENSG00000145741",-0.303880413547466,8.44758222396005,-3.13786669685174,0.00255937272604004,0.0469476855604921,-1.91784407938739
"ENSG00000149532",-0.366424373730966,5.57547127586311,-3.05002373794992,0.0033112139990474,0.0527470580900884,-1.9219533987658
"ENSG00000196531",-0.316360900746997,10.7310475543851,-3.12947143115758,0.00262364917582853,0.047487178438252,-1.9317203865985
"ENSG00000059728",0.429790590583565,7.84528166464084,3.11833815639124,0.00271121880919794,0.0482703270343477,-1.93489607128485
"ENSG00000112062",0.408869966570112,7.0653929242081,3.09417729431042,0.00291073993739588,0.049867016285952,-1.9349071830057
"ENSG00000110851",-0.387986165577495,5.67869522290066,-3.04683799616791,0.00334201018990974,0.0529281148681054,-1.93671630947362
"ENSG00000023318",0.437831435769821,5.54311333122748,3.0344101892997,0.00346471728973639,0.0542407465358731,-1.93805895092089
"ENSG00000148516",-0.619152597311333,8.09431681764651,-3.12549158692434,0.00265464463323919,0.047574026190418,-1.93862189723338
"ENSG00000137478",-0.303435527812953,7.32581142480586,-3.10726027086322,0.00280105865849976,0.0487511939469932,-1.93870544918634
"ENSG00000203747",0.475393299428448,7.50352817783156,3.11080199941794,0.00277203767413829,0.0487511939469932,-1.94099540930671
"ENSG00000196628",-0.408035946366607,6.51039991483114,-3.07778279059978,0.00305384601792111,0.050898543354056,-1.94205264131938
"ENSG00000131747",0.609050823647252,5.30314675737554,3.02004492472239,0.00361177643022768,0.0551141769255582,-1.94946790474922
"ENSG00000197860",-0.408103140482007,5.47996123744609,-3.03127093534475,0.00349636999491071,0.054563161681141,-1.95021430892296
"ENSG00000116191",-0.595848026066739,6.30900469432699,-3.07135275788341,0.00311174482711818,0.050898543354056,-1.95180841664876
"ENSG00000182117",0.458497505455913,5.33103414704667,3.0222702086076,0.0035886219493485,0.054918012303513,-1.95777154129242
"ENSG00000145287",0.420031587213364,9.03717714152642,3.12717890944162,0.00264146200224269,0.0474940098621062,-1.95881682522564
"ENSG00000136715",-0.340200297161061,5.26724443388672,-3.0095296840359,0.00372308177511995,0.055876995897668,-1.98793055061047
"ENSG00000070961",-0.592996132566237,5.2611454450805,-3.00641240246591,0.00375668670450099,0.0560724086743051,-1.99527747266742
"ENSG00000158717",-0.437006234158861,5.50647838426351,-3.01754224003319,0.00363798336843365,0.0552081710062021,-1.99904156040731
"ENSG00000132613",0.787796944060247,5.07593052919369,2.98779414138635,0.0039633389830101,0.058043738654406,-2.00296772661098
"ENSG00000006062",-0.560107631362245,5.27589440652831,-3.00828254515438,0.00373649249528897,0.0559242063580613,-2.00303923485952
"ENSG00000063046",-0.333109615560881,9.49037062995095,-3.1094804112799,0.00278283377214083,0.0487511939469932,-2.00893551096281
"ENSG00000039523",-0.37617673538339,6.83890823728195,-3.06563053747154,0.00316412965759428,0.0514572488793242,-2.009168376542
"ENSG00000087053",0.514554793987273,6.14482188129766,3.02557463545089,0.00355449354703593,0.0547030532323496,-2.01248777114747
"ENSG00000116852",-0.365695847623522,7.06605746508087,-3.07240257090728,0.00310222243438119,0.050898543354056,-2.01655669194491
"ENSG00000125743",-0.495854140281972,5.93025728337873,-3.02841760250333,0.00352537314826755,0.054563161681141,-2.02207484264746
"ENSG00000148834",0.329034482951989,6.53985267443361,3.04005676888537,0.00340845417930916,0.053513712878606,-2.02457332803444
"ENSG00000198026",-0.446926134763758,5.20490505331273,-2.99578669331234,0.00387336489545615,0.057305500186795,-2.02547199742726
"ENSG00000163221",0.882217180441446,6.23096140741323,3.02382428467745,0.00357253351089899,0.0548258100489512,-2.03216971093245
"ENSG00000198707",-0.401778100772776,5.48416998879998,-2.9950682075127,0.00388137473732147,0.057305500186795,-2.03921543248444
"ENSG00000167261",-0.640605933269505,5.02119334015031,-2.97994553634036,0.00405357882333925,0.05858780465245,-2.04024203297512
"ENSG00000118193",0.573712182640143,4.92182817334619,2.968907288582,0.00418372361742296,0.0590490317816588,-2.04170402139426
"ENSG00000143093",-0.427544687313011,4.98074690066162,-2.97880810656037,0.00406681368324997,0.05858780465245,-2.04535680363526
"ENSG00000157554",-0.641820905998912,7.65808801867504,-3.07377938843184,0.00308977512667555,0.050898543354056,-2.05229231842083
"ENSG00000132535",0.730164406754809,5.40158666519783,2.97726966188109,0.00408477850290503,0.05858780465245,-2.05644139533837
"ENSG00000070081",0.467976794041681,6.30374201595578,3.01409006897726,0.00367442329356775,0.0556016772024251,-2.06437422456851
"ENSG00000102897",0.528507558007601,5.13249038637525,2.96718406035042,0.00420438765331057,0.0591873486698604,-2.06497322210012
"ENSG00000186350",-0.354809524244733,7.24370243412978,-3.05684145623581,0.00324619435949275,0.0521689288215826,-2.066293698082
"ENSG00000117226",0.570477553046854,5.63158788229018,2.99191213015785,0.00391674205795421,0.0575977401893819,-2.06963024629316
"ENSG00000069493",-0.524386604915829,5.33785865045842,-2.9833213090798,0.00401453428966149,0.0584790984226626,-2.06984632428222
"ENSG00000156515",0.398639593547424,8.87707796824503,3.07259436671637,0.00310048567825165,0.050898543354056,-2.09757610769328
"ENSG00000197249",0.499532789485466,7.82493494517738,3.05693356794177,0.0032453241070731,0.0521689288215826,-2.09758035130327
"ENSG00000167778",-0.432357921729067,5.96519024259577,-2.9983833059498,0.00384454518185379,0.0572270004118564,-2.09904488753599
"ENSG00000183530",-0.352992260500638,6.85941599584981,-3.03018186700285,0.00350741368972807,0.054563161681141,-2.09977369192097
"ENSG00000229344",1.48154904371016,5.20932912753587,2.95001178887093,0.00441554600148212,0.060747208626451,-2.11439009939426
"ENSG00000138764",-0.455431502992609,5.7454977432671,-2.98213131345047,0.00402825786289913,0.0585225302321986,-2.11711937317619
"ENSG00000132530",0.596774486586111,6.83957750644964,3.01909783757047,0.00362167315333147,0.0551141769255582,-2.11804752831904
"ENSG00000242262",-0.444734701434956,5.52143024235635,-2.96897642068692,0.00418289659197301,0.0590490317816588,-2.12057322404153
"ENSG00000196247",-0.552719710730514,5.23812514405769,-2.9571317307896,0.00432682967539147,0.0601382804481563,-2.12381748705501
"ENSG00000082512",-0.639795120098923,4.73583916897113,-2.93993499108394,0.00454399084122516,0.0615329721165388,-2.12924251389678
"ENSG00000165943",-0.513545429488114,4.8543334816259,-2.94115186253767,0.00452829807480878,0.0615216157395468,-2.1312326338498
"ENSG00000103479",-0.263692626471102,7.70023077450154,-3.04152028570778,0.00339401103907127,0.0534768140915949,-2.13855604054428
"ENSG00000134352",0.489166189442104,7.60237484826767,3.02914422978764,0.00351796604981631,0.054563161681141,-2.14042641416457
"ENSG00000156650",-0.397373986277517,7.21602112394931,-3.0265810153529,0.0035441597333494,0.0546985332217776,-2.14839944347794
"ENSG00000127334",-0.443586292980786,5.97347350466253,-2.97808061596877,0.00407529961703543,0.05858780465245,-2.15813081796166
"ENSG00000173511",-0.445688501928191,5.64950314163201,-2.95621419212353,0.00433816890898043,0.0601382804481563,-2.16719861809531
"ENSG00000204525",0.471534591970556,9.87447194698598,3.04688600911458,0.00334154408025991,0.0529281148681054,-2.17457847019527
"ENSG00000196923",0.572265469209199,6.14132285676278,2.95946093531859,0.0042981679906863,0.0600421005468179,-2.17555648567438
"ENSG00000115085",-0.581354111671905,5.5630006145159,-2.95325414038542,0.00437493833020123,0.0603409215770539,-2.17569061059387
"ENSG00000196663",0.455864425936055,6.2960850574504,2.96977103873132,0.00417340148771914,0.0590490317816588,-2.17689154573409
"ENSG00000127838",0.638715250030654,6.07005552137506,2.954983111977,0.0043534262910038,0.0601966153131693,-2.17990257284688
"ENSG00000071054",-0.274214073736564,8.92834735784419,-3.04128916543778,0.00339628811962038,0.0534768140915949,-2.18537048298521
"ENSG00000198736",0.600695819095241,5.8231086782264,2.94790380975285,0.00444213380741735,0.0609304726716026,-2.18937738806471
"ENSG00000126351",-0.43940874951732,5.60202616713649,-2.93933683213071,0.00455172315766614,0.0615329721165388,-2.19360854257158
"ENSG00000160856",-0.695776755584739,5.1614036611006,-2.92113341630202,0.00479294942435367,0.0633786127764049,-2.20724818695398
"ENSG00000139697",-0.268682442501243,7.10910377611495,-2.99526601874344,0.00387916795877301,0.057305500186795,-2.20898177957341
"ENSG00000100504",0.595113587267684,7.32194792003432,2.9914174050729,0.00392231307089954,0.0575977401893819,-2.21472591324568
"ENSG00000107164",-0.344411454021112,5.90658240913327,-2.94664635715919,0.00445806457796666,0.0609304726716026,-2.21831993395812
"ENSG00000154114",-0.747472080358327,4.93745448660789,-2.90477093306381,0.00501982737101914,0.0657404315320006,-2.22544148257741
"ENSG00000159496",0.909984728797913,4.82690479792119,2.88974906476846,0.00523682354433852,0.0669723349050617,-2.23655500611811
"ENSG00000165244",0.646312324059242,4.95740108755942,2.88856500742381,0.00525429114847237,0.0670383563861299,-2.23758595996471
"ENSG00000103569",0.636875849448073,5.84152785135052,2.92895272470576,0.00468791520200474,0.0626692094381858,-2.23847635771044
"ENSG00000173083",0.989517408610935,5.00766603620125,2.88446281367598,0.00531522535937197,0.0673426692043221,-2.24120424757228
"ENSG00000178971",-0.554876946147904,4.87239286207266,-2.89560453475459,0.00515122808918841,0.0663448951061429,-2.24283546210033
"ENSG00000049245",0.390193823576514,8.42764796324212,3.00993438727097,0.00371873955382116,0.055876995897668,-2.24720117809753
"ENSG00000105967",-0.493526726977735,5.70809922206166,-2.92604986798984,0.00472665699593617,0.062884386717598,-2.24943672630697
"ENSG00000196323",-0.302720475822272,6.83539793484816,-2.96511712942736,0.00422929812153147,0.0593845777476893,-2.26647606613117
"ENSG00000075420",0.387847143816181,7.58968422214431,2.98548355781058,0.00398970932892136,0.0582732879999024,-2.26928500723698
"ENSG00000206588",-0.703191959343647,6.03777369989596,-2.93665159626426,0.00458658528995335,0.0618507838110541,-2.26994345336455
"ENSG00000170100",0.480501612839297,5.45510383207137,2.89613226523195,0.00514357759456202,0.0663448951061429,-2.27218164360302
"ENSG00000005381",0.952687911100302,4.91959778572832,2.87126693238428,0.0055156938453999,0.0687631580543219,-2.28077328925506
"ENSG00000174456",0.769797445383327,5.58436320948736,2.89152223885544,0.00521076544973324,0.0669534202126101,-2.28160064428364
"ENSG00000010818",-0.310632072091158,7.33115626351389,-2.97472661256281,0.00411463600515961,0.0588360550029122,-2.28632169841582
"ENSG00000198604",0.269558122269872,7.85197577757799,2.97712078494466,0.00408652088251303,0.05858780465245,-2.30809168055434
"ENSG00000198722",0.612722683698737,5.44575659088522,2.87628806749953,0.00543860508004821,0.0681855292746665,-2.31183477379647
"ENSG00000158470",0.64406791121345,5.08696428964407,2.85827327574106,0.00571989124353848,0.0697299165796386,-2.33206463799976
"ENSG00000104419",-0.392527698273385,6.5030539265674,-2.92554681472662,0.00473340085966729,0.062884386717598,-2.33577496790828
"ENSG00000112977",0.636255131600975,8.44179049373577,2.97315147080458,0.00413323095726255,0.0589472310344669,-2.33589857944074
"ENSG00000116824",-0.660527308400106,4.33895784759209,-2.84152947903639,0.00599330871111442,0.0722379333144942,-2.3363839566838
"ENSG00000077458",-0.425988264743874,5.10185776172919,-2.86018205185354,0.00568946368072209,0.0697299165796386,-2.3460986088242
"ENSG00000086065",0.392471615251313,6.53454897494949,2.91143348464963,0.00492627280149641,0.064826894257373,-2.35111388694734
"ENSG00000067225",0.552748903932555,10.7252648215624,2.97220954557674,0.00414438786912598,0.0589520237885073,-2.35609012089314
"ENSG00000130726",-0.343013621794338,6.92697476856027,-2.93065399802618,0.00466534676177255,0.0626029782220119,-2.36881410047249
"ENSG00000104880",-0.385942762053983,7.41887624982521,-2.94630337919332,0.00446241897870217,0.0609304726716026,-2.37299976630256
"ENSG00000198833",0.311594373856444,8.315413427291,2.9566445327809,0.00433284719492986,0.0601382804481563,-2.38125635047049
"ENSG00000025039",0.633425454313888,5.30512287200439,2.84554258457012,0.00592670040201289,0.0715934895569096,-2.38233875078325
"ENSG00000120708",-0.607585397966002,5.79213180942582,-2.87591298114105,0.00544432915464023,0.0681855292746665,-2.3855515171408
"ENSG00000204628",-0.361581683139592,10.1375052089777,-2.96177844015949,0.00426982516724297,0.059799505170025,-2.38695892172439
"ENSG00000198168",0.602130171643363,6.75802481925151,2.900783922623,0.00507659565763193,0.0660078595293049,-2.39170581871643
"ENSG00000177663",0.459361825522154,5.92680193824394,2.86756948303899,0.00557310392496485,0.0693202515598367,-2.39329694125195
"ENSG00000144218",-0.722801122537136,5.42242429971744,-2.85818937445335,0.00572123214227211,0.0697299165796386,-2.39590957116662
"ENSG00000121060",0.373464159070338,6.27017798531461,2.88570675169415,0.0052966792010689,0.0672641218821058,-2.39703466337516
"ENSG00000078177",-0.426417519165478,4.96904329085881,-2.82648639628778,0.00624917747028037,0.0741226158662641,-2.4139330765896
"ENSG00000136490",-0.306307176545878,7.42632623361533,-2.92854876496424,0.00469328881255136,0.0626692094381858,-2.41558048359613
"ENSG00000145907",-0.262474186495449,7.3876926285638,-2.92475518571285,0.0047440313768232,0.062884386717598,-2.41896148045744
"ENSG00000233762",-0.412886213959766,5.25253478375219,-2.83533819958964,0.00609742430103511,0.0730082804220643,-2.42206224630777
"ENSG00000077684",-0.398321110990475,5.99909360375248,-2.8661961461539,0.00559456778252728,0.0694181418117397,-2.42913700011719
"ENSG00000146416",0.737094118669068,5.28385357256528,2.8181415338689,0.00639541781583769,0.0752183522098925,-2.43112644802437
"ENSG00000231607",0.490473057068487,5.44916691817498,2.82773735439772,0.00622752230972326,0.0740776016230836,-2.43415989153567
"ENSG00000116991",0.491344708290115,5.0904570921678,2.81752975402471,0.00640626200906573,0.0752183522098925,-2.43885854903957
"ENSG00000215021",-0.35566493707078,6.87536985564465,-2.90166541013753,0.00506399388032664,0.0660078595293049,-2.44167445962322
"ENSG00000101161",-0.317745687001608,7.17702564813893,-2.90969931268788,0.00495046722299373,0.0649883022430599,-2.44318630800497
"ENSG00000135426",-0.554574818695384,5.38333091915508,-2.82828110851423,0.00621813102814995,0.0740776016230836,-2.44462246830345
"ENSG00000104529",-0.34487017625116,9.49284241185513,-2.94308974220656,0.0045034108461644,0.0613364557247591,-2.44486184801433
"ENSG00000143543",0.579941168440461,4.88886225423294,2.80256231052123,0.00667689960135782,0.0774297935284665,-2.44894320210192
"ENSG00000110367",-0.217339796369235,8.58245850796249,-2.93466397623688,0.00461254952007329,0.0620473328033562,-2.45541167782282
"ENSG00000184357",0.860364116966378,6.98101390476448,2.88645412080104,0.00528556527889089,0.0672641218821058,-2.45595531489918
"ENSG00000167244",-0.929124016739215,6.2226642355129,-2.86455736522612,0.00562028010777381,0.0694314875899132,-2.46027944908323
"ENSG00000185129",-0.305683900561901,6.68150691229793,-2.87943320629413,0.00539082637169071,0.0678273027089399,-2.46381980928794
"ENSG00000167232",-0.422380789138066,7.083095303553,-2.89037244507576,0.0052276488151218,0.0669723349050617,-2.48311866214052
"ENSG00000169442",-0.451983607918302,7.57685247599352,-2.90150890604395,0.00506622915401085,0.0660078595293049,-2.49747577728451
"ENSG00000140374",0.498258336460438,7.14686713264226,2.87312119834019,0.0054871088178963,0.0685636899997684,-2.50037964687067
"ENSG00000141293",-0.529383901749551,5.88076675234732,-2.83317496411909,0.0061341935034182,0.0732874697513648,-2.50670511467106
"ENSG00000134954",-0.374714005178246,9.28523293876095,-2.9170698605544,0.00484839024176465,0.0639564891940286,-2.51187781297344
"ENSG00000186812",-0.388781980061504,4.87716235278626,-2.78127924728647,0.00707986855855564,0.0801894467921229,-2.51191739495187
"ENSG00000060558",0.467421170716056,5.47390877849362,2.79188660624891,0.00687631792312341,0.0782672539053017,-2.51992953028198
"ENSG00000166046",-0.656274528507268,6.74730621485744,-2.86238810760855,0.00565448332563078,0.0696959845204446,-2.52015788082798
"ENSG00000162817",-0.584001795787564,7.9161024776528,-2.89938969128265,0.00509658686655262,0.0661100124975683,-2.52020938042902
"ENSG00000085265",0.577523485015337,7.40960656980641,2.88170789782436,0.00535651283017185,0.0675515784693895,-2.52423451454646
"ENSG00000080839",0.401142487487185,5.72882117395471,2.80240044448313,0.00667988306871866,0.0774297935284665,-2.53478950572188
"ENSG00000136929",-0.793861118120788,8.21739122557008,-2.89568611852534,0.00515004468432335,0.0663448951061429,-2.53792671348782
"ENSG00000197324",0.430667453605511,6.66716935999646,2.83685566186184,0.00607175283312483,0.072861033997498,-2.55022241404042
"ENSG00000095015",-0.36142265786291,7.72716267982973,-2.88212898620778,0.00535018292275362,0.0675515784693895,-2.55179088034402
"ENSG00000122741",-0.454701803410227,4.78908272982309,-2.76003646273812,0.00750424359343977,0.0830527958818831,-2.55565444213031
"ENSG00000181220",-0.364619275479622,5.30906542197252,-2.77922252414227,0.007119971229496,0.0803097375948121,-2.55582490939849
"ENSG00000109436",-0.497129422244798,6.03589304003791,-2.81835628377249,0.00639161524384048,0.0752183522098925,-2.55877672515879
"ENSG00000166523",0.789622817314068,5.05069768287406,2.75967274068574,0.00751170889802112,0.0830527958818831,-2.5598931635542
"ENSG00000042493",-0.480840975875013,5.84136519763256,-2.80086282510902,0.0067082852254848,0.0775643044765009,-2.56420881579526
"ENSG00000111144",0.422620835118691,7.46303390122491,2.86543746738966,0.00560645785557369,0.0694181418117397,-2.57009625896652
"ENSG00000113657",-0.69481921851983,5.05259252505081,-2.76521713695264,0.00739864791677716,0.0824291080789406,-2.57193741460274
"ENSG00000149925",0.442272698955023,7.44395904826219,2.85554648428502,0.00576361920104334,0.0700897263555449,-2.57431717059994
"ENSG00000106070",0.408663233800181,6.13832296671147,2.79917658858718,0.00673956022076969,0.0775643044765009,-2.57820386695919
"ENSG00000165733",-0.349187183189787,6.11877136867005,-2.8093659225412,0.00655260034935023,0.0766063663160087,-2.57896378018244
"ENSG00000140750",-0.292499991811371,7.2921943921903,-2.85885471394,0.00571060674389552,0.0697299165796386,-2.57910598522013
"ENSG00000163694",0.451037116847527,6.20032726256168,2.80725233995016,0.00659098479219512,0.0768901180896767,-2.58113328968915
"ENSG00000133627",0.745307778572347,4.99301377115442,2.74221993177432,0.00787803212961354,0.0851577758772512,-2.58615571007555
"ENSG00000227507",-0.653515810266908,7.1392169578182,-2.84913791840326,0.00586760650252454,0.0710371560572305,-2.59788082623389
"ENSG00000146776",-0.335991379451772,5.07287133144248,-2.74625863821616,0.00779183509714575,0.084730374469561,-2.6054143510827
"ENSG00000076555",-0.566240283708287,4.73558899635218,-2.73388899985072,0.00805860370046608,0.0857485800002719,-2.61269619873561
"ENSG00000183597",0.436477942450014,6.29627660478066,2.78950245715589,0.00692159437850286,0.0785600961960075,-2.61982404542803
"ENSG00000154814",-0.375054832986484,5.32577299623145,-2.7486298812739,0.00774162996367925,0.0845218437717927,-2.62523357976336
"ENSG00000189266",-0.310222300379064,7.23125986119662,-2.83694336796048,0.00607027212601333,0.072861033997498,-2.62646118387627
"ENSG00000120910",-0.408788037327911,5.36088044598738,-2.7502191638872,0.0077081470697028,0.0843252715577125,-2.63228957618389
"ENSG00000092853",0.706197600804623,4.82057739795964,2.71837715960938,0.00840495549812894,0.0882277409514575,-2.6362554250257
"ENSG00000116903",-0.369454303370148,5.25383706168746,-2.74452493712047,0.00782873056350887,0.0849620002191162,-2.63750985653482
"ENSG00000168036",-0.303936264989886,6.80889085500731,-2.81456997257448,0.00645896548709791,0.0756740730617407,-2.64205246290408
"ENSG00000048405",-0.333725157521234,5.58791370449747,-2.75565016758476,0.00759472675874521,0.08358802299322,-2.6439916679423
"ENSG00000136213",0.533430640050735,4.96175640732697,2.71482141433675,0.0084862444981182,0.0885690805090956,-2.64402266738457
"ENSG00000196182",0.322434635450028,8.18910755934854,2.84914042716045,0.00586756545828384,0.0710371560572305,-2.64645327511012
"ENSG00000105402",0.445620443517894,6.93560753942255,2.80550708902912,0.00662283583889208,0.0770966018168462,-2.64754450782421
"ENSG00000104964",-0.275276727500904,8.65755114138743,-2.85887716512944,0.00571024851865348,0.0697299165796386,-2.6510392290052
"ENSG00000168309",-0.64639817078477,7.23230335803554,-2.82594808131577,0.00625851749237913,0.0741226158662641,-2.65671303768701
"ENSG00000066117",-0.353251758814021,5.46949603059787,-2.74148650377793,0.00789377893169551,0.0851590249898557,-2.66467127859052
"ENSG00000082146",-0.633322193129376,6.6741393262372,-2.79956230907765,0.00673239437419102,0.0775643044765009,-2.66643028463312
"ENSG00000121058",-0.472076476494339,4.6605921445377,-2.70628435566126,0.00868435770081142,0.0890072398906006,-2.66820794193639
"ENSG00000142765",-0.546180214158341,4.64072183708689,-2.70597554275959,0.00869160272059463,0.0890072398906006,-2.67403005656704
"ENSG00000097021",0.799951527325226,4.7460703589258,2.68999636379385,0.00907411562827483,0.0910419556958403,-2.67667724889296
"ENSG00000156411",0.264431820568996,7.70351978991519,2.82168521225566,0.00633293557444085,0.0748412863547804,-2.68919827751794
"ENSG00000184384",-0.391316196095581,6.16829344879938,-2.76402146686217,0.00742289703960495,0.0825304960648322,-2.69609586148156
"ENSG00000134107",-0.370878287550852,6.26347346984956,-2.76770695099042,0.00734838569992087,0.0822053496779649,-2.6994374206798
"ENSG00000110092",-0.536488182239122,6.92876428109554,-2.79589423021281,0.00680082368248696,0.077674816398719,-2.70343689435182
"ENSG00000088826",0.756085273375403,7.30265767556343,2.79161685038515,0.00688142705958875,0.0782672539053017,-2.70936935885767
"ENSG00000198492",-0.293499707426351,6.08923781254116,-2.75150773587106,0.00768109705526225,0.0843252715577125,-2.7100459262731
"ENSG00000140830",0.683935989142937,5.33321656053132,2.70608508508105,0.00868903212999219,0.0890072398906006,-2.71458355690779
"ENSG00000123136",-0.457389979757745,5.10353580348622,-2.70493450065492,0.00871606721391809,0.0890903080326937,-2.71728076408188
"ENSG00000139651",-0.481057797656868,5.22455855068485,-2.71057149973169,0.0085843464413601,0.0890072398906006,-2.71728487943273
"ENSG00000180329",-0.417803593519956,4.85951506865967,-2.69356757435517,0.00898731667232422,0.0906720393163377,-2.72175801275076
"ENSG00000038382",-0.271178962365133,7.28846450662307,-2.7981781920689,0.00675814083887247,0.0775643044765009,-2.72458141073474
"ENSG00000105879",-0.347843772616303,5.8211102689683,-2.73281577137851,0.00808213941038012,0.0858313752587737,-2.72869084531604
"ENSG00000101350",-0.424413033192137,6.41864876919196,-2.75948293763743,0.00751560726317334,0.0830527958818831,-2.73225648815522
"ENSG00000166963",0.878631341595823,7.7733928556784,2.79789640429868,0.00676339355577555,0.0775643044765009,-2.73276210852988
"ENSG00000143226",0.487680533779424,6.36660970839404,2.74356649062018,0.00784919624730699,0.0850147537879294,-2.737882910594
"ENSG00000166091",0.782340532175361,5.71614263436247,2.70343693086914,0.00875137054974985,0.0892836456086839,-2.74400494680381
"ENSG00000073331",0.498750887845485,5.01676161756688,2.67734974234806,0.0093876867675433,0.0927560535869262,-2.74779794121382
"ENSG00000169129",0.680214738905859,4.81063565610565,2.66408981758794,0.00972705858704406,0.0936272353042686,-2.75244077122721
"ENSG00000145916",0.388392424629321,4.94065731965536,2.67313998083178,0.00949424138706696,0.0927560535869262,-2.75573415349329
"ENSG00000167995",0.493169673017412,6.47361952676564,2.74041097979173,0.00791692274985407,0.0852399113462549,-2.75654277514262
"ENSG00000177697",1.01449272684238,6.01868116135915,2.70629526140997,0.00868410194342479,0.0890072398906006,-2.7646501814785
"ENSG00000177606",-0.508293640316987,5.11195066864244,-2.68066835536643,0.00930445889326908,0.0925054759834478,-2.76879141555923
"ENSG00000110711",-0.338478062400125,5.92576072516804,-2.72132175889046,0.00833817814660336,0.0876957423604152,-2.77145040859344
"ENSG00000105866",-0.512449520367888,4.89797095914984,-2.67243537955504,0.00951218320898456,0.0927560535869262,-2.7735937574183
"ENSG00000273983",0.818330096252565,4.8580724037196,2.65535537197375,0.00995667911630727,0.0948321465483252,-2.77450039792141
"ENSG00000069667",-0.536385967019121,5.71387193777493,-2.70983792536498,0.00860138434207357,0.0890072398906006,-2.77777797216402
"ENSG00000169410",-0.487207726191822,4.80502478956102,-2.66571840987465,0.00968478233697228,0.0933852994191593,-2.77961303679964
"ENSG00000185305",0.62784528711134,5.39530608293801,2.66956971015283,0.00958547323227596,0.0927560535869262,-2.78936208115001
"ENSG00000198718",0.384949744020868,5.09974345418449,2.66136952076811,0.00979804960492435,0.0939784757880772,-2.79001187425612
"ENSG00000089248",-0.292464402382584,7.63040718560691,-2.78034071707004,0.00709814252423519,0.0802296275353388,-2.79845669245106
"ENSG00000119280",0.597824901225954,6.63935468190085,2.72535490138562,0.00824750285591282,0.087247370017501,-2.80226029359619
"ENSG00000105953",-0.27658361217041,7.08343802117159,-2.75658079732395,0.00757544594069359,0.0835445940989852,-2.80463778809532
"ENSG00000112282",-0.397294804950594,4.99751781736841,-2.65620613742997,0.00993409804214292,0.0947827778171535,-2.81042118615346
"ENSG00000159840",0.34139303978864,9.68102472184131,2.7971721919456,0.00677691059669869,0.0775643044765009,-2.81287669991053
"ENSG00000163631",-1.33543985205223,4.76269249931697,-2.64589432809473,0.010210966219628,0.0954191148619781,-2.8146984383309
"ENSG00000088179",-0.361503313456138,6.66660573127256,-2.7340154932234,0.00805583386284366,0.0857485800002719,-2.81626515339437
"ENSG00000089220",-0.448431721456638,5.48861229145486,-2.67887952220633,0.00934923718533484,0.0927560535869262,-2.81737813226466
"ENSG00000177410",-0.344499425204331,5.80262486730085,-2.69181769216523,0.00902975266482985,0.090931779146013,-2.81888697381368
"ENSG00000286522",0.746794012337929,6.49854497376915,2.71243176690941,0.00854127842786163,0.0889730112332508,-2.82210996806093
"ENSG00000156599",0.367843800898934,5.46023456076032,2.66993683521286,0.00957605525712863,0.0927560535869262,-2.82234774284205
"ENSG00000265148",0.578219636531268,6.17966818062207,2.69366900368229,0.00898486252875999,0.0906720393163377,-2.82985102891468
"ENSG00000146830",-0.376462624258886,5.8216533414271,-2.69015520980419,0.00907023863034454,0.0910419556958403,-2.83879677541546
"ENSG00000116288",0.367948160516969,7.5185902879257,2.75038672141116,0.00770462472801446,0.0843252715577125,-2.84239836844753
"ENSG00000137656",-0.491490363800222,5.05812542813742,-2.64694632060287,0.0101824020638578,0.0953156811750814,-2.84633091268504
"ENSG00000124635",0.5332784706611,7.54759844380969,2.74666621910989,0.00778318440606312,0.084730374469561,-2.84737433815589
"ENSG00000104824",-0.228377890876729,6.96938345834015,-2.73421383710217,0.00805149246342885,0.0857485800002719,-2.84932364019878
"ENSG00000165233",0.683890957439839,6.44733659799293,2.69490156106796,0.00895508895099292,0.0906720393163377,-2.85144455829828
"ENSG00000169946",0.733660341956738,6.34040681945433,2.68922700590425,0.00909291498622685,0.0910628692003013,-2.85162741219425
"ENSG00000175792",-0.414830867473364,5.1601968359257,-2.64922917378715,0.0101206672328914,0.0951075805393421,-2.85460349589288
"ENSG00000124383",-0.360699695183817,5.70026418559855,-2.67387176341642,0.00947564011947596,0.0927560535869262,-2.85622145568319
"ENSG00000099622",-0.379421548683144,6.72602769446784,-2.72219421634747,0.0083184860931775,0.0876578573223037,-2.8563910025268
"ENSG00000183508",-0.686800725479168,9.89511018335894,-2.77709119509791,0.00716174863469354,0.0806140631442363,-2.85641281659679
"ENSG00000177156",0.325419186599204,9.06844173628958,2.77340154975991,0.00723460406552092,0.0812662328844494,-2.8664091572055
"ENSG00000123144",-0.266068006191718,8.31499507188811,-2.76628545726374,0.00737704306714458,0.0823568250610731,-2.86700193375223
"ENSG00000116701",0.347469332243442,8.90804116248658,2.7683273541543,0.00733591040833592,0.0822053496779649,-2.87842920346214
"ENSG00000140853",0.354217096403104,6.96090696711928,2.71702729303189,0.00843573094295193,0.0882358695358083,-2.88374905084653
"ENSG00000072818",-0.370443497280266,6.15367604830573,-2.68418307506454,0.00921704778555224,0.0919679053767191,-2.88438465978893
"ENSG00000139132",0.382763661520751,7.31450142661161,2.72396895154604,0.00827856022480922,0.087406194001474,-2.88605642195019
"ENSG00000115504",0.417603446815618,6.69507279592196,2.69703311384331,0.0089038119827029,0.0906690984705895,-2.88830859947162
"ENSG00000136807",-0.313258530670214,6.01004906692837,-2.67286344516498,0.00950127934983318,0.0927560535869262,-2.89092525768767
"ENSG00000105993",0.388110809523078,7.79934437001219,2.7368249581338,0.00799453907759709,0.0855682689484263,-2.89164126069871
"ENSG00000009844",0.39071305909444,5.7313208577007,2.64930886471434,0.0101185183363191,0.0951075805393421,-2.89189297823643
"ENSG00000101367",0.229699417025882,7.69723926354379,2.73733852388202,0.0079833807858952,0.0855682689484263,-2.89342673612868
"ENSG00000132153",-0.374623045060698,5.37651770148077,-2.63354220035986,0.0105518584104731,0.0970478751662781,-2.90995197348475
"ENSG00000169926",-0.251562927345767,7.96816004386121,-2.73902994456142,0.0079467319359673,0.0853921017498025,-2.91861088400119
"ENSG00000177879",0.337104253048287,6.41496393736243,2.67464886933576,0.00945592318596018,0.0927560535869262,-2.91870657944098
"ENSG00000055917",-0.200430690046114,7.68799371894701,-2.72957086842385,0.00815368301756616,0.0864226947075884,-2.91985997246141
"ENSG00000114503",-0.362697787621369,5.53149212096734,-2.63804011872674,0.0104265441977022,0.0966051237909549,-2.92077418393001
"ENSG00000167986",-0.292150273426343,7.26892916013708,-2.70836985960345,0.00863557435830685,0.0890072398906006,-2.9432116775081
"ENSG00000165097",0.3435551313456,6.60932493990971,2.67612913708876,0.00941846899441419,0.0927560535869262,-2.94418219150209
"ENSG00000075856",-0.320348066615379,6.38549155223736,-2.67051375389508,0.00956127243452722,0.0927560535869262,-2.94418720091631
"ENSG00000131370",-0.334572814562661,7.1271155480158,-2.69415097267553,0.0089732093643137,0.0906720393163377,-2.95417094532994
"ENSG00000112893",0.480842661165141,6.89055300471628,2.67581772893634,0.0094263370759048,0.0927560535869262,-2.95554400507449
"ENSG00000130935",-0.325060011907272,5.40272506502981,-2.61176132895604,0.0111782898031548,0.101365488184798,-2.96056958056113
"ENSG00000256235",0.666418056413774,5.50553585282121,2.593127423579,0.0117408324779721,0.103669457601284,-2.96462108252735
"ENSG00000099795",-0.365083815251266,5.7736475961483,-2.62929620767032,0.0106714099206597,0.0978751536157473,-2.96720706912049
"ENSG00000065183",-0.37211843828641,4.87728074352404,-2.58149635004633,0.0121048653812112,0.10565059095472,-2.96880629068617
"ENSG00000076662",-0.394133212235391,6.35730818852315,-2.65915345392454,0.00985623065095568,0.0942877779312796,-2.96904115065118
"ENSG00000107223",-0.276604549471365,7.52283440801291,-2.70673572716837,0.00867377806613983,0.0890072398906006,-2.96994771943986
"ENSG00000169991",-0.509879983488437,4.62970791491702,-2.57446979946337,0.0123297137992804,0.106453693785229,-2.97085322362571
"ENSG00000134186",-0.339719379823153,6.66884107418335,-2.67063372085796,0.00955820104648194,0.0927560535869262,-2.9744036234958
"ENSG00000172270",-0.48245880591409,7.92581994186036,-2.71094282547921,0.00857573385132878,0.0890072398906006,-2.9749280478628
"ENSG00000164830",0.274564609151646,6.24747553019214,2.64106650335635,0.0103429916857819,0.0959942397004089,-2.97497954699216
"ENSG00000211898",-0.795152104358866,4.90861102588954,-2.58296210396552,0.0120584328067416,0.105448381911923,-2.97964346290999
"ENSG00000153815",0.499055115270203,8.63488852058756,2.71692261074186,0.00843812188475699,0.0882358695358083,-2.98741212385299
"ENSG00000159348",0.763390318879916,5.13077414876779,2.56036586857498,0.0127924975868667,0.10816214363536,-2.99158180575904
"ENSG00000162623",-0.465125279678436,4.77599273041443,-2.56695230470989,0.0125744578020356,0.107375620855,-2.99613346338619
"ENSG00000135316",-0.358172064302822,5.60368092908866,-2.60986914565084,0.0112342750416551,0.101497012518543,-2.99669778893529
"ENSG00000169871",-0.309070727199746,7.48858008003422,-2.69414091198205,0.00897345247303868,0.0906720393163377,-2.99740014395877
"ENSG00000140525",0.507455034130436,4.87345998883711,2.55705004537615,0.0129035562649545,0.10816214363536,-3.00182447264258
"ENSG00000151247",0.354671111429135,5.53800061237627,2.5894832123086,0.0118538070173633,0.104160465394107,-3.00243817924045
"ENSG00000137942",0.509153426600547,5.82695985051488,2.59816826158321,0.0115861714974673,0.103477807079019,-3.00724258575765
"ENSG00000029153",0.603321979735207,4.90472815505564,2.54998400452418,0.0131431396711634,0.109357921362828,-3.00868042280789
"ENSG00000172965",0.549493824639542,5.97190742307885,2.60178948354264,0.0114762107258475,0.102664032897237,-3.01602261126012
"ENSG00000003147",0.553404783682204,4.90946985511741,2.54511132808651,0.0133106911423699,0.110040432994888,-3.02089964328135
"ENSG00000153814",-0.571682144094638,6.71476278979415,-2.65110063938378,0.0100703120512645,0.0951075805393421,-3.03149379635534
"ENSG00000109320",-0.324029130549956,6.76805383690223,-2.64841247854688,0.0101427137102345,0.0951075805393421,-3.0358339820785
"ENSG00000184677",-0.381580404478456,5.25043837364832,-2.56709599995127,0.0125697386116145,0.107375620855,-3.04245829410353
"ENSG00000148481",0.439909891413895,5.33662356458606,2.56197841574615,0.0127388010657481,0.10816214363536,-3.04271727478669
"ENSG00000181381",0.393636379355464,6.68343345320578,2.63425893923498,0.0105317983446045,0.0970478751662781,-3.04491931923959
"ENSG00000111860",-0.367995666643695,5.50039443026286,-2.57576142070235,0.0122881002889376,0.106318514970788,-3.04955547794704
"ENSG00000066926",-0.804255767022736,7.89120264615732,-2.68065138886036,0.00930488267968601,0.0925054759834478,-3.05264706983468
"ENSG00000168264",-0.290604264912631,6.8163163796734,-2.6419267300714,0.0103193540409722,0.0959382949065129,-3.05478684379257
"ENSG00000178982",-0.319825806733074,6.78793459747707,-2.64276254224921,0.0102964343942804,0.0958934408961801,-3.06154286681859
"ENSG00000164091",-0.308448901844731,7.51130341709162,-2.66708331518578,0.00964948022324678,0.0932098727947668,-3.06168586082849
"ENSG00000167642",0.635530098809051,4.77813076306365,2.5169487615212,0.0143174910913164,0.114708369802194,-3.06196944924937
"ENSG00000132688",-0.550139579618157,6.75973298062818,-2.63714253539787,0.0104514425801811,0.0966714077705032,-3.06517905704935
"ENSG00000164054",0.310890427404271,6.46545904222842,2.61313963218519,0.0111376687901005,0.101298864054203,-3.06823898740932
"ENSG00000133422",-0.354544869745266,5.28095956507615,-2.55735751782853,0.0128932213301046,0.10816214363536,-3.06956418974899
"ENSG00000163738",0.645077200133692,5.14395547531002,2.52693379312944,0.0139529213366627,0.11278266386074,-3.07058079126792
"ENSG00000115677",0.237585563667009,8.85258941266881,2.68616513466124,0.00916808523843113,0.0916472080348125,-3.07596745080348
"ENSG00000141504",-0.502647042527958,4.66438430572668,-2.52223686081595,0.01412335668311,0.113654427192886,-3.07732410059442
"ENSG00000136936",-0.41323558572288,4.94242862443767,-2.53248078983974,0.0137540339215415,0.112173617970895,-3.08404538437624
"ENSG00000116016",-0.528234215511556,7.51754715259799,-2.65882386154389,0.00986491068664269,0.0942877779312796,-3.08571752705644
"ENSG00000052126",0.633599950729417,4.94210466487992,2.51327400726999,0.0144538119594739,0.115123344378968,-3.08865508633326
"ENSG00000124783",0.314597480253326,6.82895247651643,2.61777755349145,0.0110019643918736,0.100399835857499,-3.09103678042065
"ENSG00000174718",-0.255083088005255,8.31762053960334,-2.67238339872322,0.00951350806272385,0.0927560535869262,-3.09506278834253
"ENSG00000115523",-0.499129238751307,6.08026891388766,-2.58826692268814,0.0118917322929655,0.104160465394107,-3.09635566038867
"ENSG00000075415",-0.321547536616379,6.61505910580177,-2.61542398311948,0.0110706402861094,0.100857605817264,-3.09648846336515
"ENSG00000119638",-0.272258580996701,6.49701647191609,-2.60925147140292,0.011252605646329,0.101497012518543,-3.09649648626468
"ENSG00000196405",-0.274980538753169,7.51329293854611,-2.6502663206191,0.010092732647475,0.0951075805393421,-3.10031305624069
"ENSG00000049192",0.56071981436595,5.33699193444332,2.52954628343813,0.0138589291844968,0.112691710741998,-3.10082274564804
"ENSG00000196683",-0.354401253298426,6.52855586023018,-2.6100641921659,0.0112284923210446,0.101497012518543,-3.10844445059793
"ENSG00000140264",0.411171586692671,10.1914506307379,2.6711773688021,0.00954429387820663,0.0927560535869262,-3.11371840113858
"ENSG00000142230",-0.315858463043786,5.68622912571494,-2.55401810304937,0.0130058698638652,0.108508390533442,-3.11435802636614
"ENSG00000134243",0.488664404715229,5.85454988197435,2.54672869220732,0.0132548635953784,0.109912476206425,-3.12581987031777
"ENSG00000169764",0.271120621293571,7.54378334431205,2.63313047191161,0.0105633975722472,0.0970478751662781,-3.12840619233521
"ENSG00000214753",-0.30580556941194,5.89306915479046,-2.56115362515034,0.0127662403768066,0.10816214363536,-3.12989801720148
"ENSG00000196205",-0.285050182781305,8.72713700937418,-2.6626096904488,0.00976562676921354,0.0938326889570995,-3.13179855122491
"ENSG00000196684",-0.436340132240422,5.27528017160483,-2.52786147688386,0.0139194794142826,0.11278266386074,-3.13490958741079
"ENSG00000068784",0.364064621048377,5.81566140905468,2.54576539923326,0.0132880886071138,0.110020526947654,-3.13581137134292
"ENSG00000143337",0.38301883727662,5.67761997010429,2.53891163526948,0.0135266650023667,0.110650556956297,-3.14174371895068
"ENSG00000047617",0.459808896149895,5.76610344421141,2.53941495672668,0.0135090137497239,0.110650556956297,-3.14229165083378
"ENSG00000187098",0.656274474684749,5.21175680687755,2.49990215084444,0.0149598013505508,0.117290686014962,-3.14435847500618
"ENSG00000185201",0.39776714403923,8.42557711780899,2.64860428560263,0.010137532000948,0.0951075805393421,-3.14623869532286
"ENSG00000164543",-0.312523426697829,6.64411743237258,-2.59493003509595,0.0116853115449934,0.103669457601284,-3.14667103348834
"ENSG00000197102",-0.229441678770709,8.53922046641895,-2.65339395923957,0.0100089174183162,0.0951075805393421,-3.14740296407304
"ENSG00000143321",0.343032710833393,8.53417074427742,2.64957438943987,0.010111361359231,0.0951075805393421,-3.14864725624689
"ENSG00000111348",0.209077415925055,11.338583055161,2.6427445295486,0.0102969278495348,0.0958934408961801,-3.14886008244324
"ENSG00000058668",-0.387068458190338,5.62378342153478,-2.542053765972,0.0134168122372147,0.110582137773594,-3.14919330363275
"ENSG00000148300",-0.401087896927641,5.57385577040018,-2.53903874612173,0.0135222053163352,0.110650556956297,-3.1498593603703
"ENSG00000136436",0.238576093534279,7.80600651692282,2.63573450702808,0.0104906094364824,0.0968692206948412,-3.15058223902769
"ENSG00000168421",-0.434064661424181,5.03829279837591,-2.50893882346662,0.0146161375024451,0.115867275219344,-3.15077667384235
"ENSG00000215305",-0.456355706635506,5.07519220815726,-2.507945759618,0.0146535522441498,0.115867275219344,-3.15104859932288
"ENSG00000156304",-0.276671392778028,6.43640679176604,-2.57980670992532,0.0121585914115128,0.10565059095472,-3.15329946690844
"ENSG00000168310",0.214966046317094,7.18259476113987,2.61162868925539,0.0111822060203861,0.101365488184798,-3.15439277176499
"ENSG00000167461",0.288634478925943,8.84087250010477,2.6512571436218,0.01006611138072,0.0951075805393421,-3.15517899420587
"ENSG00000165476",0.599093785432567,4.8200819253163,2.47711200815598,0.0158590763696258,0.120730525442476,-3.1572753607854
"ENSG00000275713",0.459182902234899,7.80902675120783,2.623681239687,0.0108313989740612,0.0991755657322442,-3.16015159272921
"ENSG00000173145",-0.494327072789337,4.95202980241573,-2.49926583630083,0.0149842726627045,0.117290686014962,-3.16052767517447
"ENSG00000124588",0.454951073270155,5.12809079390776,2.49548186580296,0.0151305428295027,0.117758853335901,-3.16186751828485
"ENSG00000034677",-0.341111677309496,6.22090140971469,-2.55827810666499,0.0128623227739686,0.10816214363536,-3.1715906309255
"ENSG00000122779",0.374168124573921,6.50759882716672,2.56372162503328,0.0126809832443543,0.10805405434634,-3.17673517098081
"ENSG00000128815",-0.447391223213718,6.87815122929513,-2.59331097819181,0.0117351680172165,0.103669457601284,-3.18373945247679
"ENSG00000136045",-0.409455149318332,4.93099402357694,-2.48505025487902,0.0155404640133723,0.119751694405731,-3.19109531814017
"ENSG00000100603",0.26238006534536,7.06275206802308,2.58907890710231,0.0118664015140463,0.104160465394107,-3.1923724369235
"ENSG00000186407",0.63367409464137,6.90203564903584,2.57833584167471,0.0122055370074166,0.105884977096187,-3.1939248038271
"ENSG00000143418",0.445828293450721,6.61286776229649,2.55894519943488,0.0128399744399176,0.10816214363536,-3.1954374645629
"ENSG00000165806",0.433631178661124,5.30941115263817,2.49067594115255,0.0153181709746045,0.118635149670387,-3.20776582449093
"ENSG00000151327",0.42491892375502,5.76630034403581,2.50605200661424,0.0147251409227452,0.116264590937849,-3.21168278121878
"ENSG00000099991",-0.308274200099681,6.34601778905427,-2.54984651384969,0.0131478411330125,0.109357921362828,-3.21196943095846
"ENSG00000159069",0.327894563984177,6.62198814913989,2.55480491108464,0.012979248538158,0.108452371220682,-3.21547161104596
"ENSG00000129351",-0.274143002985928,7.31097290017946,-2.59404774833496,0.0117124563782191,0.103669457601284,-3.21764145653944
"ENSG00000178035",-0.387923342249332,5.71394015507954,-2.51772321446919,0.0142889099914182,0.114647984732322,-3.2176761132551
"ENSG00000122042",-0.294099569909273,5.67946612495135,-2.50803389643019,0.014650228105925,0.115867275219344,-3.22011089973961
"ENSG00000206337",-0.405666930177813,6.33359875715323,-2.5482890677925,0.0132012039757979,0.109634389116077,-3.22025027496465
"ENSG00000072736",-0.236597341648725,7.69314892413055,-2.60294036957121,0.0114414622869124,0.102664032897237,-3.22279007624135
"ENSG00000196092",-0.651136178889571,6.74510004357155,-2.5708663868666,0.0124464847737589,0.107122352365621,-3.22594881949084
"ENSG00000111644",0.608664372911379,7.95894978758756,2.59622216245979,0.0116456604111642,0.103669457601284,-3.23647345484303
"ENSG00000091592",-0.464786851031048,6.01719205480134,-2.52350533620224,0.0140771438077376,0.113450117551116,-3.24026007411389
"ENSG00000188229",0.462654262849362,7.76079789218394,2.58825721240052,0.011892035513057,0.104160465394107,-3.24088692771394
"ENSG00000135486",-0.264363306415987,8.97798514066944,-2.61782660782792,0.0110005371423489,0.100399835857499,-3.24232423684175
"ENSG00000179833",-0.253149765897258,6.4391234174615,-2.54084767884416,0.0134588827837438,0.110650556956297,-3.24410735411643
"ENSG00000152256",0.486501630515508,5.87106154480827,2.49036863247045,0.015330239604984,0.118635149670387,-3.25167270803003
"ENSG00000152082",-0.417023638433008,5.73923024353357,-2.50036278107844,0.0149421089688146,0.117290686014962,-3.25478933349156
"ENSG00000134748",-0.2884106790203,6.50304528679987,-2.54026914088492,0.0134791055535874,0.110650556956297,-3.25655920841651
"ENSG00000104517",-0.244357541517835,8.05013830993031,-2.59546833698657,0.0116687779653401,0.103669457601284,-3.25718186571766
"ENSG00000163625",0.356999272452262,6.43786334629789,2.52745728486061,0.0139340411573281,0.11278266386074,-3.25736961599791
"ENSG00000171720",-0.381725655021595,5.15415198315911,-2.45540722488251,0.0167604430306854,0.123727498145223,-3.26034486958828
"ENSG00000188042",-0.407867913171021,6.89945761033011,-2.55933036395005,0.0128270870230989,0.10816214363536,-3.26268296801369
"ENSG00000181163",-0.242816705157317,9.03811653916047,-2.60846788951876,0.0112758989628056,0.101539004213826,-3.26437873751433
"ENSG00000188906",0.369892196715395,7.29543275899592,2.56771929430283,0.0125492871568375,0.107375620855,-3.26783734712492
"ENSG00000170004",-0.223708625849294,8.85992084729481,-2.60423019903912,0.0114026323301677,0.102510793621706,-3.27000296904169
"ENSG00000128245",0.448238149790255,9.07289989185981,2.60193143407222,0.0114719196709893,0.102664032897237,-3.27338685790611
"ENSG00000122966",0.584689422290819,5.81353990773275,2.48034956580514,0.015728429476008,0.120695103264355,-3.27503037310256
"ENSG00000141543",-0.295384999079326,5.79087095853659,-2.48567740852876,0.0155155396577921,0.119728980248798,-3.28385130270011
"ENSG00000090060",0.181347648103007,8.42254552418489,2.59137706062056,0.0117949731284777,0.103978986414153,-3.284478087704
"ENSG00000124762",0.530828754159024,6.33409629424892,2.4996653155233,0.0149689053245648,0.117290686014962,-3.2871371695883
"ENSG00000265972",-0.242354982032214,10.0090874595388,-2.59597775334914,0.0116531511432257,0.103669457601284,-3.28817370305951
"ENSG00000124160",-0.347280667844466,5.65085516263639,-2.47921951033191,0.0157739207581566,0.120697079059603,-3.29076089540923
"ENSG00000163932",0.319275276123572,7.63701403786155,2.56334138107102,0.0126935746662367,0.10805405434634,-3.29397949461157
"ENSG00000180096",-0.362339474049538,6.92019691370461,-2.53762210657639,0.0135719833574899,0.110854820587114,-3.29502363893276
"ENSG00000118058",-0.256330217644167,7.26706933971951,-2.55701282379838,0.0129048078860103,0.10816214363536,-3.29561703126484
"ENSG00000165209",-0.466347527000858,5.63378389378373,-2.47582567328604,0.015911255005084,0.120730525442476,-3.2983515850079
"ENSG00000162924",-0.30659425003524,6.3518988047464,-2.5158180535917,0.0143593124026561,0.114874499221249,-3.29860012643366
"ENSG00000149564",0.647382378645422,5.77121493829208,2.46189426675083,0.0164863395750419,0.123037778088806,-3.30246785948511
"ENSG00000076924",-0.352650865383335,5.59100863067408,-2.4701568802637,0.0161430476484658,0.121642217965203,-3.30246814111276
"ENSG00000165949",0.738890269181171,6.05273031547116,2.476044864431,0.0159023528757676,0.120730525442476,-3.30667243830764
"ENSG00000197043",-0.326851569390995,7.97859356534259,-2.57556122269196,0.0122945419294414,0.106318514970788,-3.30831772266097
"ENSG00000101335",0.79654313651038,10.7744071360963,2.57978991960592,0.0121591263819034,0.10565059095472,-3.31481362638582
"ENSG00000181896",-0.48835813125499,4.64449749850305,-2.41030645070999,0.0187819748909006,0.130849359597988,-3.31885546352814
"ENSG00000141503",0.39298189040042,8.26674688846185,2.56970903560896,0.0124842015701287,0.107277492356564,-3.31932774432434
"ENSG00000149781",0.364511470778799,8.90021589576019,2.58060063092039,0.0121333199801451,0.10565059095472,-3.32004335070761
"ENSG00000225830",-0.323743278155274,6.04588277529641,-2.47813872233081,0.0158175394790485,0.120730525442476,-3.32331315644567
"ENSG00000107745",0.378513153373948,6.11294878779229,2.47426048620331,0.0159749532223885,0.121045264472285,-3.32462010247302
"ENSG00000133321",0.407085001598914,6.21112358694881,2.49114070491551,0.015299935023921,0.118635149670387,-3.32471361393532
"ENSG00000107263",-0.278810033686034,8.12359549900875,-2.56876929963833,0.0125149026690731,0.107371952348205,-3.33031873208171
"ENSG00000141582",-0.325792631273468,6.00838320209674,-2.47783012977119,0.0158300136406678,0.120730525442476,-3.33834786300256
"ENSG00000054523",0.306660335026976,6.98406459669339,2.51430606286439,0.0144154084259813,0.115123344378968,-3.34021881342517
"ENSG00000061676",0.521448101453421,6.96503344240837,2.50819706215573,0.0146440759974974,0.115867275219344,-3.34167753682436
"ENSG00000131473",-0.271253760888962,7.14987361961455,-2.53007602329201,0.0138399401021601,0.112691710741998,-3.34649686354498
"ENSG00000262902",1.72601706870517,5.59941838999729,2.43323818823482,0.0177283355793694,0.12691717770881,-3.34696297070525
"ENSG00000123933",-0.355478437577168,5.5390437243177,-2.44572980665021,0.0171769639509043,0.125274564396956,-3.34808529245781
"ENSG00000135269",-0.298275195611692,6.73766931824784,-2.51379254656451,0.014434505214432,0.115123344378968,-3.34923835506307
"ENSG00000071127",0.311133640617493,9.84808459823341,2.57107596482085,0.0124396659116691,0.107122352365621,-3.35242628926836
"ENSG00000135362",0.327177408956345,5.56281686209098,2.4336667265202,0.0177091603540587,0.12691717770881,-3.35829769659622
"ENSG00000168944",-0.311836452185524,5.87902616788495,-2.4621946881159,0.0164737437315164,0.123037778088806,-3.35838365794564
"ENSG00000164305",0.378156922367531,5.73019516026873,2.44147695387585,0.0173629297023198,0.125788884332764,-3.35961527148152
"ENSG00000173905",0.504804943337082,6.0527201909052,2.45012268699671,0.0169867540400458,0.124612918281553,-3.36235970997203
"ENSG00000126858",0.275212630260566,6.83420418244414,2.49769713513888,0.0150447557774928,0.117595164240719,-3.3663968558222
"ENSG00000160991",0.400310514520784,6.62721648260493,2.48202398782786,0.0156612413638689,0.120511925071127,-3.37025955795487
"ENSG00000173726",-0.395711961639407,5.74110963725483,-2.44940137628052,0.0170178561511636,0.12461462407465,-3.37114984807413
"ENSG00000175727",0.415602720264836,7.68306644957534,2.5279616086245,0.0139158741136709,0.11278266386074,-3.37246232648296
"ENSG00000048028",-0.375365985694917,5.66017669900634,-2.44458000668189,0.0172270644585452,0.125304468852008,-3.37309491108299
"ENSG00000108010",0.432300779944748,5.21764190696308,2.40026249854964,0.0192608580622998,0.132730187487524,-3.37415308675929
"ENSG00000123416",0.295195953307861,9.01139545778289,2.55745682041429,0.0128898851175603,0.10816214363536,-3.37843502508136
"ENSG00000069399",0.406352505981744,5.5619386343497,2.42379739999184,0.0181555192899661,0.128123405559242,-3.38083859093015
"ENSG00000145740",0.54005072524697,5.4507711304476,2.40446720835551,0.0190590695258716,0.132272370416495,-3.381390381286
"ENSG00000065054",-0.59360040186084,8.78373077901855,-2.55562571028562,0.0129515297026387,0.10838699511517,-3.38289234272911
"ENSG00000118260",-0.259368779581917,7.08273975850952,-2.50540655168612,0.0147496127323871,0.116289276651295,-3.39284838738816
"ENSG00000170540",-0.467008296415981,5.61121670810355,-2.41777955437914,0.0184326095927984,0.129184756239911,-3.39409893287411
"ENSG00000174059",-0.593371621875654,5.44577207227835,-2.41874063069592,0.0183881044773779,0.129095867516436,-3.39791894846152
"ENSG00000160932",0.486537578398018,6.09091599915453,2.44042661125088,0.017409135629144,0.125956136663448,-3.39842196799826
"ENSG00000116962",0.699850848018555,5.20745606962585,2.37484416149433,0.0205218954903535,0.137013831656183,-3.40139214727458
"ENSG00000143878",-0.374126761463528,5.63965180452246,-2.42672193375531,0.0180222121055947,0.127919649155023,-3.40283806786294
"ENSG00000152404",-0.3461491686864,6.05587102234403,-2.43790103096716,0.0175206910111943,0.126427449839717,-3.41048397809754
"ENSG00000179981",-0.365389955728,5.61096347555813,-2.4207212600548,0.0182966897335554,0.128786002155568,-3.41075820923429
"ENSG00000160190",0.432471451658626,6.02326729000313,2.42610935758799,0.0180500619362463,0.127919649155023,-3.41251496572683
"ENSG00000114942",-0.315587137863808,9.21366316172706,-2.54318478386406,0.0133774683197607,0.110424920312206,-3.41706538127025
"ENSG00000170860",0.387370220193968,6.05490483450051,2.43840379119576,0.0174984330099806,0.126427449839717,-3.41979596198569
"ENSG00000183785",0.649920914125465,4.71457973191708,2.34462890833406,0.022116367037907,0.141306051526493,-3.42012146699293
"ENSG00000159335",-0.419116549915117,6.51463607520522,-2.46299082270404,0.016440405811745,0.123037778088806,-3.42047357937317
"ENSG00000161940",-0.567823239305874,6.19092815523814,-2.4499371327506,0.0169947500519813,0.124612918281553,-3.42368876913691
"ENSG00000120063",0.207432316255987,8.28345892346958,2.52611683768438,0.0139824317054377,0.11285375989811,-3.42426136658046
"ENSG00000177733",-0.247058659796355,6.47522932489744,-2.46205231986658,0.0164797117630293,0.123037778088806,-3.42624434399333
"ENSG00000141279",0.27376055711023,6.62100173451796,2.45666238100403,0.0167070904083319,0.123727498145223,-3.42745311845513
"ENSG00000163565",0.283864159541861,7.95507644875722,2.52069827204078,0.0141795940896155,0.11393868525107,-3.42746124120526
"ENSG00000143799",-0.338571028271969,7.57954927017838,-2.51163793289976,0.0145148806532557,0.115440977808667,-3.43087612682845
"ENSG00000105738",-0.364149661591702,6.56515386820068,-2.46953764574322,0.0161685507746444,0.121666111353954,-3.43131028920651
"ENSG00000233822",0.404090665265831,6.39547960224821,2.43677604051023,0.017570588156306,0.126619794015284,-3.44293461785838
"ENSG00000175216",0.311942836781077,7.17225593082297,2.47977588887016,0.0157515085207335,0.120695103264355,-3.44327918130619
"ENSG00000126107",-0.383607968032287,5.04136584941642,-2.36931840320942,0.0208055960793136,0.137894023649757,-3.44380618269269
"ENSG00000162819",0.274653039223588,7.65396984657519,2.49633248161983,0.0150975504508325,0.117687887359529,-3.44668317059252
"ENSG00000156508",-0.278658696455913,11.4959571781853,-2.50328917219443,0.0148301488512045,0.116755275926824,-3.45370379324646
"ENSG00000127951",0.407771942032687,6.72475354757961,2.45960728166378,0.0165825106639832,0.123417374449973,-3.45637604448423
"ENSG00000159461",0.486533403930064,6.47240172076321,2.42969751103568,0.0178874791638261,0.127562190638304,-3.45717914302898
"ENSG00000103811",-0.370756547078231,5.14480984469914,-2.36584168816702,0.0209858835294094,0.138567887688727,-3.45850688910311
"ENSG00000171843",0.447075795923433,6.14880005558585,2.41249986319029,0.0186788240777969,0.13052985284769,-3.45889614000781
"ENSG00000164902",-0.325357621062636,5.23238719399423,-2.37110796153556,0.020713336853753,0.137472338110142,-3.46156199691074
"ENSG00000076685",0.287430031414107,7.06838074682089,2.46503104839296,0.0163552485521756,0.12273194781302,-3.46499705358419
"ENSG00000014641",-0.421281644397284,5.08068003793173,-2.35976053573066,0.0213045769403096,0.13920896155017,-3.46654786925843
"ENSG00000198517",-0.37357841548067,5.14627791767015,-2.36093492506199,0.0212426970587057,0.139098814394025,-3.46962097139065
"ENSG00000106144",0.370672496751957,5.94334819727625,2.39903208519383,0.0193202671529211,0.132730187487524,-3.47038616639241
"ENSG00000146731",-0.273814405010077,6.72857290813472,-2.45613480613571,0.0167294972935115,0.123727498145223,-3.47098555841086
"ENSG00000140443",0.480793104200548,5.54287536327325,2.36539767925008,0.0210090079351851,0.138567887688727,-3.47317266951639
"ENSG00000119541",-0.263465560474424,6.27750267484214,-2.42534790496686,0.0180847339654868,0.127955364472691,-3.47740506225321
"ENSG00000145725",-0.275148461868434,6.28743940795509,-2.4259743290841,0.0180562059838863,0.127919649155023,-3.47833715727464
"ENSG00000153560",0.234354857736968,6.6884640914589,2.44157641527653,0.0173585599751567,0.125788884332764,-3.48064510789725
"ENSG00000141664",0.312506065115391,6.8473418857233,2.44472097620053,0.0172209149143679,0.125304468852008,-3.48098315091359
"ENSG00000198911",0.423283474156887,5.97944919509077,2.39064169269732,0.0197297738855575,0.133947352243913,-3.48257455553582
"ENSG00000013364",0.317258534381506,7.16657776028152,2.46799653735858,0.0162321785616045,0.121976425936029,-3.48567386430348
"ENSG00000100644",0.258130625658316,7.38059291973235,2.47120213900539,0.0161000808064732,0.12152380742927,-3.48720034674212
"ENSG00000167792",-0.365847415036182,5.25355921556477,-2.36170642297221,0.0212021332005425,0.139098814394025,-3.4872778647603
"ENSG00000102781",0.458587939156964,5.54263244865421,2.35865824957016,0.0213628037102554,0.139227865415154,-3.48809610712501
"ENSG00000131013",-0.277345994033891,5.83246233142521,-2.39264848893927,0.0196311294956044,0.133678427433224,-3.49028271002044
"ENSG00000169241",0.544994448704161,4.95055271581411,2.32316475717341,0.0233150932965652,0.144564910571698,-3.49050136700916
"ENSG00000066455",0.299279285101475,5.60092874774504,2.37238181987406,0.0206478866324193,0.137472338110142,-3.49418821409832
"ENSG00000076067",-0.400207710446828,5.8856245345421,-2.39660637234197,0.0194378700039551,0.133037080127572,-3.49492530437717
"ENSG00000278677",0.4926456660108,5.27323653930732,2.34139033086846,0.0222936475680805,0.141381066663213,-3.4962260004738
"ENSG00000061987",-0.29832717229463,5.1107494413745,-2.34047804635797,0.0223438139495276,0.141381066663213,-3.4972177190483
"ENSG00000087206",0.392753597572358,8.25753305405965,2.48952062663222,0.0153635869361276,0.118724569685139,-3.50198349205082
"ENSG00000164244",-0.324723198890526,5.07487844830002,-2.34141241937392,0.0222924341681235,0.141381066663213,-3.50276625992044
"ENSG00000173915",0.324472229407105,5.69595383242651,2.37586311348905,0.0204699595397045,0.137002874167457,-3.5028745360377
"ENSG00000211751",-0.472766256549503,5.1121183339936,-2.35105424027414,0.0217683524923377,0.140156454912664,-3.50412255727209
"ENSG00000104814",-0.473410701030732,5.38613674890542,-2.36558080994657,0.0209994675635083,0.138567887688727,-3.50484262374156
"ENSG00000135686",-0.420777995134457,5.25021950631797,-2.35205004419365,0.0217148555053815,0.140156454912664,-3.50801863542546
"ENSG00000100207",-0.258778656877242,6.96633558249369,-2.44724124947959,0.0171113044490098,0.125003115921978,-3.50886843005543
"ENSG00000147677",-0.246445242740956,8.4820647035754,-2.49627384819106,0.0150998225521863,0.117687887359529,-3.50984679665909
"ENSG00000120742",0.222037037036492,7.81336227680266,2.47586008552169,0.0159098571055951,0.120730525442476,-3.51131881201823
"ENSG00000087470",0.358154768944508,6.76017133466018,2.42210900004367,0.0182328821819277,0.128502900552577,-3.51523210031671
"ENSG00000051382",0.398574244173109,7.0564029852367,2.43561015517904,0.0176224335760424,0.126789050479731,-3.51586389659461
"ENSG00000196235",-0.229311457023004,7.94314185281306,-2.48030684234518,0.0157301471929837,0.120695103264355,-3.51863118702226
"ENSG00000270647",-0.24758085069465,8.52555469691325,-2.49209685310113,0.0152624800910688,0.118616250408192,-3.52072208713899
"ENSG00000013561",-0.354418400530091,6.23233743158908,-2.40135156230297,0.0192084102128122,0.132730187487524,-3.52102436261915
"ENSG00000164506",0.311607831604442,6.31185207495886,2.39443750816434,0.0195435618070509,0.1334252189534,-3.52305320500761
"ENSG00000166454",-0.331181600572723,5.74660667963389,-2.3739172832372,0.02056924053096,0.137161838938397,-3.5266758536545
"ENSG00000069956",0.317849283043807,5.54366801919229,2.34686517943015,0.0219946863365352,0.14113904730441,-3.53113704157633
"ENSG00000103043",-0.331491694777173,5.48195729262696,-2.35091543854416,0.0217758185673303,0.140156454912664,-3.53130564180653
"ENSG00000254612",0.490698608082393,5.61611205273059,2.34091140760677,0.0223199709744127,0.141381066663213,-3.53817303931345
"ENSG00000070770",-0.241465279929529,6.35482327767583,-2.39939359122408,0.0193027952763461,0.132730187487524,-3.54572412074574
"ENSG00000186111",0.33699252280281,6.57994264781148,2.39781743497716,0.0193790757894159,0.132801515598412,-3.5501307708722
"ENSG00000158869",0.486848963903681,8.48926047084018,2.47108167641644,0.0161050273428659,0.12152380742927,-3.55259285770122
"ENSG00000054965",-0.258188697746133,5.80313191345459,-2.36129705981102,0.0212236481134319,0.139098814394025,-3.55262670486079
"ENSG00000102898",0.435093881777148,7.03720083856636,2.41744358571783,0.0184481902266245,0.129184756239911,-3.55347052556611
"ENSG00000102893",0.413381900922792,7.97969910504959,2.45703800050108,0.0166911537267235,0.123727498145223,-3.55512225961177
"ENSG00000133275",-0.267833868943435,6.52244448591194,-2.40220039417907,0.0191676202136767,0.132730187487524,-3.56013945127441
"ENSG00000275023",-0.323581313027598,7.8779162023318,-2.46026001887702,0.0165550108275051,0.123381257165866,-3.5653322573262
"ENSG00000154822",-0.31437855017003,6.65252778692492,-2.40863778633635,0.0188607892146271,0.131063239338378,-3.56907029889723
"ENSG00000134851",0.477838077523904,6.81932734690049,2.39853521990835,0.0193443041235488,0.132730187487524,-3.5696844100601
"ENSG00000133193",-0.361375758485554,6.85874350697885,-2.41221773499036,0.0186920633972674,0.13052985284769,-3.57078337516921
"ENSG00000204160",0.426767837269278,5.64763121546778,2.33903759696831,0.0224232285147158,0.141390913134458,-3.57237485804254
"ENSG00000122008",0.276098308948899,5.78816127217445,2.34374855825667,0.0221644330318974,0.141381066663213,-3.57266777613766
"ENSG00000106948",-0.237084146877001,9.07873747878033,-2.47368051137623,0.0159986145720164,0.121056183594924,-3.5734915969799
"ENSG00000169045",-0.264514674753721,7.82263905089346,-2.45174587969442,0.0169169503632392,0.124392993438856,-3.57520350778661
"ENSG00000083844",-0.384290432704107,5.20383752355955,-2.31641618705394,0.0237037338548884,0.146083644843249,-3.57892196994417
"ENSG00000006831",0.355592808355079,5.9328963002505,2.34142140887141,0.0222919403599612,0.141381066663213,-3.58134816729035
"ENSG00000122033",-0.321021392337184,5.52179889733003,-2.33023401960052,0.0229140641278907,0.143505885245573,-3.58202045414021
"ENSG00000118689",-0.57625527125067,8.23867976087793,-2.45544414185676,0.0167588716277785,0.123727498145223,-3.58872221610026
"ENSG00000160908",-0.311262338321336,6.08787205327403,-2.35964595405463,0.0213106229685832,0.13920896155017,-3.58969759787125
"ENSG00000164074",0.364120220327234,5.33572460117237,2.301464602313,0.0245853214676204,0.149207922152658,-3.59099495447325
"ENSG00000114904",0.451658004398804,6.25535449501381,2.35862374992581,0.0213646283933679,0.139227865415154,-3.59281102011313
"ENSG00000131979",0.46808692831962,5.39573039217825,2.31352420216804,0.0238720319742591,0.146954610390693,-3.59317423927061
"ENSG00000165813",-0.267284464282326,6.08363136463033,-2.36135241807965,0.0212207375098563,0.139098814394025,-3.59364748713094
"ENSG00000139083",0.236832375148221,6.85075595896286,2.39571786773965,0.0194811061449089,0.133165704237721,-3.59449970796259
"ENSG00000099995",-0.180925079064272,8.40165853926688,-2.4542270055534,0.016810749886637,0.123930940977535,-3.59673129733177
"ENSG00000071073",-0.414271614318441,4.84816618993147,-2.28436114355348,0.0256293272638943,0.153269566337756,-3.59836001117307
"ENSG00000198876",-0.618671788933979,8.62261007875732,-2.45603202786721,0.016733865579038,0.123727498145223,-3.60196530235001
"ENSG00000138376",0.477462587743085,6.20084162428705,2.34892687221789,0.0218830331536365,0.140588165826665,-3.60229675772047
"ENSG00000165424",-0.588105486886994,5.06784445881439,-2.290173029836,0.0252702454178542,0.151454672207337,-3.60365883375312
"ENSG00000173281",0.389396374289261,5.655645703351,2.32079084905985,0.0234511532441647,0.145019163307843,-3.60514552746567
"ENSG00000105705",-0.304355637393952,5.25671050983051,-2.3019165438273,0.0245582534069755,0.149207922152658,-3.60569760273913
"ENSG00000167996",0.40204362587134,13.8965916906898,2.39933341584949,0.019305702620042,0.132730187487524,-3.60921897732325
"ENSG00000174231",-0.25672986015072,8.26709724493557,-2.44711455384059,0.0171167996471724,0.125003115921978,-3.60993866160082
"ENSG00000142168",-0.267886323991943,6.66487000431369,-2.38511679094682,0.020003643179863,0.135094628654754,-3.61271485484741
"ENSG00000115165",-0.260694308881358,7.79329983049317,-2.43520190234849,0.0176406204595514,0.126789050479731,-3.6128494577588
"ENSG00000165757",-0.517168678523998,8.18602299143974,-2.44369232115333,0.0172658334574082,0.125419014234613,-3.61320954841409
"ENSG00000081377",0.601876215976693,7.07145221907985,2.39037382780484,0.0197429742753051,0.133947352243913,-3.61367846129709
"ENSG00000121879",-0.265096972615905,6.17313465905177,-2.35526972073846,0.0215426870649631,0.13986594940424,-3.61646388452224
"ENSG00000137106",-0.32033731330811,5.47168580900631,-2.30291466756423,0.0244985665274584,0.149207922152658,-3.61860243132852
"ENSG00000101191",-0.280552592058236,6.1377657603329,-2.3506498715153,0.0217901096385878,0.140156454912664,-3.61934937322318
"ENSG00000089127",0.461440562874079,6.41149820288177,2.36587096608782,0.0209843595053388,0.138567887688727,-3.62099128195089
"ENSG00000115053",-0.225364912374483,9.65471452092697,-2.45169601110597,0.0169190910679501,0.124392993438856,-3.62156003008795
"ENSG00000073792",0.445199355884465,7.28646136724228,2.40000477168516,0.0192732885650876,0.132730187487524,-3.62224774012892
"ENSG00000185885",0.487868917174623,5.84100953989373,2.3210533907017,0.0234360711355201,0.145019163307843,-3.62235742060937
"ENSG00000111276",-0.286253328479371,6.32555148088144,-2.36154017197052,0.0212108685145578,0.139098814394025,-3.62543473677441
"ENSG00000132622",-0.600247861953569,4.85236849399511,-2.26923330025759,0.0265852445736069,0.15557079746188,-3.62561201051701
"ENSG00000062650",-0.195441133641821,7.71120762830905,-2.42451666734459,0.0181226517115848,0.12805733660793,-3.62587622736792
"ENSG00000124203",-0.568777394397715,4.82111460127041,-2.27224822370253,0.0263922570231728,0.155107892408032,-3.62722129399903
"ENSG00000273802",0.498825040022161,6.01074056294228,2.32299805432389,0.0233246248884953,0.144564910571698,-3.62889073176667
"ENSG00000124098",-0.59874406331515,7.36701066878684,-2.41178994796895,0.0187121540150598,0.13052985284769,-3.63014579093238
"ENSG00000101457",0.373130769930484,5.05690413668801,2.26942715630958,0.0265727982839005,0.15557079746188,-3.63023174651582
"ENSG00000176871",0.263942257817765,6.11176153653982,2.33440827271286,0.0226801541170055,0.142605169477127,-3.63179626757022
"ENSG00000117505",0.243227096506666,7.03211895058577,2.38765371390841,0.0198774691407539,0.1346921043269,-3.63186204515502
"ENSG00000101439",0.510982170373111,7.8928807527499,2.41875808437576,0.0183872971302281,0.129095867516436,-3.63343235581264
"ENSG00000172725",0.354357565641264,6.14458333885867,2.33796884156205,0.0224823130664246,0.141599585648417,-3.63618581049089
"ENSG00000133030",-0.291944766215785,7.47587109296136,-2.40936434593332,0.0188264360612262,0.130991601100333,-3.63910065629326
"ENSG00000117020",-0.356753540911676,8.11983974971385,-2.4263830512094,0.0180376141152185,0.127919649155023,-3.64123473978666
"ENSG00000134108",0.320054068237482,7.08073460805183,2.3822222695236,0.0201484755921592,0.135684666286877,-3.64250077970501
"ENSG00000204592",0.508639340699057,10.9622685243795,2.43136880321613,0.0178122003420949,0.127350219768678,-3.64486995239334
"ENSG00000163683",-0.3565566538937,6.15897072990313,-2.34592353013433,0.022045850843966,0.141300935762267,-3.64612164153118
"ENSG00000188827",0.447392037048291,5.14743939205324,2.26320503627462,0.0269748617212245,0.156672757630311,-3.64704754906402
"ENSG00000163681",0.33103016575838,7.39807753253673,2.39267573596796,0.0196297932015851,0.133678427433224,-3.64943802586724
"ENSG00000100490",0.459561137582854,5.01095323308974,2.25010616840383,0.0278388927780709,0.159313327578708,-3.65055786658782
"ENSG00000084731",0.648963649180662,5.50349772590397,2.27331304352394,0.0263243936328355,0.155043563796419,-3.65210282937657
"ENSG00000116514",0.272266645260994,6.39629342010571,2.34479405071937,0.0221073608134608,0.141306051526493,-3.65353234778276
"ENSG00000133858",-0.288097931300282,6.44451670436606,-2.35090857873715,0.0217761876120073,0.140156454912664,-3.65391196609567
"ENSG00000111605",-0.245019467008358,6.21413777299096,-2.33415430108756,0.0226943248782433,0.142605169477127,-3.66223807504687
"ENSG00000111897",-0.346900971341958,5.76526877941405,-2.30258381845334,0.0245183367340709,0.149207922152658,-3.66233075595581
"ENSG00000048471",-0.322253033805019,6.30834603487836,-2.339287388338,0.0224094390992063,0.141390913134458,-3.66330147025201
"ENSG00000153187",-0.191780808475603,9.57217488862815,-2.43333318109895,0.0177240834564098,0.12691717770881,-3.66355854614308
"ENSG00000187239",-0.233646182124517,8.68349670973276,-2.42967096294503,0.0178886772481029,0.127562190638304,-3.66408122531973
"ENSG00000066294",0.52233322523455,6.46616503308722,2.33334148237669,0.0227397303518582,0.142725865157746,-3.66758416814147
"ENSG00000110321",0.195044277823623,10.119282601496,2.42778925248141,0.0179737800918771,0.127919649155023,-3.67177101817279
"ENSG00000198815",-0.279806498528222,6.47593475286229,-2.34448054997649,0.0221244607107376,0.141306051526493,-3.67315444677764
"ENSG00000185947",0.295224887552341,6.49000084770446,2.33973385453252,0.0223848112881808,0.141390913134458,-3.67599817450001
"ENSG00000017260",0.364153601063027,6.11480633844294,2.30484810176063,0.0243833146959629,0.149091244066898,-3.67630147920674
"ENSG00000136141",-0.266087515389635,5.99732258140887,-2.3099424182093,0.0240819421653258,0.147579776059275,-3.67712126182239
"ENSG00000169247",0.585654226782388,6.11447025425411,2.29896283553324,0.0247356383182837,0.149566878532752,-3.67949924679761
"ENSG00000135913",0.309490899517108,5.61997035230606,2.27792488059265,0.0260322487208552,0.154156185903499,-3.68376073012961
"ENSG00000134030",0.60982237852517,4.94738512164358,2.22043983246647,0.029886546987785,0.164134987892593,-3.68401374771091
"ENSG00000118507",0.445956541733103,5.26193361542705,2.25028157327655,0.0278271632379444,0.159313327578708,-3.68427577702128
"ENSG00000135341",-0.318521452357239,5.52472886769703,-2.27918629703306,0.0259528431769373,0.154132839570173,-3.68739521406645
"ENSG00000158417",-0.26431428028404,7.9116967585969,-2.4019471962248,0.0191797793424617,0.132730187487524,-3.68931945275815
"ENSG00000170234",0.317355109806028,5.29529863439913,2.25238279118654,0.0276869907802672,0.159112579927105,-3.68989365333509
"ENSG00000008853",-0.418021803693425,5.54656939318861,-2.27870045203578,0.0259834014751485,0.154132839570173,-3.69053653176543
"ENSG00000137337",-0.321844684458476,6.27619994169712,-2.3285039849199,0.0230116358175652,0.143605259947417,-3.69080837643554
"ENSG00000099308",-0.257119606951909,7.42726023564147,-2.38496402422163,0.0200112638260622,0.135094628654754,-3.69152394874608
"ENSG00000075945",0.531290690220112,6.04721845379474,2.29234590070328,0.0251371451419091,0.150822870851455,-3.69206067420448
"ENSG00000119866",-0.568072928872974,5.81895989766625,-2.30189668411857,0.0245594423061386,0.149207922152658,-3.69220274635464
"ENSG00000153064",-0.467603453941856,7.70330231045614,-2.39217707604241,0.0196542621831888,0.133678427433224,-3.69228553354953
"ENSG00000103365",-0.3183955534457,6.49587176122372,-2.34199078089203,0.0222606836222149,0.141381066663213,-3.69561926591075
"ENSG00000117625",0.325844851066655,6.10373276206565,2.29761544300024,0.0248169324306423,0.149726077388859,-3.697035934104
"ENSG00000118579",-0.271851764162244,6.25227771511285,-2.31972169014297,0.023512661780944,0.145234672769368,-3.69804311099467
"ENSG00000105127",-0.416333503416435,5.10607174486891,-2.24885765001738,0.0279225088266226,0.159624163785351,-3.69814788484483
"ENSG00000198931",-0.367893772480387,5.16760071337826,-2.25337676662941,0.0276208999148439,0.158900383037033,-3.69858277005831
"ENSG00000213463",-0.411714109149448,4.92693589558834,-2.23524400740632,0.0288487197932535,0.161846930687441,-3.70056027275195
"ENSG00000154122",-0.462186000165504,5.17109567088908,-2.24011222797207,0.0285144444596068,0.161315361802635,-3.70589398992189
"ENSG00000175390",-0.280852764494496,7.20336553785302,-2.3710418597368,0.0207167381770239,0.137472338110142,-3.70704820469473
"ENSG00000213977",0.59161237456447,4.76506608359155,2.20015165424322,0.0313621018631714,0.167839617829625,-3.70959126461793
"ENSG00000159388",-0.308386378411919,7.58370367954649,-2.38338840491139,0.0200900137365345,0.135458409451287,-3.71012191735115
"ENSG00000012124",-0.701611610074376,5.85364809683192,-2.29335699136232,0.0250754222504081,0.150822870851455,-3.71023802780258
"ENSG00000083642",-0.242800471129401,6.58660167755328,-2.33018739752903,0.0229166887231367,0.143505885245573,-3.71609853346719
"ENSG00000106245",0.320763220913834,5.94569647416091,2.27996436288493,0.025903971223912,0.154132839570173,-3.72087185694963
"ENSG00000136286",-0.279472559649015,7.58377185103615,-2.37785105655062,0.0203689716626062,0.136607722669055,-3.72232029423914
"ENSG00000152127",0.374059006237837,6.84536645006543,2.32888479634559,0.0229901269169929,0.143605259947417,-3.72507284209323
"ENSG00000174780",-0.235961861656281,7.01444826251452,-2.35087154427011,0.0217781800926682,0.140156454912664,-3.72535885597598
"ENSG00000241837",-0.27324592995225,6.05283745340221,-2.29395186062749,0.0250391707094888,0.150822870851455,-3.73052586849756
"ENSG00000197045",-0.260778618582033,5.42759361024197,-2.2515918236807,0.0277396830142514,0.159247411023858,-3.73135710803804
"ENSG00000172243",0.362347322999415,5.74311774171666,2.26659733647056,0.026754995426702,0.156347679005084,-3.73356798247582
"ENSG00000167100",0.628462436486253,6.68246472418406,2.31062925198801,0.0240415638774278,0.147498243248003,-3.73646437883868
"ENSG00000072364",-0.204811613622078,7.28091974889839,-2.35484676591359,0.0215652344896405,0.13986594940424,-3.73937517225481
"ENSG00000010322",-0.378897150776062,5.2427568339256,-2.23442538306802,0.0289052682392047,0.161846930687441,-3.73937584600409
"ENSG00000207357",0.687707022191335,5.34122324237065,2.22358280045506,0.0296635071372264,0.163472899636529,-3.74100148684119
"ENSG00000167895",-0.46505941234681,4.91797964340648,-2.21757516978398,0.0300911205833091,0.164663878516032,-3.7410322719716
"ENSG00000166783",-0.259529052449681,8.05479231062701,-2.38078976417139,0.0202204992393668,0.136001580069222,-3.74263937980831
"ENSG00000104714",-0.365404259392137,6.83720028102783,-2.32909930442186,0.0229780189907815,0.143605259947417,-3.74511676261569
"ENSG00000272391",-0.361163165198488,4.77849750827436,-2.19929247267413,0.0314259776039753,0.168016414118212,-3.74567257032663
"ENSG00000140682",0.618380432139356,5.3161709061525,2.21359128419888,0.0303776676060057,0.164957329809008,-3.74984629584967
"ENSG00000021355",0.325115147014451,8.12445510125158,2.37119240095763,0.0207089926773253,0.137472338110142,-3.75401624481532
"ENSG00000225972",2.16800053348172,7.12961628751689,2.32610945694602,0.0231472931790924,0.144286559770819,-3.75634228948303
"ENSG00000133059",-0.333672668359192,5.27931249330211,-2.23005673231212,0.0292086970621785,0.162777714966346,-3.75786626905636
"ENSG00000112118",-0.271002303054623,6.20947988216081,-2.29250160273827,0.0251276314212459,0.150822870851455,-3.75991473576133
"ENSG00000166197",-0.252474211019689,7.15355465317343,-2.34329567913576,0.02218919584752,0.141381066663213,-3.76119805074005
"ENSG00000189091",-0.250517502832754,6.82360816564026,-2.32405796980662,0.0232640808623958,0.144564910571698,-3.7643944417925
"ENSG00000131018",-0.286370410428052,8.20522959437297,-2.37485296417896,0.0205214463147803,0.137013831656183,-3.76496837907939
"ENSG00000185697",-0.459750106426964,5.01345606658983,-2.20751693502026,0.0308191911034305,0.16624054765494,-3.76512075579902
"ENSG00000165682",0.528936501553671,6.7674478154703,2.30097314542435,0.024614786230005,0.149207922152658,-3.76614023602942
"ENSG00000090382",0.342913922141289,9.36318784055373,2.38560016222717,0.0199795476602819,0.135094628654754,-3.76849343300498
"ENSG00000184678",0.500790875042352,9.10342152900435,2.37956320724699,0.0202823507479486,0.136249379623704,-3.77307491548903
"ENSG00000130787",-0.476645212199325,4.95616597375663,-2.20675036977537,0.0308753087781026,0.16637851851939,-3.77344905358915
"ENSG00000148773",0.557466222084929,6.72559704939393,2.29791065876782,0.0247991005394435,0.149726077388859,-3.77580365925008
"ENSG00000152457",-0.388106349648528,5.27842534777671,-2.21914842234257,0.0299786182869607,0.164309368639197,-3.77715601919412
"ENSG00000100029",-0.390406799332237,5.60722553743051,-2.24722451453663,0.0280322178955646,0.15974845512033,-3.77756515604228
"ENSG00000155363",0.445844775061826,5.01264005597658,2.19297404135648,0.0318992380728983,0.16888926046759,-3.77838419279995
"ENSG00000110274",-0.333674595240264,5.18524251289808,-2.20994323611345,0.0306421599163773,0.165660010313983,-3.7833127469409
"ENSG00000096384",-0.240124054426644,9.53581527437452,-2.37751831248218,0.0203858440767148,0.136607722669055,-3.78532365604331
"ENSG00000198315",-0.380263357280653,4.87713691797613,-2.18513303330145,0.0324952260467816,0.170654191791523,-3.79273685392948
"ENSG00000130520",-0.349102360007922,6.03933129753901,-2.26182613205246,0.0270646883325324,0.156860023442166,-3.79343846823711
"ENSG00000153207",-0.262886707245123,6.431886175714,-2.28284666472553,0.0257236365145793,0.15366488128446,-3.79411598835316
"ENSG00000112695",0.392689494215033,4.8615070089184,2.17632170400754,0.0331765923643242,0.172962751388362,-3.79477843869688
"ENSG00000112294",-0.510408371775283,4.83819232864759,-2.18470755188144,0.0325278438695758,0.170654191791523,-3.79595695596238
"ENSG00000197381",-0.373542502572175,5.60584819701913,-2.22569480239367,0.0295144534704994,0.163243393408407,-3.79955930978635
"ENSG00000244398",-0.32103717831207,5.89046893547825,-2.2504034113451,0.0278190183422357,0.159313327578708,-3.80224568025602
"ENSG00000198843",0.442346086433816,4.87072905317031,2.160678914006,0.0344170808421731,0.176586947995106,-3.80257805540118
"ENSG00000112242",0.301361573211559,5.74174198175269,2.22197437962897,0.0297774646439373,0.163866290283,-3.80943127686125
"ENSG00000162402",-0.242853832501398,7.34412154485576,-2.325068376886,0.0232064948461019,0.144490267338929,-3.814353038873
"ENSG00000134265",0.457191761744093,5.49010022093715,2.20247656063268,0.0311898281102908,0.16724624364652,-3.8166374854716
"ENSG00000106615",0.402862866098408,6.70775439351536,2.27468303901548,0.0262373076720779,0.155033462253232,-3.81681464496052
"ENSG00000133606",-0.401685387102651,9.76983666572326,-2.36199513524855,0.0211869710314444,0.139098814394025,-3.81749521175334
"ENSG00000036054",0.268145224283114,5.96740428402291,2.23442229754534,0.0289054815636711,0.161846930687441,-3.81948630016297
"ENSG00000055163",-0.254910748449412,8.63354209001448,-2.35763105135331,0.0214171916532476,0.139403656065583,-3.81984924430407
"ENSG00000163877",-0.355224652985271,4.93987623945071,-2.1754496717948,0.0332447008193695,0.173107232804304,-3.81990869313413
"ENSG00000100368",0.598658448464861,5.28518947668236,2.18447303664699,0.0325458343009164,0.170654191791523,-3.82181755491624
"ENSG00000179820",-0.446722452510267,5.08563260780548,-2.17431674222816,0.033333368996574,0.173211759852749,-3.82612215262726
"ENSG00000043462",0.203174511135673,8.9916101557745,2.35591754777524,0.0215081925735099,0.139828917828737,-3.82794226924108
"ENSG00000182512",-0.586458216806617,6.83852845145831,-2.2928433042496,0.0251067639215208,0.150822870851455,-3.83033318788235
"ENSG00000167468",0.304516341480078,9.10834661279533,2.35352027832809,0.0216360850115649,0.140156454912664,-3.83191170678132
"ENSG00000119900",-0.236580077156757,7.27499557029025,-2.31117806749307,0.0240093427346861,0.147498243248003,-3.83388233779818
"ENSG00000197343",-0.267637390994252,5.97195100746806,-2.23470029846843,0.0288862669173202,0.161846930687441,-3.83525607585054
"ENSG00000205903",-0.430516930059593,4.84030571802057,-2.15605726266063,0.0347912588898046,0.177142783580986,-3.83533558250042
"ENSG00000090615",-0.253701161953625,7.22693523207194,-2.31094907198919,0.024022782476601,0.147498243248003,-3.83592197080736
"ENSG00000164631",-0.387010228768838,4.91169276773325,-2.16445910385079,0.0341136494723709,0.175662724315196,-3.83655590157397
"ENSG00000139725",-0.260256523781549,6.36382912362842,-2.25721821084598,0.0273667836467169,0.158106296190152,-3.8371974985908
"ENSG00000115310",0.306573532976549,6.54846547802389,2.25843311700109,0.0272868468036038,0.157811827373708,-3.83825552534909
"ENSG00000173221",0.367733560465344,6.53319775726364,2.26543976700585,0.0268298427497873,0.156347679005084,-3.83900713392708
"ENSG00000160685",0.314960840538325,6.88248519714655,2.28067938548349,0.0258591309592621,0.154132839570173,-3.83942029519202
"ENSG00000165030",0.445721298694934,5.27414142834976,2.17299298246847,0.0334372346295397,0.17332640748024,-3.84216644841525
"ENSG00000089048",-0.325783770740673,5.47113063448378,-2.20068415235885,0.0313225705905536,0.167792885523438,-3.84318619554309
"ENSG00000105176",-0.227892717361836,6.62275076321589,-2.27073225858002,0.0264891397581967,0.155509518752862,-3.84401004890159
"ENSG00000139597",0.473251803550024,4.99916367453222,2.14712452602151,0.0355245553251415,0.178622744701256,-3.84728089945299
"ENSG00000145431",0.541085571304925,5.03181453538872,2.14026630478835,0.0360966738640336,0.180251768296292,-3.85075721994381
"ENSG00000135926",0.403746269445421,6.74116699076615,2.25890950006196,0.0272555586669841,0.157798388541689,-3.8527781155007
"ENSG00000143862",-0.336473972790164,5.44351238263409,-2.1877136076937,0.0322980102095383,0.170338392663664,-3.85626732214244
"ENSG00000135624",-0.272107877442321,6.64871726718835,-2.27241014090265,0.0263819277107034,0.155107892408032,-3.85711743188425
"ENSG00000206341",0.45511229816131,5.77430243132647,2.19664944184104,0.031623189848596,0.168091581228316,-3.85843176084594
"ENSG00000102445",-0.444416420274322,4.62090916641962,-2.13324383151698,0.0366908063057666,0.182382767111146,-3.85912181359032
"ENSG00000167716",-0.332215414822365,5.95308048288587,-2.22340659822519,0.0296759724193332,0.163472899636529,-3.8627160379615
"ENSG00000112531",0.196697920477904,8.15468265733723,2.32328404274674,0.0233082750124926,0.144564910571698,-3.86327734385183
"ENSG00000144320",0.286345063686831,5.0980826430469,2.14982639487542,0.0353013459787597,0.178406060196923,-3.86369671847481
"ENSG00000105639",0.31981475760518,6.8652831503897,2.26993148682579,0.0265404424860462,0.15557079746188,-3.86504213039589
"ENSG00000096433",-0.40970534198105,5.29808170692359,-2.18073553293293,0.0328337295721407,0.171833005484171,-3.86826683366063
"ENSG00000100888",-0.19658891332701,7.42731396474852,-2.30078147094002,0.0246262863469971,0.149207922152658,-3.86999917701361
"ENSG00000158941",-0.266024232172849,6.23785128750801,-2.24066787543538,0.0284765089281419,0.16126821272403,-3.87200316874343
"ENSG00000068383",0.442940321972999,4.95569430662028,2.13146022512451,0.0368430580165751,0.182957517007401,-3.87289876857029
"ENSG00000065150",-0.234419696764866,6.95163134469111,-2.27971770800372,0.0259194553144508,0.154132839570173,-3.8734467914306
"ENSG00000129472",-0.535164112609231,5.9216433431012,-2.21328736795093,0.0303996253906468,0.164957329809008,-3.87514232014063
"ENSG00000167721",-0.424829164298176,5.10470944494969,-2.15406698091161,0.0349534879270929,0.177366108724927,-3.87885015023091
"ENSG00000111540",0.205713443811312,7.1639635462512,2.27727138161687,0.0260734706025551,0.154232646951922,-3.8794050008536
"ENSG00000126746",-0.255333437666867,5.83416604320497,-2.19834187647927,0.0314967825857322,0.168091581228316,-3.88231378618877
"ENSG00000253729",-0.228805863490471,7.6106419698404,-2.30040503260254,0.0246488858181704,0.149207922152658,-3.88442634640217
"ENSG00000100554",0.315669904529911,5.49954053468412,2.16536121599066,0.0340415847034092,0.175623630174407,-3.88561358242441
"ENSG00000111737",-0.285676284613225,6.0143997313365,-2.21649305486168,0.0301687172769273,0.16485373292347,-3.88619092291742
"ENSG00000164151",-0.269051982762128,6.18409163577939,-2.22696598275473,0.0294250585361108,0.163243393408407,-3.88713744723671
"ENSG00000196943",-0.314952592171463,5.22187433552669,-2.16108162286748,0.0343846439737097,0.176586947995106,-3.88910383142408
"ENSG00000129317",-0.341437142164464,5.10734254059643,-2.14834789907199,0.0354233366928743,0.178622744701256,-3.89084787233926
"ENSG00000249035",0.798168952743699,4.64859892349586,2.09062007614524,0.040482992129226,0.193976553315764,-3.89342194861761
"ENSG00000197024",-0.35858399352823,5.25411491344186,-2.15833014735682,0.0346067997296664,0.176832091646102,-3.8952346945489
"ENSG00000109118",-0.245529495506738,6.428432989198,-2.23631177557938,0.0287751076025521,0.161846930687441,-3.89584157409856
"ENSG00000165178",0.445778555777914,5.72091157109578,2.189301658612,0.0321771684570359,0.169865517203422,-3.89681762162584
"ENSG00000069345",-0.196286551650736,7.18917945458411,-2.27356991775148,0.0263080455700407,0.155043563796419,-3.89719326299558
"ENSG00000137265",-0.407166503606852,5.4242574825373,-2.17408501983533,0.0333515301184901,0.173211759852749,-3.89913764576181
"ENSG00000245910",-0.335964996681271,6.51119210481179,-2.2328299294656,0.029015758662784,0.162297590549124,-3.90003093072714
"ENSG00000105576",-0.323180795972507,5.26282069448823,-2.14507317500972,0.0356948453044729,0.17923089144587,-3.90054553730247
"ENSG00000151148",0.419901118532487,6.23417750373603,2.2049572366956,0.0310069287111144,0.166757894983368,-3.90089998625587
"ENSG00000136643",0.314757079795753,6.35409145707086,2.21342673999705,0.0303895541043665,0.164957329809008,-3.90290778958573
"ENSG00000162511",-0.220476696141397,8.6602221769523,-2.3169017485751,0.0236755802557479,0.146075380785181,-3.90444824804017
"ENSG00000196792",0.359838751966389,6.93464876888185,2.24457601855765,0.0282109440474541,0.160598979279551,-3.90567741096505
"ENSG00000132274",0.303646489826136,7.94499075361192,2.3014568673844,0.0245857849645621,0.149207922152658,-3.90639325372862
"ENSG00000142039",-0.326618236815647,5.66888049536906,-2.17949496853591,0.0329297806418021,0.172066348298562,-3.90900022753773
"ENSG00000188191",0.610370480415647,6.23050218587048,2.19753065726705,0.0315573167802655,0.168091581228316,-3.90902397545009
"ENSG00000097007",-0.31418785033349,5.39403444897682,-2.15699006305352,0.0347154524742053,0.176922156295108,-3.91485671590975
"ENSG00000118640",0.239160461947094,6.92639711186813,2.25347786780163,0.0276141853582363,0.158900383037033,-3.91555093596546
"ENSG00000254470",0.389170463470997,5.58630862945193,2.15966106129169,0.034499184791317,0.176812378874031,-3.91914445128126
"ENSG00000011258",0.419057988335191,6.57540818586837,2.21995594760962,0.0299210164607032,0.164158809343314,-3.9213381895578
"ENSG00000198836",-0.360062693478387,6.6558658781362,-2.23474752975161,0.0288830035414568,0.161846930687441,-3.92199800193927
"ENSG00000108424",0.19175162786668,8.49437876020323,2.30602559382915,0.0243133603011727,0.14883054710201,-3.92209742182306
"ENSG00000088038",0.209767827887376,6.49378973090488,2.22142884428826,0.0298162034986163,0.16391390177645,-3.92279469635
"ENSG00000111678",-0.341978061706697,5.76789821874096,-2.17307225938826,0.0334310063906322,0.17332640748024,-3.93047918577544
"ENSG00000277775",0.576889095922023,5.41715485184863,2.13731142513213,0.0363456394802333,0.18116289468281,-3.93178820192259
"ENSG00000159352",-0.237739134639921,7.05816556897215,-2.2545870197829,0.027540616413169,0.158900383037033,-3.9318379579346
"ENSG00000049618",-0.21281713327931,7.80897896450248,-2.28194761194559,0.0257797672578895,0.15383151371411,-3.9338297424778
"ENSG00000148498",0.526426776603802,7.07862258668222,2.23813076336093,0.0286500871673042,0.161620062314024,-3.9349429781175
"ENSG00000166477",-0.297525407795604,5.88978745517878,-2.17934403688944,0.0329414833471733,0.172066348298562,-3.93564616110162
"ENSG00000152492",-0.332780438473165,6.49654411371903,-2.22575088574106,0.0295105044112502,0.163243393408407,-3.93565576589356
"ENSG00000109184",0.464112552367562,5.20224912158135,2.11052021156912,0.0386721133717521,0.188112208615451,-3.93742499229576
"ENSG00000047346",-0.291185908286779,5.69565292739787,-2.15789336081304,0.0346421812685236,0.176832091646102,-3.94156289194943
"ENSG00000118482",-0.21216304935,7.98446475033146,-2.28467622092425,0.0256097453424326,0.153269566337756,-3.94372706747603
"ENSG00000259719",0.569196685275451,5.84693740927678,2.15401741985017,0.0349575360972441,0.177366108724927,-3.94530683400064
"ENSG00000075624",0.29153258929675,14.6555018501276,2.22485560776577,0.0295736001860499,0.163390402609997,-3.9509355661917
"ENSG00000005156",-0.372872456940405,4.8738889797997,-2.10000940744247,0.039619608737214,0.190989180569356,-3.95541850837565
"ENSG00000241258",-0.328251087941489,5.0410234502852,-2.11212849623482,0.0385288862524322,0.187883591017488,-3.95605120009506
"ENSG00000115944",0.326960248720451,5.24557369615655,2.11452317470662,0.0383164809914863,0.1876559171044,-3.96218465759664
"ENSG00000119596",-0.235076996832923,7.65954289178496,-2.26621061559764,0.026779979877524,0.156347679005084,-3.96261019939849
"ENSG00000134313",0.322284834127651,6.58390562434463,2.19662311326304,0.0316251598309515,0.168091581228316,-3.96294883221308
"ENSG00000119326",0.445696869479786,5.66024496184219,2.12929278212601,0.0370288154787339,0.183227054248994,-3.96787887299022
"ENSG00000185651",0.280780157442857,6.8752147607288,2.21419509137535,0.0303340842230645,0.164957329809008,-3.96961278786114
"ENSG00000100129",-0.288635637039258,7.60198957240963,-2.26264745604956,0.0270111526733828,0.156716464073045,-3.96974743808635
"ENSG00000009954",-0.224381374671838,7.7482439856427,-2.26427739803897,0.026905186482774,0.156463437832636,-3.96976272680733
"ENSG00000172578",0.315427658271374,6.4064582249274,2.18551942979039,0.0324656293544137,0.170654191791523,-3.97036083558367
"ENSG00000257267",0.447120693112604,6.97330723828498,2.21197069681013,0.0304949153884862,0.165309750285048,-3.97720601856841
"ENSG00000137752",0.30616360834417,7.32359032650176,2.24277005383005,0.0283333898006538,0.160959653424361,-3.97948065785137
"ENSG00000211899",-0.469572461919936,6.92229086032085,-2.22987887328656,0.0292211096250159,0.162777714966346,-3.97963020537764
"ENSG00000125870",-0.282055368474317,5.54716042281478,-2.13604647730117,0.0364526755018723,0.181364544414795,-3.97967535339666
"ENSG00000102974",-0.199559700599577,7.40054483289041,-2.24314241889542,0.0283081048991663,0.160959653424361,-3.98212624312932
"ENSG00000161813",0.340580405964952,6.81149151077548,2.20340625530381,0.0311211713537407,0.167207240172761,-3.98435748264243
"ENSG00000070423",-0.404019965114234,4.6575788181538,-2.06895936380059,0.0425372535343913,0.199434558739556,-3.98491793355593
"ENSG00000161203",0.233203332842788,8.81326747891064,2.27843653269571,0.02600001460444,0.154132839570173,-3.98518729142199
"ENSG00000182621",-0.365561327374089,5.05365737131743,-2.09364676068739,0.0402029114367125,0.19331461739383,-3.98569146573349
"ENSG00000131100",0.282508546121373,7.27112462460845,2.22723033535181,0.0294064980726289,0.163243393408407,-3.9860315458337
"ENSG00000099785",0.507310432432648,7.6040109989125,2.23819348723975,0.0286457846563286,0.161620062314024,-3.98751335611633
"ENSG00000023697",0.467832960175254,5.72156390395241,2.12150659445511,0.0377028656954853,0.18580658920326,-3.98812262227304
"ENSG00000132109",0.297828759343947,6.39960515030915,2.18520535390932,0.0324896847293939,0.170654191791523,-3.98850078146604
"ENSG00000136560",-0.256574410731819,6.56349900215567,-2.19677992079705,0.0316134286148381,0.168091581228316,-3.98945799229283
"ENSG00000149929",-0.401355853306526,6.13031664401308,-2.16574340485427,0.034011093917526,0.175623630174407,-3.99394988529541
"ENSG00000143641",0.407767310787881,4.96131261284022,2.05950532669896,0.0434617647017038,0.202030455712357,-3.99403252903864
"ENSG00000106772",0.590220632095664,4.87726664817739,2.05053894174169,0.0443545844589952,0.203420541313574,-3.99498807392814
"ENSG00000235568",0.323371630754758,5.48774039195464,2.11428914094312,0.0383371945185752,0.1876559171044,-3.99595452823718
"ENSG00000198830",0.314117492583961,8.22608508028445,2.26420164792478,0.0269101030193062,0.156463437832636,-3.99641510712708
"ENSG00000149357",0.38226458497176,8.11230215018433,2.25364058795383,0.0276033814492544,0.158900383037033,-4.0000127938629
"ENSG00000172086",-0.280589549966697,5.46380558084981,-2.11387910618541,0.0383735087721021,0.187665059057821,-4.00021584873636
"ENSG00000163297",0.434113373001099,6.0315911035989,2.13680678312981,0.0363883078428189,0.181209781652356,-4.00264880395088
"ENSG00000273149",-0.321460065999676,6.08592551631549,-2.16292146095963,0.0342367908358854,0.176130346056566,-4.00357554059983
"ENSG00000100243",0.497179436544526,7.88949278387418,2.24186569407363,0.0283948819292045,0.161140954948236,-4.00413880383673
"ENSG00000115956",0.233870954099251,9.42915670766016,2.27403370553415,0.0262785517890541,0.155043563796419,-4.00544436321183
"ENSG00000066739",-0.282092284016185,5.57793007861874,-2.11663118849886,0.0381303462351496,0.187147861521707,-4.00780853150556
"ENSG00000181222",-0.186375847433982,8.57439497290424,-2.265394130744,0.026832797332921,0.156347679005084,-4.00911682239755
"ENSG00000154727",-0.28880936822369,6.02615513461988,-2.14702839243434,0.0355325198512021,0.178622744701256,-4.00929606981851
"ENSG00000108669",-0.24941513353993,7.60743277686004,-2.24127085429158,0.0284353922895485,0.161202931522852,-4.01402464241324
"ENSG00000181090",-0.297059059781009,6.74860184206497,-2.19399567830619,0.0318222946842451,0.168645779610668,-4.01854611218792
"ENSG00000187231",0.308405786352812,6.34109087419393,2.15501858406722,0.0348758399286033,0.177366108724927,-4.02108086139934
"ENSG00000138286",0.395389131085204,4.97343885940662,2.04741598157665,0.0446692474010538,0.204159446175286,-4.02713437447493
"ENSG00000165494",-0.262241046261294,7.04400849637557,-2.20629078848006,0.0309089962055763,0.16639546573911,-4.02725977461625
"ENSG00000119242",0.444059961290574,7.54410687174401,2.21739889871597,0.0301037487154861,0.164663878516032,-4.02930235079175
"ENSG00000271601",-0.331529160367252,5.08415513415556,-2.07492168558754,0.0419629888278792,0.197934513536178,-4.03476974308306
"ENSG00000152193",-0.274314449125471,5.17312354900312,-2.07029347729638,0.0424081702940372,0.199000613059358,-4.03504737944107
"ENSG00000058063",0.332958521273609,6.36289290764488,2.14705913825474,0.0355299724357583,0.178622744701256,-4.03580650126225
"ENSG00000069020",0.361508090665113,6.52408965767328,2.15760789922676,0.0346653219306235,0.176832091646102,-4.03855773997802
"ENSG00000189180",-0.255115235179518,6.64914509379229,-2.17786172313089,0.0330566104153202,0.172502311822476,-4.0404701313251
"ENSG00000115977",-0.278851465104175,6.89687282290545,-2.19015904403268,0.0321120911814184,0.16968639452606,-4.04491118739625
"ENSG00000147419",-0.341274274732362,5.06335408924745,-2.05884847878276,0.0435266383906446,0.202098499521395,-4.04503209584023
"ENSG00000156976",-0.253096862255968,7.86093320493493,-2.23159916583741,0.0291012470732598,0.162442207023688,-4.0466757390218
"ENSG00000156273",0.225891892440396,7.86602931338523,2.22633002843708,0.0294697517779558,0.163243393408407,-4.04767331723658
"ENSG00000278791",1.44242950818933,4.12413295506908,1.99800790855539,0.0499097060495212,0.216284502847851,-4.04923772282641
"ENSG00000135821",0.221894991094715,8.79115866157694,2.24773415541192,0.027997941037049,0.159720191382035,-4.0494391158038
"ENSG00000007968",-0.529858662077645,4.95144722941793,-2.05437548697337,0.043970643557421,0.202621082386515,-4.04946407229272
"ENSG00000254810",0.683673974981732,4.8117674120436,2.01849117375857,0.0476763320387802,0.212033189344714,-4.05067050604002
"ENSG00000128272",0.307762858401988,8.94478363687083,2.24784972830711,0.0279901731077539,0.159720191382035,-4.05078324003347
"ENSG00000114480",0.337783302039426,5.25388413915821,2.05768650112874,0.0436416062930723,0.202098499521395,-4.05355603567897
"ENSG00000109265",0.466477408981955,5.0444110925669,2.03391791515557,0.0460515408294089,0.207263001677428,-4.05379246439501
"ENSG00000135905",-0.239871827013027,7.39302869070448,-2.20940768805498,0.0306811582978724,0.165660010313983,-4.05487357940374
"ENSG00000173848",-0.447956369134637,7.83207154227774,-2.22620255547431,0.0294787174361473,0.163243393408407,-4.05584516507721
"ENSG00000143889",0.450332750745379,5.53562175725748,2.07119769516255,0.0423208748277208,0.198762177639158,-4.05737667127139
"ENSG00000119655",0.349504734867483,5.98409006657825,2.10702234810918,0.0389852175568106,0.189134431892465,-4.060164360093
"ENSG00000219626",0.38846975003343,5.2277423600433,2.04866135079772,0.0445435363643077,0.20382200386176,-4.06234845986344
"ENSG00000145191",-0.324502415515345,4.93130024037089,-2.04170267813944,0.0452498963691726,0.205949403023603,-4.06269399901403
"ENSG00000179361",0.289752526569583,5.66937206957237,2.08352492894063,0.0411461994603743,0.195340242003005,-4.06520450969367
"ENSG00000140022",0.511827580186426,7.67628770462934,2.20285434013214,0.0311619135558189,0.16724624364652,-4.06603098173411
"ENSG00000137817",0.382419176756557,5.09772339042274,2.03837393766088,0.0455911922227343,0.206467843083505,-4.06762256729864
"ENSG00000143401",-0.224646210494504,7.69135635911024,-2.21399433100588,0.0303485691961836,0.164957329809008,-4.06897600331706
"ENSG00000165406",-0.489331458441139,8.59046532681315,-2.23649861453885,0.0287622439052721,0.161846930687441,-4.0699421080637
"ENSG00000085415",-0.344624767982301,4.9069909647543,-2.03584000847063,0.0458524817058766,0.206791655905311,-4.07465036618657
"ENSG00000169519",0.475718614990163,4.96515608546201,2.01930774241006,0.0475891086812706,0.211818189620557,-4.07777378983192
"ENSG00000072110",0.450707720161551,9.68049940138042,2.23802560395817,0.0286573017979712,0.161620062314024,-4.0800015082215
"ENSG00000100220",-0.324642155258446,5.26444536948581,-2.06288026396006,0.043129754805213,0.201001628895467,-4.08000445281271
"ENSG00000100934",0.288795320674228,5.66767946322228,2.07772531319394,0.0416952842574002,0.197012930298626,-4.08157828482054
"ENSG00000164880",-0.292452622877487,5.8700842436715,-2.10700906249697,0.0389864109793021,0.189134431892465,-4.08166982335512
"ENSG00000133226",-0.190647273519001,8.26563954780977,-2.22446714357323,0.0296010145697627,0.163390402609997,-4.08247403076484
"ENSG00000104093",0.328921438023055,6.64095723982612,2.15047730278648,0.035247755958746,0.178342968080125,-4.08729261822931
"ENSG00000117713",-0.146143091628648,8.88741918959376,-2.23205302409767,0.0290696964575348,0.162432519282718,-4.08741826607026
"ENSG00000138346",0.431938434664555,5.58097695591487,2.05710763532147,0.0436989780536349,0.202098499521395,-4.08825225243972
"ENSG00000104447",-0.377227159632815,5.1291236132547,-2.03695313994795,0.0457375411284176,0.206615359923399,-4.08966559648547
"ENSG00000100028",-0.28728104728831,5.63782885183972,-2.08007140504807,0.04147240565487,0.196471013919767,-4.09011944678632
"ENSG00000141524",-0.33821748613781,5.29190867805842,-2.05484629689449,0.0439237257675914,0.202621082386515,-4.09201096467194
"ENSG00000159140",-0.218158412786524,8.70137063360362,-2.22767969237233,0.0293749719063165,0.163243393408407,-4.09328097346901
"ENSG00000172340",-0.295685302229382,5.46445572238002,-2.06796290310409,0.0426338885784448,0.199544179532103,-4.09381551746493
"ENSG00000259330",0.421358608284755,6.57218571495126,2.12943704194485,0.0370164266072366,0.183227054248994,-4.09449082697193
"ENSG00000174744",-0.347524238862378,5.63140532089889,-2.08297643066851,0.041197859409224,0.195340242003005,-4.0949448665711
"ENSG00000148660",-0.2907788861257,5.77956544024766,-2.08561715788489,0.0409496595017449,0.194841698659831,-4.09714429572491
"ENSG00000171467",-0.303618164622785,5.99442167470923,-2.10773179090814,0.0389215356926764,0.189134431892465,-4.09808798674208
"ENSG00000153201",-0.222566340470141,7.2957051374767,-2.18261251357191,0.032688870388399,0.171239390265382,-4.10108098140496
"ENSG00000050393",0.523739532034933,7.94040392730594,2.19689382310975,0.0316049096543727,0.168091581228316,-4.10164240507853
"ENSG00000103510",-0.317325594585261,5.31206170925929,-2.0509386377558,0.0443144503984235,0.203420541313574,-4.10287047352176
"ENSG00000167881",-0.240067191441534,6.12938747561137,-2.11126710591672,0.0386055406075103,0.187956197703053,-4.10556818237578
"ENSG00000120913",-0.387363567282929,4.82455718647611,-2.00898520161704,0.048701889453477,0.213615955688914,-4.10573657879213
"ENSG00000182957",-0.280507631947105,6.00214297862186,-2.10547638930237,0.039124301520586,0.189634514843552,-4.10606288209497
"ENSG00000184983",0.348585008176293,7.16540650741016,2.16060811641721,0.0344227861179887,0.176586947995106,-4.10628977482085
"ENSG00000171848",0.632652773527684,5.03851964797994,2.01023378636541,0.0485661129755215,0.21354978489963,-4.10708654126512
"ENSG00000103319",-0.30469777158292,4.75990647232084,-2.00442618109378,0.0492004295891232,0.214951034804766,-4.10752232472181
"ENSG00000168016",0.258051929729459,7.45003308678419,2.18599804188764,0.0324290020114727,0.170654191791523,-4.10915639524651
"ENSG00000169379",0.375754640250816,5.35066792747765,2.02850329482539,0.0466163073086534,0.209025219932135,-4.11143878734241
"ENSG00000145348",0.353314889332725,4.92009385165881,1.99262322744689,0.050511510999747,0.217538902708792,-4.11308664362775
"ENSG00000184445",0.385445882879993,5.13088247144162,2.00923787639352,0.0486743862221311,0.213615955688914,-4.11435945923045
"ENSG00000138668",-0.183504804458293,8.49624449988369,-2.21411145956929,0.0303401175660477,0.164957329809008,-4.11500577548994
"ENSG00000170445",-0.326083560164601,5.2181451749364,-2.03750762795493,0.0456803781192397,0.206615359923399,-4.11550138716869
"ENSG00000111077",-0.475891415038148,5.23845480357003,-2.04042510600866,0.0453806244132188,0.206028034836013,-4.11620810119792
"ENSG00000171159",0.442167487432505,6.17983001059568,2.08910051609922,0.040624244986446,0.194206600290226,-4.11815136346536
"ENSG00000168300",-0.344901019017129,8.56066668912792,-2.20981104936289,0.0306517816485177,0.165660010313983,-4.11881445017228
"ENSG00000125810",-0.497072575532978,4.96365323999604,-2.0130396043403,0.0482621824668166,0.2129224823705,-4.11916286147287
"ENSG00000156017",0.307457342617735,5.71621073155518,2.06185471485124,0.0432304106103442,0.201298527354834,-4.12147433516476
"ENSG00000108389",-0.307553556164137,5.37106024406298,-2.04420711594481,0.044994571104925,0.205301862126994,-4.12255515478118
"ENSG00000151948",0.485578370027353,5.04931273040665,2.00193325368002,0.0494748858426933,0.215803985645311,-4.12396564692929
"ENSG00000107968",0.288344837980357,5.58685018518309,2.04934403461832,0.0444747540394869,0.203783397819281,-4.12447543259487
"ENSG00000120885",0.763252891815952,9.85313795227194,2.21393433195096,0.0303528993415085,0.164957329809008,-4.12724247931121
"ENSG00000197555",0.295120909590772,7.90839116033988,2.19029121909664,0.0321020691029067,0.16968639452606,-4.13074186713319
"ENSG00000198887",-0.239602557059457,6.42123036224948,-2.1155859284077,0.038222542725693,0.187431514644082,-4.13083874105286
"ENSG00000136305",0.380708952150808,4.76195688175062,1.98464023798484,0.0514151522929678,0.219866365535391,-4.13090143569763
"ENSG00000110218",0.530704059037334,4.94998751880276,1.98200084744678,0.0517169502572575,0.220652048545589,-4.13146070715057
"ENSG00000198964",0.406837025334111,7.09560021785949,2.14097465013024,0.0360372132021131,0.180251768296292,-4.13190139325047
"ENSG00000111361",-0.281676232888407,5.3971103940169,-2.04125901309687,0.0452952576993695,0.205983776248886,-4.13677692317239
"ENSG00000131504",0.23171145371367,9.74463501268355,2.21000202336224,0.0306378817080705,0.165660010313983,-4.13763537497547
"ENSG00000136152",0.331198798787482,4.93710678542621,1.98962084839748,0.0508497577886341,0.218716460484442,-4.13965483757655
"ENSG00000182487",0.447212820316599,5.9064401418194,2.0729659424829,0.0421506131790999,0.198475834571942,-4.14040968296096
"ENSG00000131981",-0.311994942389559,7.10636350250182,-2.15392182821885,0.0349653452222048,0.177366108724927,-4.14090547912185
"ENSG00000136869",0.31604345640925,6.24734087990676,2.09203274601343,0.0403520577552187,0.193676064151502,-4.14113345519861
"ENSG00000160145",0.378072569940423,6.01771871493457,2.06548600072917,0.0428749175580141,0.200328088212745,-4.14201054853928
"ENSG00000111142",-0.2274392458167,6.55558343629423,-2.12115458097892,0.0377335902659037,0.18580658920326,-4.14264559892789
"ENSG00000132471",0.315015870238925,8.6342119875821,2.19536652729835,0.031719306624693,0.168427663246908,-4.14612436392596
"ENSG00000015153",0.294642928009015,5.57022945915761,2.02952510062264,0.046509274555995,0.208717073954745,-4.14924502010746
"ENSG00000135250",-0.2732381609784,6.34984590590928,-2.10185731317619,0.0394515830603541,0.190373980967944,-4.14963721964935
"ENSG00000141452",0.270975221523739,6.80200214720896,2.11907445793262,0.0379155936129839,0.186429741880448,-4.15246182618002
"ENSG00000068650",0.389057242433261,5.50961393646107,2.01430066339378,0.0481261159867661,0.212785484735925,-4.15314282166749
"ENSG00000159658",-0.185606213021139,7.4155504665848,-2.15877343007782,0.034570924268107,0.176832091646102,-4.15402471330682
"ENSG00000181192",0.347087091447081,5.55507199832878,2.02535231277584,0.0469477049493171,0.20960426028393,-4.15599905343568
"ENSG00000094916",-0.276204170856691,6.74269134210859,-2.12639441069346,0.0372784908729509,0.184128031075101,-4.1570203554801
"ENSG00000110955",-0.204594305292781,7.11668504270315,-2.14394832748667,0.0357885250117778,0.17953580503146,-4.16002756902574
"ENSG00000185453",-0.452486440967126,5.06127477968925,-1.99778534261657,0.0499344581441652,0.216284502847851,-4.16188216985837
"ENSG00000273703",0.568213612238381,5.81138560564646,2.04353413235206,0.0450630587774903,0.205442296418215,-4.16404656299089
"ENSG00000111832",-0.277464200580645,5.79745123823156,-2.05231502869927,0.044176484797976,0.20309999086867,-4.16421190093348
"ENSG00000126254",-0.26128080293492,5.57849730020976,-2.03997677572056,0.0454265771177209,0.206064939331676,-4.16441202669692
"ENSG00000145335",-0.509893247310886,9.80446644928225,-2.19414385041839,0.0318111488049065,0.168645779610668,-4.16675356384273
"ENSG00000137812",0.354832566511138,5.89911278072853,2.03717278514078,0.0457148902015048,0.206615359923399,-4.16859155035508
"ENSG00000173166",-0.367969717289464,4.85596458844037,-1.97935252551887,0.0520212925864513,0.221242780648702,-4.1700776070366
"ENSG00000198286",-0.3543534023756,7.05309834651096,-2.14226443110348,0.0359291644760577,0.179910007413201,-4.1709268539098
"ENSG00000026950",0.384599548777329,5.15677598497125,1.9831299964228,0.0515876539247395,0.220431010652534,-4.17234016708632
"ENSG00000047849",-0.247357653918468,7.71906781158791,-2.16475479528951,0.0340900136271291,0.175662724315196,-4.17416671708726
"ENSG00000155366",0.273947049174851,6.06488075502908,2.0583485321864,0.0435760717729439,0.202098499521395,-4.17420325417005
"ENSG00000164346",-0.276747167352721,7.38682097230585,-2.15346106665175,0.0350030073928754,0.177391985373381,-4.17433436725567
"ENSG00000100365",0.406012406839955,6.50259855788372,2.09004434062103,0.0405364602301539,0.194062069713426,-4.18100312612017
"ENSG00000146083",-0.230175275858945,6.61102515194154,-2.104226971796,0.0392370216494895,0.190011816841261,-4.18150413708987
"ENSG00000201098",-0.673856707928124,10.7372506069595,-2.17172899822535,0.0335366744037353,0.173676618014781,-4.18503931786722
"ENSG00000173110",0.531299234507599,4.45173049214966,1.93300059633171,0.0576012614526724,0.235594348644264,-4.18505517879407
"ENSG00000132612",-0.302143839788052,5.30832593072574,-2.00057831828137,0.049624606516078,0.21605927510414,-4.18768075935305
"ENSG00000132680",-0.301102952399653,5.3783391498015,-1.99893721722833,0.0498064690912168,0.216284502847851,-4.18795661214493
"ENSG00000120963",-0.264068975627904,5.44176880292973,-2.00963163533398,0.0486315528125463,0.213615955688914,-4.18813563226685
"ENSG00000115808",0.194462304209255,6.96081253052247,2.11182205794994,0.0385561407411072,0.187883591017488,-4.18920635750522
"ENSG00000104518",0.340405253581838,5.00418299679647,1.97800482459419,0.0521767565737119,0.221558043502402,-4.18973350686817
"ENSG00000136819",-0.391679014991643,8.17737150508605,-2.16917703992596,0.0337382303433312,0.174388879421697,-4.19086143322511
"ENSG00000167323",0.373110278267455,5.85836064809555,2.02565334359412,0.0469159573103012,0.20960426028393,-4.19150038786282
"ENSG00000198821",-0.487356786742874,5.33387797818349,-2.01074517157472,0.0485105967027538,0.213477973212119,-4.19161893081697
"ENSG00000005483",-0.163956829481256,8.37737700538286,-2.17084158867471,0.0336066429671085,0.173873685550624,-4.19274146346341
"ENSG00000126698",-0.253944906094654,6.35989633343655,-2.0784897428077,0.041622549797031,0.196839975081792,-4.19334055365752
"ENSG00000129657",0.198609221328908,8.8220473452,2.17515357463829,0.0332678547625011,0.173107232804304,-4.19704337754182
"ENSG00000105618",-0.259590654910825,6.05694916114649,-2.05811728326349,0.0435989534549087,0.202098499521395,-4.19898019997273
"ENSG00000070047",-0.249647820247483,6.67009118056627,-2.09968483280962,0.0396491856137925,0.190989180569356,-4.19918147439997
"ENSG00000169641",-0.2533756344328,5.66116295147681,-2.0230445182427,0.0471917069736435,0.210221111686353,-4.20152409252163
"ENSG00000276368",0.652949069044102,6.63726390818902,2.08312513797838,0.0411838479575637,0.195340242003005,-4.20243983895838
"ENSG00000151779",0.348039214700105,6.79353799209111,2.08695041757746,0.0408248406843796,0.194685023864823,-4.20271796683222
"ENSG00000155115",0.293020987460078,6.30571098544112,2.05730545861376,0.043679364334328,0.202098499521395,-4.20382118438807
"ENSG00000278463",0.660204189672705,4.6436376799946,1.92801675045994,0.0582304972912798,0.236393255769666,-4.20415855534447
"ENSG00000064102",-0.284285136333541,4.86381636694455,-1.95310796112059,0.0551210289773895,0.228886711790257,-4.20432681329969
"ENSG00000064419",0.24450437761263,6.47532137690075,2.07230384063285,0.0422142963099512,0.198604046888268,-4.20450432550206
"ENSG00000148308",0.401821701377936,4.93374249810721,1.95750313845121,0.0545911861602292,0.227805232413451,-4.20589009638404
"ENSG00000137492",-0.258930092891936,6.10716982981215,-2.05574347155538,0.0438344390207622,0.202553031200265,-4.20801240914254
"ENSG00000133056",-0.404223923797352,5.3651673010483,-2.00032728432011,0.0496523884784109,0.21605927510414,-4.21139528557552
"ENSG00000172775",0.230499113482987,7.04329104979091,2.10348220496648,0.0393043472673118,0.19010710730364,-4.21229071377154
"ENSG00000108312",-0.248103750262961,7.52693309586516,-2.13865064616496,0.036232617460671,0.180764926671919,-4.21254083848179
"ENSG00000169896",0.377150686343788,5.62164120762115,2.00495933742631,0.0491419022753627,0.214948917911937,-4.21425063463113
"ENSG00000160695",-0.264008473449539,5.61557472720638,-2.01299390780509,0.0482671192598325,0.2129224823705,-4.21589180667759
"ENSG00000121104",-0.475568185397836,6.58941686033127,-2.08673205446035,0.0408452610641507,0.194685023864823,-4.21623744938848
"ENSG00000111328",0.405639525938779,6.89153605299641,2.0852288876927,0.0409860712296695,0.194844778411204,-4.21684019433773
"ENSG00000176105",0.286083521834624,5.64615366620567,1.99956918938658,0.0497363679761578,0.21625198143185,-4.21811632475408
"ENSG00000108846",0.644634100665091,6.76336465601083,2.07182324134717,0.0422605740829466,0.198650222263929,-4.220419274982
"ENSG00000149639",-0.289529017884774,5.65238956097106,-2.01142357910561,0.0484370325507189,0.213477973212119,-4.22377800871951
"ENSG00000041802",-0.414825214824926,4.95235692238255,-1.95378652087827,0.0550389427286735,0.22872018305554,-4.22631585791458
"ENSG00000100578",-0.277554172571887,5.27718521951916,-1.96612975187571,0.0535638701611864,0.225340513234088,-4.2270168978258
"ENSG00000130338",-0.2431936121152,6.76323289143678,-2.09303962116896,0.0402589591803636,0.193413412358572,-4.22745586739046
"ENSG00000179010",-0.203276864715592,8.05118922195882,-2.14692674852313,0.0355409425947432,0.178622744701256,-4.22807497312739
"ENSG00000189159",0.295579260754241,5.78631439677053,2.01560596008848,0.0479856237873591,0.212492202052452,-4.22933244443079
"ENSG00000100418",0.321196304478414,5.11968752059932,1.95023657271798,0.055469541324875,0.229880208494037,-4.23144046529397
"ENSG00000127884",-0.310632246686664,5.26470174948671,-1.9765886787931,0.052340544212663,0.221807867513576,-4.23191262443033
"ENSG00000175471",0.325824438792181,7.90096323605529,2.1311032450325,0.036873596489377,0.182957517007401,-4.23252143975389
"ENSG00000078618",0.260257679659532,8.15586764949621,2.14026677824188,0.0360966340923402,0.180251768296292,-4.23389274708609
"ENSG00000198160",0.194608511013149,7.8494111923725,2.13031446200755,0.0369411525093643,0.183125931638778,-4.23674613365209
"ENSG00000125257",0.526577870401214,7.58911412504512,2.11200937129194,0.0385394791823,0.187883591017488,-4.23784855696553
"ENSG00000092330",-0.241167388770191,5.9188270986195,-2.02325047705359,0.0471698867813922,0.210221111686353,-4.23796493743755
"ENSG00000173821",0.242299305007743,9.57101909158184,2.15814907923375,0.0346214631714425,0.176832091646102,-4.24204051684956
"ENSG00000132912",0.268540726497879,6.09356337040461,2.01695310975952,0.0478409967633533,0.212492202052452,-4.24243099938479
"ENSG00000135404",0.345882789526612,5.76143561237178,1.98825400074236,0.0510043881669725,0.219141882282071,-4.24375148910327
"ENSG00000162551",0.630219859543752,4.55873351893126,1.89448580181738,0.0626176197650132,0.245778668933568,-4.24597704340344
"ENSG00000161547",0.29166679121979,5.75308888734506,1.99771443056566,0.0499423466561302,0.216284502847851,-4.24607854536932
"ENSG00000085117",0.381092025992794,5.90378331749735,1.99435167989848,0.0503176605252222,0.216875486187825,-4.24970081793814
"ENSG00000185477",-0.335059298007362,6.01421309043726,-2.02550747834554,0.0469313384008193,0.20960426028393,-4.25063654969343
"ENSG00000149289",0.461896238927032,4.84264912297513,1.90583149121041,0.0611028469537507,0.242453248509857,-4.25086554085037
"ENSG00000154945",-0.217961197483034,6.2840008484691,-2.04220879993971,0.0451981971665564,0.20588610214331,-4.25149230993205
"ENSG00000188536",-0.785257317458919,9.56315058260789,-2.15037557794411,0.0352561263990996,0.178342968080125,-4.25334492313237
"ENSG00000142669",0.385244795064798,10.7277296369139,2.14293326231999,0.035873245894994,0.1797952563348,-4.25568056846327
"ENSG00000102580",0.364577617832046,7.28367069418428,2.08895337902413,0.0406379449946509,0.194206600290226,-4.25626367505455
"ENSG00000170271",0.47651168674215,7.30149584801414,2.08575227920018,0.0409369944919408,0.194841698659831,-4.25666378836404
"ENSG00000272398",0.549376314422256,5.51659000585577,1.97644029912325,0.0523577308411269,0.221807867513576,-4.2583205529458
"ENSG00000143363",0.48325674163013,7.09536787608146,2.07564021310412,0.0418942387196307,0.197781466676385,-4.25842375882447
"ENSG00000168785",-0.527653099141846,5.68167825298967,-1.99859247696225,0.04984474491198,0.216284502847851,-4.25858110070227
"ENSG00000138095",-0.192308951388879,6.62823660902611,-2.06296949121327,0.0431210069008939,0.201001628895467,-4.25861365844716
"ENSG00000010292",-0.243955453970409,6.65883039694899,-2.06610383878864,0.0428146852622866,0.20021837365574,-4.2598118365774
"ENSG00000197903",0.291811587402405,9.50763111705585,2.14842727896614,0.035416777718845,0.178622744701256,-4.26102870965297
"ENSG00000137575",0.233614081966057,7.94485300344952,2.12091226339074,0.0377547529823804,0.18580658920326,-4.26299273493397
"ENSG00000070214",0.428741229051141,5.61083069134931,1.96083514850494,0.0541924113662155,0.226933325997803,-4.26344636153143
"ENSG00000125991",-0.288565097759727,6.17731888071044,-2.03231925538194,0.0462176707963188,0.207750718232958,-4.26436009361435
"ENSG00000239437",0.390332990594684,6.23116673883917,2.01593435343592,0.0479503335945847,0.212492202052452,-4.2692776464153
"ENSG00000152952",0.497454877153888,5.23728511443617,1.91991911359294,0.0592653224657291,0.238396067384318,-4.27107866137399
"ENSG00000138798",0.627859989019429,6.75265095661339,2.04437909074152,0.0449770841206098,0.205301862126994,-4.27135002553653
"ENSG00000126457",-0.316778493312131,5.35533081811717,-1.96332481378168,0.0538960742028333,0.226039886264077,-4.2765922013281
"ENSG00000149212",-0.408657274387164,7.84203933824298,-2.11677564731268,0.0381176195687378,0.187147861521707,-4.27869387161378
"ENSG00000113141",-0.21422391266603,8.24401982692301,-2.1270383708914,0.0372228916444651,0.184020248347592,-4.2787775389353
"ENSG00000028203",-0.304202017569533,5.22253689167986,-1.93024208471849,0.0579488190823608,0.235776823271622,-4.28100525100218
"ENSG00000138386",0.249906974298325,6.39873245148247,2.02630275748081,0.0468475310536247,0.20960426028393,-4.2815872915177
"ENSG00000093144",-0.272226332378843,5.64570538990021,-1.98012652298708,0.0519321874893437,0.221036373001519,-4.28237326501596
"ENSG00000253719",-0.209586779753683,6.70214978545989,-2.05410184014597,0.0439979332715212,0.202621082386515,-4.28271326608075
"ENSG00000114541",0.370810688894684,7.3685668530495,2.07941561084557,0.0415346018899362,0.196594709901279,-4.28643524764622
"ENSG00000130038",-0.324735262095227,5.02229716131045,-1.92628128191156,0.0584509763368512,0.237111629994911,-4.28868148601112
"ENSG00000134852",-0.328556851578708,4.90404720617348,-1.90635039025837,0.0610343173543016,0.242453248509857,-4.28932628761045
"ENSG00000185122",-0.245611790588543,6.32167371172476,-2.02671105040885,0.0468045547937767,0.20960426028393,-4.29089615270476
"ENSG00000023892",-0.2589708503455,6.83351773196598,-2.06419682523097,0.0430008337978164,0.200744252382608,-4.29145885263115
"ENSG00000115392",0.396082573406083,6.07919280729694,1.98948395089435,0.0508652267683164,0.218716460484442,-4.29408969758206
"ENSG00000204104",-0.408650331095645,4.96930879263705,-1.91893933100689,0.0593915850370463,0.238484980753531,-4.29571198578187
"ENSG00000136628",-0.217159592674864,6.70748338771958,-2.05289810889121,0.0441181504133149,0.203003111023429,-4.29667150425698
"ENSG00000072864",-0.264575197443719,6.11434217401674,-2.00478994925715,0.0491604904035011,0.214948917911937,-4.2975473081301
"ENSG00000204394",-0.292684151372661,5.40325090478186,-1.95117387648464,0.0553555708866575,0.22968556754799,-4.30134560574899
"ENSG00000227057",-0.24881724771014,5.42084679046496,-1.94685130966272,0.0558828363279659,0.230765798253639,-4.30401773285631
"ENSG00000105447",-0.356191073776877,4.93710982150176,-1.9090225403589,0.0606824443328871,0.24202104039711,-4.30669190293375
"ENSG00000254087",0.197854630708155,9.30982851380213,2.12463696522888,0.0374305961261196,0.184711854796286,-4.3076357844149
"ENSG00000176624",-0.271068097718318,5.83966801744552,-1.98126474063823,0.0518013895172189,0.220652048545589,-4.30891054677464
"ENSG00000275832",0.545623750015884,4.52955847666109,1.86240374043424,0.0670738318457048,0.254935391308101,-4.3091492848746
"ENSG00000106263",-0.228350383840032,7.13068370687922,-2.06820281805015,0.0426106046954483,0.199544179532103,-4.30948955003444
"ENSG00000110665",0.26523947398804,5.74570350508536,1.95881536750407,0.0544338407088681,0.227594446801162,-4.30990048244504
"ENSG00000197912",0.425582145770203,4.91023522911375,1.87950158165213,0.0646667642713357,0.249507458746627,-4.3127525915926
"ENSG00000187608",0.627763668580235,5.07092607633561,1.90435178263835,0.0612986262910296,0.243053068437794,-4.31684730800829
"ENSG00000101557",-0.221247521279206,6.00926920367288,-1.98127846382168,0.0517998142434952,0.220652048545589,-4.3172080841141
"ENSG00000188690",-0.30838252777031,4.88985264362272,-1.88621303450231,0.0637420514699018,0.248047640291447,-4.31723577512962
"ENSG00000173473",-0.181407486029746,8.14823305062846,-2.10211942659535,0.039427799903477,0.190373980967944,-4.31748305318343
"ENSG00000159377",-0.289178082737114,5.23266677613002,-1.92268803752064,0.0589097285779794,0.237948585459353,-4.32075271456985
"ENSG00000088387",-0.292468278374511,5.68352398456321,-1.96631927037259,0.053541487689746,0.225340513234088,-4.32311220531569
"ENSG00000113140",0.680422931445488,10.373434499508,2.11269709151812,0.038478360013713,0.187883591017488,-4.32331739828544
"ENSG00000011600",0.251453321069617,8.38471514126924,2.10323751607271,0.0393264886070488,0.19010710730364,-4.32794410948146
"ENSG00000138029",0.268325959821066,5.98418599439683,1.96722601170953,0.0534345104760122,0.225144016298,-4.32819587422633
"ENSG00000078804",0.382481727034076,4.9631677787229,1.88048362592649,0.0645307534929913,0.249272090855168,-4.32875146079262
"ENSG00000186184",-0.215818165363672,7.03630440152462,-2.04851786984472,0.044558004148193,0.20382200386176,-4.33230522379619
"ENSG00000167363",0.528229954869404,4.97021698628333,1.85242869966727,0.0685126825123875,0.257241277965187,-4.33601311571214
"ENSG00000197714",-0.335410650921784,4.86641286748674,-1.88703560863252,0.063629488648225,0.247967949433516,-4.33612809802282
"ENSG00000100034",-0.312823361304662,6.41957785592831,-2.00865362166075,0.0487380016375404,0.213615955688914,-4.3363885933245
"ENSG00000100721",-0.783674427209791,4.58527142937757,-1.87383336629169,0.0654565371400864,0.251486046783632,-4.33802901621863
"ENSG00000123473",0.405150053733178,4.84800597477688,1.85111687187967,0.0687038248600183,0.257264090945347,-4.34113973761371
"ENSG00000122299",0.226710388986387,6.74804504421368,2.01635183279093,0.0479055021553217,0.212492202052452,-4.34122598765205
"ENSG00000162775",-0.281515716249506,5.10747178604079,-1.90107214407105,0.0617344484487325,0.243926992363966,-4.34281203371784
"ENSG00000062485",-0.203331508970265,6.15883604150726,-1.98574770888896,0.0512889697879995,0.219671625318413,-4.34313422413042
"ENSG00000145685",0.454650344547178,5.2309558748766,1.88079051789876,0.0644882992630294,0.249272090855168,-4.34328711131026
"ENSG00000281649",-0.298177587710505,5.20676684372337,-1.90800504147171,0.0608162269279816,0.24202104039711,-4.34517378968034
"ENSG00000167674",0.227073700800895,6.06137464024727,1.96951413120698,0.0531653701557928,0.224357038426614,-4.35018598714039
"ENSG00000087460",0.342643285869514,11.0600837135744,2.08848847653641,0.0406812586389619,0.194243205140284,-4.35134094716922
"ENSG00000188352",0.387318786268287,5.30260080448765,1.88817634855598,0.0634736654330307,0.247740709406371,-4.35206781464218
"ENSG00000168918",-0.194404308285559,8.36145363562879,-2.09167986883101,0.0403847299699166,0.193676064151502,-4.35284513752392
"ENSG00000213719",0.189863147318611,8.79992508003318,2.0971905434721,0.0398771183287013,0.191917438740958,-4.35368841921001
"ENSG00000111906",-0.33598158780403,5.04197628450455,-1.89246331310013,0.0628909542878216,0.246319136563661,-4.3568484207494
"ENSG00000175354",-0.229520192053231,6.30135094065306,-1.98733216727207,0.0511089017934025,0.219198440128397,-4.35751465485736
"ENSG00000110066",-0.209121704815932,6.50433349335388,-2.00034209976226,0.0496507484808907,0.21605927510414,-4.35868906777071
"ENSG00000255112",0.235095896373967,5.85694633991203,1.94626424023687,0.0559547759715596,0.230765798253639,-4.359646839947
"ENSG00000185507",0.34431791354111,5.1375083569298,1.88812052665168,0.0634812831004578,0.247740709406371,-4.36139089059867
"ENSG00000167476",0.331382600597804,5.06833884797596,1.86223231879905,0.0670983419724503,0.254935391308101,-4.36211410937168
"ENSG00000182903",-0.322008316052987,5.26926082294402,-1.90100873424905,0.0617429006002036,0.243926992363966,-4.36354946608479
"ENSG00000114861",-0.306842575925902,5.79938830394399,-1.9411142552077,0.0565892458816169,0.23250242199325,-4.36598030642584
"ENSG00000139668",-0.329834234921209,5.21874334468279,-1.8919728376442,0.0629573927278241,0.246402209469243,-4.36956345000297
"ENSG00000197170",-0.245854320420531,5.72772623853234,-1.93078509316524,0.0578802623153771,0.235776823271622,-4.36984962239775
"ENSG00000082898",0.237995724212453,8.3096128236141,2.07445505157631,0.0420076895825332,0.197973955748824,-4.37221402375223
"ENSG00000072401",0.318706334145379,5.32905856571011,1.89310446915241,0.0628041945189849,0.246156296215417,-4.37605380743628
"ENSG00000157106",-0.209077353262543,7.84202995262191,-2.06108104066697,0.0433064796881577,0.201480530607244,-4.37874170184186
"ENSG00000276903",0.522537938613,6.00074608549963,1.93756324271064,0.0570302848333019,0.233785546856154,-4.37941401202677
"ENSG00000135535",0.363015376427724,6.57088775397555,1.97733868527353,0.0522537457567488,0.221712154893121,-4.38118387839341
"ENSG00000225528",0.592750052336997,5.14187078862851,1.84821941704033,0.0691275933128515,0.257950087923572,-4.38244068329022
"ENSG00000071051",0.440492532597892,7.81169187389308,2.05050271323929,0.0443582237666164,0.203420541313574,-4.38296821747444
"ENSG00000111412",-0.256960919993467,5.3388150732795,-1.89626630462936,0.0623778216831179,0.245353215408262,-4.38654791926113
"ENSG00000072958",-0.221543188559636,6.65593083100594,-1.99577911983059,0.0501580506955635,0.216701871680753,-4.38868334995032
"ENSG00000156711",-0.371593309085809,4.5314210717185,-1.82722317652474,0.0722644969260288,0.263871970008716,-4.39208608487296
"ENSG00000184076",0.298923873251359,5.37513579244059,1.88462765600638,0.0639594728738175,0.248185375596374,-4.39470902720962
"ENSG00000145220",-0.314450430796446,5.55149434727662,-1.90896870899537,0.0606895159215137,0.24202104039711,-4.39503964175266
"ENSG00000174125",0.332386619272439,4.85490479492978,1.83450641781581,0.0711631067886111,0.261251082064928,-4.39590078183469
"ENSG00000125630",-0.310514835078471,4.86943024249039,-1.84705399547591,0.0692986609856698,0.258058171599405,-4.39611649840011
"ENSG00000175931",-0.395797561673559,7.12179492867645,-2.01534610240544,0.0480135647442307,0.212492202052452,-4.39929914540702
"ENSG00000171051",0.417262543805112,4.92290931642359,1.83867090300818,0.0705396939148971,0.259487003678838,-4.40091720222447
"ENSG00000185896",0.411286762366741,6.52432888350949,1.95476696039747,0.0549205218909532,0.228616500366665,-4.4060534963422
"ENSG00000182568",-0.209256547572659,7.19940512379423,-2.01658529079924,0.0478804477492077,0.212492202052452,-4.40753197636885
"ENSG00000152520",-0.210951478997047,7.20532620796522,-2.01105499520749,0.0484769886041181,0.213477973212119,-4.40937999478014
"ENSG00000161911",0.646168523662828,6.99081448856765,1.98711168751835,0.0511339260391419,0.219198440128397,-4.40963856102192
"ENSG00000124228",-0.281031157456402,6.75843450513964,-1.99451964914356,0.0502988563880195,0.216875486187825,-4.40989192596908
"ENSG00000123352",0.387074251403719,4.91190594391368,1.82367177968809,0.0728067069453601,0.264963887400348,-4.41058567082703
"ENSG00000061938",-0.263419298704312,6.24880775646629,-1.9491535044112,0.0556014849448799,0.23000523157153,-4.41122939624583
"ENSG00000182446",-0.212839112908872,6.31213215595754,-1.95441635152371,0.0549628446383399,0.228616500366665,-4.41138280827056
"ENSG00000105374",-0.333597797015637,7.09533275329922,-2.0140053677554,0.0481579483625911,0.212785484735925,-4.41160255320758
"ENSG00000038358",-0.319540960209187,5.26061661562718,-1.87432671590611,0.0653874751455599,0.251438909035888,-4.41294813693493
"ENSG00000165480",0.382453385700138,6.20722482688927,1.93047075217416,0.0579199405828164,0.235776823271622,-4.41556745003839
"ENSG00000027697",0.356248821024843,5.43388035438175,1.8618510210622,0.0671528875557538,0.254946990525259,-4.41733423709751
"ENSG00000172977",-0.279349284727432,4.96262143162483,-1.84568534103921,0.0695000144920774,0.25826825651126,-4.41751470144762
"ENSG00000198805",0.29651602245276,6.76246217642955,1.97047053192931,0.0530532172757375,0.224196484564536,-4.41802554904083
"ENSG00000137486",0.192971743084702,7.89072436602125,2.03847835730657,0.0455804524480241,0.206467843083505,-4.41908704531377
"ENSG00000106829",-0.174482403080405,6.59451586257857,-1.97018932629172,0.0530861720059199,0.224196484564536,-4.42033223586673
"ENSG00000138757",0.264251496148502,7.88587665246256,2.03610988316958,0.0458245919393529,0.206791655905311,-4.42148857734104
"ENSG00000141551",-0.200034759259856,6.58990357717188,-1.97420785917893,0.0526168948719456,0.222559660917981,-4.42370522943467
"ENSG00000167460",0.288965619592135,10.8053000096879,2.0545709454438,0.0439511602113158,0.202621082386515,-4.42386812934494
"ENSG00000235257",0.449374932001001,5.50505181313135,1.86133128617065,0.0672272970541524,0.255051750940823,-4.424213440712
"ENSG00000185532",0.428829274188847,5.25677347445443,1.8389793342175,0.0704937054126027,0.259487003678838,-4.42834193427594
"ENSG00000106683",0.27853388209116,5.88606766328574,1.90826689766982,0.0607817737293727,0.24202104039711,-4.42963890181346
"ENSG00000140848",0.341263844140833,5.40619270611402,1.85554406613564,0.0680605437690017,0.256782439372245,-4.43149447853195
"ENSG00000183207",-0.301053363853176,5.35125878926836,-1.86566803822441,0.0666085347319847,0.25429803589338,-4.43211007783593
"ENSG00000176853",-0.214002501934111,6.02612852328897,-1.91885571284698,0.059402371307368,0.238484980753531,-4.432231541142
"ENSG00000100629",0.328570448872966,5.69676574307578,1.8753145779485,0.0652493731656913,0.251399282182946,-4.43224866847986
"ENSG00000111335",0.372228499312507,6.8062353474978,1.97849555899962,0.0521201019602081,0.221490105678014,-4.43260155682986
"ENSG00000088726",0.424373638936786,6.71003879069335,1.95780038282629,0.0545555105142647,0.227805232413451,-4.43281998974121
"ENSG00000171316",-0.276188698660219,6.66847380091362,-1.97428135385414,0.0526083454382919,0.222559660917981,-4.43326172652102
"ENSG00000134291",0.44221517891357,5.21793679417744,1.82572192639733,0.0724932863224675,0.264317404886634,-4.43332499080896
"ENSG00000198730",-0.202371694025751,7.11545466317084,-1.99593396759007,0.0501407624597685,0.216701871680753,-4.43614033505752
"ENSG00000072778",0.322331804577828,5.85715721060562,1.89373633465395,0.0627187910105387,0.24599854098302,-4.43679273660341
"ENSG00000023330",0.315392679750549,5.80230759355058,1.89674210616249,0.0623138724974946,0.245353215408262,-4.4369142629435
"ENSG00000112514",-0.266606461547681,4.90937091647391,-1.82179827918718,0.0730941138940758,0.265654924946581,-4.43746330149809
"ENSG00000019995",-0.289029232407544,6.38338079077283,-1.94974768445433,0.0555290665158135,0.229880208494037,-4.43980363070952
"ENSG00000267680",-0.317017957852005,4.75620369089805,-1.80826076762686,0.0751992019944586,0.268998852571117,-4.44098422795967
"ENSG00000259956",-0.191321152231203,6.12663538285334,-1.92906954585705,0.0580970918839661,0.23616360646721,-4.44242087106211
"ENSG00000013016",0.431742230174249,7.67067471050728,2.00825070884928,0.0487819135978749,0.213636547653716,-4.44333070790791
"ENSG00000139168",-0.270950715695182,5.28112910478205,-1.84923996520815,0.0689780826647697,0.257745263619798,-4.44375366873238
"ENSG00000230006",0.387836506467687,6.20396536310492,1.919706457353,0.0592927076552405,0.238396067384318,-4.44573334771174
"ENSG00000132465",0.407785012574621,5.20756427838005,1.84458100071968,0.0696628407867422,0.258354769643412,-4.44859514930039
"ENSG00000142599",0.146221650028741,8.2587959523846,2.03478792777264,0.0459613470268957,0.207111181639808,-4.4498603970171
"ENSG00000102753",0.247623293548381,6.26726994748474,1.92039196937404,0.0592044681025118,0.238396067384318,-4.45017097959098
"ENSG00000154370",-0.292393671426308,4.79290511572349,-1.80414258640599,0.0758495412465069,0.269555316836901,-4.45262035860672
"ENSG00000116984",0.205267624467794,6.70896266893073,1.95461436122075,0.0549389390458057,0.228616500366665,-4.45322587492262
"ENSG00000166831",0.627696679536531,6.43494704003239,1.92550250861274,0.0585501443817686,0.237337192404669,-4.45338093029385
"ENSG00000108799",-0.254660781186863,5.88196590152314,-1.88702790470557,0.0636305420903185,0.247967949433516,-4.45781700531263
"ENSG00000111802",0.230213580075516,6.56110392963566,1.9404970369079,0.0566656957532248,0.232641077968025,-4.461338683104
"ENSG00000182400",0.268483586831136,5.80004277366473,1.87275965717179,0.0656070540135059,0.251709317088437,-4.4687851546578
"ENSG00000197563",0.401600760584095,5.7452931805704,1.85798306084625,0.0677083225924876,0.255985386178954,-4.47107905228503
"ENSG00000204472",0.245804861948208,9.44912000105723,2.0405911790122,0.0453636125344489,0.206028034836013,-4.47110743694167
"ENSG00000231074",-0.331049377769088,4.71532362625243,-1.78639978050405,0.0787053899457721,0.275288994352827,-4.47217558797561
"ENSG00000263528",-0.299598170497526,4.91130768105432,-1.80135546078987,0.0762923404989298,0.270350958492832,-4.47265220224658
"ENSG00000143924",-0.227478637651511,6.59044727266153,-1.94431116663709,0.0561946743925938,0.231579868449963,-4.47425558453408
"ENSG00000047188",-0.330134225060977,5.16493309135054,-1.81084800516665,0.0747930153610753,0.268332158412682,-4.47577088912071
"ENSG00000158856",0.40191313783617,9.11807508346541,2.03372918893763,0.0460711261070788,0.207263001677428,-4.47743452833203
"ENSG00000197746",0.338776007308837,8.97203389514178,2.03102488022856,0.0463525580550344,0.208185273111152,-4.47853352064638
"ENSG00000163545",-0.33109389251024,5.07329742812341,-1.81682894978941,0.0738610445111398,0.266663333662485,-4.47927567641963
"ENSG00000126216",-0.253482684581636,5.51499928269984,-1.84565246309052,0.0695048574649288,0.25826825651126,-4.48089471003694
"ENSG00000154473",-0.239424855073843,5.44301319208502,-1.84643608456857,0.0693895059328651,0.25821996470099,-4.4827965625277
"ENSG00000163938",-0.254580983852356,5.31918209881305,-1.83291815211279,0.0714020803961006,0.261815558081969,-4.48357604571375
"ENSG00000154124",-0.27363959857137,5.50811549020756,-1.84181868556389,0.0700715261616727,0.259164748492052,-4.48724751280459
"ENSG00000157483",-0.323260044696795,5.41661973812123,-1.83964273782298,0.0703948741758221,0.259487003678838,-4.48933210510639
"ENSG00000096063",0.253105954220898,6.49077423981557,1.92259587510191,0.0589215351412754,0.237948585459353,-4.48996016265207
"ENSG00000180304",-0.224498510832205,7.01612920358918,-1.9626309915185,0.0539785182950093,0.226211513593239,-4.49395376909933
"ENSG00000145388",-0.331432342890799,5.09177911250293,-1.80325283051154,0.0759906657863851,0.269704981892004,-4.49522980036924
"ENSG00000129667",0.392145825350024,4.9817690162286,1.78361697285139,0.0791613268001117,0.275925085353172,-4.49545054986232
"ENSG00000105643",-0.264946221920516,6.06381216806178,-1.89562434915357,0.0624641904866481,0.245353215408262,-4.4960184255662
"ENSG00000104687",0.250862982456895,6.44990545309854,1.9105616427976,0.0604805545813082,0.241922218325233,-4.49775579356852
"ENSG00000124575",-0.331880861225017,6.25416414639718,-1.90973184325515,0.0605893315736636,0.24202104039711,-4.49920725728635
"ENSG00000152818",-0.160994027654715,9.43349794879702,-2.0250814648851,0.0469762852068059,0.20960426028393,-4.50059045726999
"ENSG00000141084",-0.37791185524349,5.83371978233599,-1.87311154054874,0.0655576934528883,0.251697190931174,-4.50096159479259
"ENSG00000152223",0.255102627041298,5.67629049686095,1.85068298309569,0.0687671440450277,0.257310027992659,-4.5012811745061
"ENSG00000145016",-0.242056600710271,6.33734437743639,-1.90859672120528,0.0607384014143165,0.24202104039711,-4.50500328811094
"ENSG00000140743",-0.295590810303286,5.0551113093085,-1.78999180457696,0.0781201049260418,0.274579568798113,-4.50658352594744
"ENSG00000126003",-0.22422532637534,6.09134440905235,-1.88641763135619,0.0637140382819644,0.248047640291447,-4.50811196843965
"ENSG00000176438",-0.262405851684959,6.52499424144978,-1.92254495248665,0.0589280594983784,0.237948585459353,-4.50925312254848
"ENSG00000230124",-0.292392671765862,4.87990741507337,-1.76783999364669,0.0817879692996999,0.281255570514724,-4.51083619361765
"ENSG00000120278",-0.388871458554249,5.08143568443583,-1.79752015112091,0.0769051927729746,0.27135977346319,-4.51226919416458
"ENSG00000135775",-0.230261951200421,5.33016102182914,-1.81180318793932,0.0746435193987938,0.268067167887033,-4.51344399601435
"ENSG00000047410",-0.190049686401304,8.21737366488107,-2.00298333951476,0.0493591179529881,0.215471534140929,-4.51478839895212
"ENSG00000156026",0.425978184140151,8.31292359263865,1.9964567733305,0.0500824306945272,0.216701871680753,-4.51482929300405
"ENSG00000255823",0.67965313708643,5.7454209737367,1.83978365717341,0.0703738955541326,0.259487003678838,-4.51677775483243
"ENSG00000163029",-0.236452854315768,6.39686087717319,-1.90354456944686,0.0614056520627318,0.243300358136555,-4.51993431509044
"ENSG00000013583",-0.326379195441758,5.01229417535173,-1.77468601819988,0.0806394483597101,0.27935368200775,-4.52204063463977
"ENSG00000147416",0.19749484413041,7.32637473490064,1.95965376221232,0.0543335141180964,0.227349450779869,-4.522253061228
"ENSG00000134308",0.245205831401233,7.38185280902688,1.95434029485465,0.0549720292731886,0.228616500366665,-4.52560365288698
"ENSG00000068489",0.293272847890381,5.02296700600875,1.77021173150967,0.0813885477294002,0.280692848512077,-4.52691261695866
"ENSG00000130764",-0.255039404714319,5.08006524956138,-1.78525286750487,0.0788930353292876,0.275342252705931,-4.527907260418
"ENSG00000106665",0.43085626110103,6.53778680812073,1.88535219931836,0.0638600301877259,0.248164490172902,-4.53567419152368
"ENSG00000165392",-0.262062281674239,4.91813424009611,-1.7524608950961,0.0844175982816691,0.286119846006771,-4.53635799566062
"ENSG00000151726",0.337627683992468,7.23783695236183,1.94674818759635,0.0558954672235599,0.230765798253639,-4.5376704623557
"ENSG00000164219",-0.228496106437703,5.31657683965516,-1.79851300055703,0.0767461506982016,0.270974095271421,-4.53770344442645
"ENSG00000197724",-0.221467704135576,6.33255107372094,-1.89057957046784,0.0631464447410375,0.246787540135705,-4.53825034311615
"ENSG00000111961",-0.314744804972968,5.8768081393587,-1.85131939879387,0.068674286055985,0.257264090945347,-4.53975153472326
"ENSG00000179195",0.301675200827948,6.82609528869152,1.90698795483341,0.0609502051199008,0.242377166053445,-4.54052835162765
"ENSG00000170802",0.238481770807406,6.57858653031527,1.89578259259797,0.0624428909922173,0.245353215408262,-4.54125305230784
"ENSG00000175073",0.171482036253655,7.0304373757509,1.93454138497778,0.0574079033328792,0.235156584479343,-4.54200121147445
"ENSG00000143207",0.202428427910488,6.64742563556566,1.89677391824328,0.0623095988360483,0.245353215408262,-4.54294205972147
"ENSG00000115738",-0.284323709833795,5.72008840555018,-1.83978263745314,0.0703740473407331,0.259487003678838,-4.54313553504594
"ENSG00000007264",-0.378243798870848,5.11582335380226,-1.78627256934967,0.0787261845083891,0.275288994352827,-4.54341878717632
"ENSG00000165527",-0.189782017072064,8.11876352225348,-1.98473786602934,0.0514040181183782,0.219866365535391,-4.54465117477579
"ENSG00000116489",0.152982893540901,8.17947898016137,1.98150420731114,0.0517739072063548,0.220652048545589,-4.54517651789444
"ENSG00000134758",0.223722472812937,5.69007143212947,1.81824630777984,0.0736416165051416,0.266400748154058,-4.54781785719769
"ENSG00000160752",-0.254246045890469,5.60150302091854,-1.81620882687186,0.0739572205754323,0.266833733572818,-4.54947700535904
"ENSG00000117298",0.412135704159369,6.86644118930588,1.90137226885383,0.0616944568975153,0.243926992363966,-4.55102007624897
"ENSG00000205133",0.326121591041674,5.16346976177368,1.75328678656825,0.0842746237892365,0.286119846006771,-4.55230969487329
"ENSG00000124795",0.143870609923869,8.56178039696221,1.98707354922791,0.0511382557641691,0.219198440128397,-4.55366944911885
"ENSG00000198146",-0.238140832778487,5.59712570801937,-1.82076707691042,0.0732527117696281,0.266053849147289,-4.55375035049015
"ENSG00000160710",0.193754264766492,9.35911457113274,1.99492146542061,0.0502538975518315,0.216875486187825,-4.55690050501842
"ENSG00000276141",0.425713984586499,5.87833569280114,1.81695602429667,0.0738413492012898,0.266663333662485,-4.5595107790462
"ENSG00000080371",0.189430883140966,7.2145700743759,1.93140927671867,0.0578015421215843,0.235705689729335,-4.55958696094232
"ENSG00000136717",-0.347395219507207,6.1968435831146,-1.87463778395623,0.0653439616115995,0.251438909035888,-4.55998671651782
"ENSG00000134333",0.273698193363501,7.21539593871368,1.93163233644365,0.0577734325777401,0.235705689729335,-4.56021050716526
"ENSG00000104412",0.326121737223152,6.85264197360952,1.89724380584415,0.0622465026337617,0.245353215408262,-4.5623308834401
"ENSG00000087095",0.415458713187658,7.46578991400221,1.93337065548789,0.0575547711563292,0.235581061802916,-4.56347490020374
"ENSG00000187954",0.311177157888364,4.78428552419318,1.7227033660156,0.0897045464910768,0.296712447800829,-4.56627099113777
"ENSG00000015133",-0.194706624186805,7.95751728846894,-1.96493137293135,0.0537055860237216,0.225762370877496,-4.56629692868032
"ENSG00000125779",0.207438484021686,6.13443524184127,1.84721676714872,0.0692747470156808,0.258058171599405,-4.56667831716541
"ENSG00000070501",0.340348966935436,4.76840647375069,1.72309805009642,0.0896326786535441,0.296670008082933,-4.56833353967727
"ENSG00000242247",0.191429694606102,5.82827285911836,1.8241505133774,0.0727334181267231,0.264874105584484,-4.56839410252671
"ENSG00000063322",-0.198758362699368,5.91755399674187,-1.83804155501614,0.0706336106883208,0.259657159939252,-4.56962808214574
"ENSG00000100568",0.185058051462494,7.7224213856128,1.94999655883426,0.0554987577082644,0.229880208494037,-4.56995837561011
"ENSG00000196547",0.418324329481226,6.64353817197493,1.87142881832324,0.0657940214695294,0.252071609680729,-4.57190990382468
"ENSG00000129636",0.409916125552376,5.47790845805887,1.7673067357485,0.0818779983179794,0.281255570514724,-4.57321726419543
"ENSG00000173273",-0.233639626982912,5.61504777892242,-1.8036558744198,0.0759267116973124,0.269653667097104,-4.57344401684968
"ENSG00000169230",0.235953431498477,7.25262862905452,1.93158647615099,0.0577792108511737,0.235705689729335,-4.57355338696799
"ENSG00000097033",0.188622635735194,7.66322501459678,1.94362351749978,0.0562793474928237,0.231753503507864,-4.57476893193582
"ENSG00000167491",0.167754069280962,8.15641437445073,1.96396048179993,0.0538206347722817,0.225897394637435,-4.57493509590806
"ENSG00000155463",-0.244378755503186,6.08652012058848,-1.84889628490261,0.0690284015594297,0.257756498763381,-4.575943257968
"ENSG00000230989",0.208072287651294,7.2760489826562,1.92407587409488,0.0587321811658375,0.237721339518189,-4.57602668171647
"ENSG00000075340",-0.397011431700529,4.92732890060016,-1.73703256359735,0.0871255980512028,0.291739556350924,-4.57630208938724
"ENSG00000171530",-0.226780420448934,6.67162252860853,-1.89582536176773,0.0624371353369831,0.245353215408262,-4.5768380877613
"ENSG00000157350",-0.27989461147406,5.27267795927558,-1.77090870785388,0.0812714791599477,0.280692848512077,-4.57781735658562
"ENSG00000203485",0.39302573397849,7.04143961799506,1.90206325811628,0.0616024661601341,0.243902787529368,-4.57798744787634
"ENSG00000071205",0.422758399003021,8.33099455127693,1.9640978861668,0.0538043398391315,0.225897394637435,-4.57830549317357
"ENSG00000089351",0.244920759013598,5.91407078278623,1.81964172242959,0.0734261187414784,0.26605542241809,-4.57870685077302
"ENSG00000143458",-0.271142034013305,5.4560910845867,-1.79035582935218,0.0780609935169893,0.274548930071374,-4.57911245689443
"ENSG00000171492",0.440249382603654,6.15847369618934,1.82546806953887,0.072532033829941,0.264317404886634,-4.58260382119182
"ENSG00000099956",-0.235045718837748,6.30866553344188,-1.86251158681156,0.067058415671034,0.254935391308101,-4.58302651595394
"ENSG00000197157",-0.166190417644103,7.23128681434138,-1.92462695991864,0.0586618063828041,0.237613026894808,-4.58363026371066
"ENSG00000126458",0.302464763949257,5.63663392482349,1.78838317221181,0.0783817659821469,0.275144240380629,-4.58518253551424
"ENSG00000163412",0.230425029770582,6.4752319712757,1.86081239464429,0.0673016550615717,0.255156170337817,-4.58757567538869
"ENSG00000163110",0.280113372670503,7.29442847476944,1.91159388786042,0.0603454705466219,0.241559238455545,-4.58918224019053
"ENSG00000182179",0.241830205866981,5.78197288081879,1.79969465555303,0.0765572219928334,0.2704898347574,-4.58998110616457
"ENSG00000188529",-0.200155317282116,6.40353246243312,-1.85894205125274,0.067570253288235,0.255978663294465,-4.59150355869169
"ENSG00000126653",-0.249619032354601,6.68054274363825,-1.88419103231953,0.0640194621015498,0.248240590412273,-4.59197636588798
"ENSG00000188559",0.255569811022561,6.10546806987195,1.83210818669249,0.0715242082717333,0.262046998429323,-4.59339529681568
"ENSG00000092531",0.352156733049268,8.98451137741031,1.96741771206221,0.053411917100022,0.225144016298,-4.59797502770479
"ENSG00000140479",0.544806832372152,6.88475595289173,1.86921085248248,0.0661066184521178,0.252913523403889,-4.60010260321124
"ENSG00000170456",-0.283040738424158,4.91960734102795,-1.72521283166586,0.0892484066793949,0.295757493667484,-4.60084811198472
"ENSG00000132326",-0.33440033934614,4.93093011309733,-1.72570293690739,0.0891595448690744,0.295745236030476,-4.60448315457433
"ENSG00000151690",0.321244943470605,5.64834468768299,1.7698211066236,0.0814542207729259,0.280692848512077,-4.60513537637376
"ENSG00000071994",-0.282739423281746,5.44918739782413,-1.77637467623827,0.0803582210253354,0.279027042419811,-4.6052473674041
"ENSG00000152242",0.277404163463115,5.24689392387919,1.74679948636878,0.0854030904793239,0.288527873854313,-4.60846032095644
"ENSG00000136709",-0.185087503920029,6.27442821529872,-1.84149408847029,0.0701196823261344,0.259166912695238,-4.60854817276483
"ENSG00000085491",-0.230215291674671,5.52132756481551,-1.77637264375167,0.080358559022886,0.279027042419811,-4.60939011980393
"ENSG00000108854",-0.271000267408071,5.15973396394631,-1.73353726061033,0.0877489639681102,0.292442898364426,-4.61067159390751
"ENSG00000183023",0.297024196922436,6.57475565158543,1.86487719853148,0.066721011643632,0.254549069632008,-4.61083230793109
"ENSG00000169398",0.327512597282151,8.36997266705266,1.94647280247014,0.0559292096668372,0.230765798253639,-4.61306642425045
"ENSG00000106605",0.295632686500225,6.32602110919237,1.84501858623584,0.0695982839521259,0.258291179135683,-4.61327031977448
"ENSG00000064601",0.499648395189658,8.96036882655191,1.95734896756833,0.0546096977848691,0.227805232413451,-4.61402364618043
"ENSG00000103111",-0.21455237127218,6.24933489626279,-1.83875642354056,0.0705269398905272,0.259487003678838,-4.61501536653747
"ENSG00000164916",-0.231455852520876,6.39070488874619,-1.85515904093841,0.0681162868515101,0.256787715163781,-4.61506974060986
"ENSG00000144815",-0.269279960039949,4.83480291497708,-1.69909685415954,0.0940901254896424,0.30603164398064,-4.61849075458003
"ENSG00000114166",-0.319125787039538,7.36295951899192,-1.90895941818183,0.0606907364853807,0.24202104039711,-4.61894509912516
"ENSG00000167635",-0.215537024176019,6.44711384037332,-1.85259583367008,0.0684883620868193,0.257241277965187,-4.62196025840883
"ENSG00000165669",-0.186774086662027,6.18079357172965,-1.82328497695509,0.072865967312493,0.265002529985622,-4.62307161440399
"ENSG00000143376",0.201842981556268,7.08297133897606,1.89114786806746,0.0630692747105475,0.246662892048143,-4.62315967667156
"ENSG00000187800",0.520285776374984,5.74508435748675,1.76192853438145,0.0827905968525289,0.283140722945749,-4.62404433339366
"ENSG00000113580",-0.178062111706083,6.86424233382528,-1.87842624676031,0.0648159731256839,0.249906172391172,-4.62523407144676
"ENSG00000137965",0.37961535247402,4.86328709200103,1.69692907543373,0.0945015240777875,0.306637464666936,-4.62541084922721
"ENSG00000166900",0.366618901221364,5.30530224992699,1.7373479979715,0.0870695226084197,0.291731094200904,-4.62623700451558
"ENSG00000196367",-0.217301031353007,6.75107521047637,-1.87236615996378,0.0656622890948077,0.251743948619643,-4.62675651054416
"ENSG00000138814",-0.231699081047138,6.43517693117325,-1.84713311388006,0.0692870362592896,0.258058171599405,-4.62881731181824
"ENSG00000134086",-0.189574497315029,6.55634435341179,-1.85474924722118,0.0681756580577026,0.256787715163781,-4.62933068328371
"ENSG00000168118",0.353804825640484,7.26621493066234,1.88532922088497,0.0638631819424391,0.248164490172902,-4.62933518721753
"ENSG00000162889",0.209519997028676,7.8832847865671,1.92227208508451,0.0589630305378354,0.237948585459353,-4.63103799566256
"ENSG00000137710",0.223542004024528,7.1037948394343,1.88027225544914,0.0645600073782382,0.249272090855168,-4.63149298592625
"ENSG00000116199",0.26021165777327,6.14387205318806,1.80434088303065,0.0758181191733196,0.269555316836901,-4.6317393139119
"ENSG00000114867",-0.16855114913796,7.72897023159774,-1.91996074860476,0.0592599620996659,0.238396067384318,-4.63344386303928
"ENSG00000128383",0.357339579840963,5.41857343359417,1.74667417361573,0.0854250111099498,0.288527873854313,-4.63355471808202
"ENSG00000169375",-0.177070653243462,7.66408837908098,-1.91618712706085,0.0597474783194755,0.239341369032722,-4.63367849476027
"ENSG00000167528",-0.264861677621491,5.93082195283681,-1.80513103108233,0.0756930202649777,0.269350473157151,-4.63384736729517
"ENSG00000153162",0.488613157268941,5.7708806680857,1.75422784856243,0.0841119559781592,0.285865212831573,-4.6349174248621
"ENSG00000162923",-0.248178943019154,8.39229235287161,-1.93790445598066,0.0569877791548836,0.233785546856154,-4.63630770132258
"ENSG00000156381",0.40952002413403,5.50385928361162,1.73136883458307,0.0881375364030211,0.293504461078031,-4.63887807186546
"ENSG00000066422",-0.167077108730455,6.31157239756366,-1.81949672397246,0.0734484866587385,0.26605542241809,-4.64176231386106
"ENSG00000108094",0.220409169129437,5.67365649520588,1.75719662497249,0.0836004897721524,0.284659667674179,-4.6458735828158
"ENSG00000144677",0.423328228686646,6.21607475397262,1.79071951223898,0.0780019748379452,0.274518578111838,-4.6459351489002
"ENSG00000150961",0.30006321756515,5.46165682581314,1.73616712483991,0.0872796021257827,0.291896422579045,-4.64636448624314
"ENSG00000167658",-0.221916295739183,11.2737707086418,-1.9182608952814,0.0594791474185372,0.238617374916194,-4.64750720774407
"ENSG00000173113",-0.224749134165096,6.17153303590032,-1.81496877954942,0.074149856093697,0.267299899705651,-4.64924500408337
"ENSG00000215421",-0.292630182627747,5.25407813777912,-1.72319314261878,0.0896153703941243,0.296670008082933,-4.64940689678702
"ENSG00000086200",0.335671768846447,5.10506792788234,1.68913862137553,0.0959921801169632,0.309630193769814,-4.65014743270915
"ENSG00000152332",-0.15508661561713,7.97878622485364,-1.92011064548386,0.0592406667957863,0.238396067384318,-4.65200746734406
"ENSG00000198363",0.378349406489325,7.27314940487874,1.86992189340638,0.0660062692576498,0.252707065998367,-4.65242100379102
"ENSG00000095303",0.5717127128214,9.58541915777661,1.94118529131943,0.0565804528479261,0.23250242199325,-4.65399252288407
"ENSG00000166579",-0.263391034361761,5.86366184116855,-1.77378304769779,0.0807901633972361,0.279634568099201,-4.65553707816936
"ENSG00000254614",0.598681271504041,7.06364941534697,1.85109068222316,0.0687076454341922,0.257264090945347,-4.65563062324945
"ENSG00000124831",-0.138158512271442,9.3921313092633,-1.94122412854735,0.0565756459673539,0.23250242199325,-4.65580921032119
"ENSG00000056586",0.249779708939334,7.77436296024975,1.90067154080593,0.0617878629414887,0.243927737177703,-4.65728335974656
"ENSG00000142192",0.48807767881047,8.9083587495297,1.93193215012183,0.0577356689691643,0.235705689729335,-4.65872601499502
"ENSG00000101166",-0.211051474557618,5.55373539146647,-1.74897835409648,0.0850226900814951,0.287525521765354,-4.65886230127053
"ENSG00000172716",0.290269462889326,5.38540017604085,1.72902649036944,0.0885588680349507,0.294727375109598,-4.65939151449714
"ENSG00000105851",-0.200252656388339,7.24010232587665,-1.88151065081336,0.0643887715085914,0.249272090855168,-4.65989556058764
"ENSG00000115355",-0.209135764545732,6.92109285055239,-1.85720076066384,0.0678211289659027,0.25605648690661,-4.66150566372677
"ENSG00000188641",0.258723081568385,7.20101152044636,1.866261696239,0.066524206942753,0.25429803589338,-4.6624832377056
"ENSG00000166012",-0.246811552102107,5.34833869646997,-1.72096950379529,0.0900208271783025,0.296872558394305,-4.6641565585657
"ENSG00000075711",0.238729156482088,7.04401586981157,1.85447715444211,0.0682151030994278,0.256787715163781,-4.66493242837446
"ENSG00000044574",0.286448148386806,5.21167197684913,1.70129352665099,0.0936747434648066,0.305189570890199,-4.66553675413774
"ENSG00000080802",-0.191687020020224,5.82866489761747,-1.76324356128874,0.0825666813834159,0.282552311668875,-4.66558087295441
"ENSG00000101096",-0.237066331963713,7.34861332928174,-1.88462624049337,0.0639596672792417,0.248185375596374,-4.66608671015371
"ENSG00000113312",-0.203723652220065,6.80121565513048,-1.84538204497632,0.0695447012301795,0.25826825651126,-4.66701443005944
"ENSG00000111331",0.405618842300238,7.06248965583751,1.86257873510672,0.0670488186193639,0.254935391308101,-4.66718921618476
"ENSG00000197461",0.502066317019965,6.2781558109482,1.78712295881128,0.0785872625249811,0.275273123696397,-4.66785150033385
"ENSG00000139990",-0.168657858380499,6.98034526318542,-1.85729913322661,0.0678069351185857,0.25605648690661,-4.66806638501512
"ENSG00000179295",-0.151126091503064,7.94787007831522,-1.90605503750506,0.0610733158056634,0.242453248509857,-4.66816947588554
"ENSG00000155561",-0.233053858500686,5.55458399015059,-1.74038963873273,0.0865303315957461,0.290413605743458,-4.66920960914028
"ENSG00000157450",-0.201502115679873,5.90659219031162,-1.76908489049973,0.0815781152769339,0.280933989904384,-4.66921313362192
"ENSG00000071189",0.250854339209745,5.52246567205264,1.71832671322495,0.0905046753165921,0.297747265171977,-4.6711764619909
"ENSG00000075151",0.310222803117343,9.06260309370413,1.92880507982626,0.0581305793451779,0.23616360646721,-4.671258721799
"ENSG00000131323",-0.219786594541387,5.86367792498503,-1.7704216055705,0.0813532812252334,0.280692848512077,-4.67130937753122
"ENSG00000116198",-0.240204920445322,5.56092774349526,-1.73344718529928,0.0877650768769891,0.292442898364426,-4.6721131397602
"ENSG00000130175",-0.253596299162777,7.23035200079028,-1.87425067595653,0.065398115657829,0.251438909035888,-4.67228365919259
"ENSG00000176014",-0.366889616380302,5.31308511900106,-1.69174055194706,0.0954921890326808,0.308565507621616,-4.67888877232421
"ENSG00000215251",0.305916969970819,5.11395950363361,1.66289460234196,0.10115606767005,0.320232350617237,-4.67995689985768
"ENSG00000100714",0.273626733786889,5.90500199869604,1.76432908994668,0.0823822222651902,0.282357989560181,-4.68175198987594
"ENSG00000100239",-0.212774354686937,5.64543738942131,-1.73460229491101,0.0875586328584081,0.292442898364426,-4.68176303858791
"ENSG00000184060",0.305492136130236,5.22317028517589,1.69511818063755,0.0948463234836857,0.307302684776279,-4.68214852419596
"ENSG00000114446",-0.30068980095769,4.98079200879955,-1.67696132091078,0.0983607594786952,0.315175782663448,-4.68395831735851
"ENSG00000198959",0.33248952443027,6.50488324014188,1.81431661221969,0.0742513354765253,0.267363698397958,-4.6839966441035
"ENSG00000272888",-0.26209624228749,5.37812780596808,-1.70779668765792,0.0924538376401485,0.302515620098216,-4.68430732462171
"ENSG00000104825",0.316662895826859,4.79738215614089,1.6557799637173,0.102594339937955,0.322337926171845,-4.68431784650883
"ENSG00000084754",-0.202521135658402,7.42541455172085,-1.8809187402602,0.0644705684726607,0.249272090855168,-4.68433136147238
"ENSG00000253276",0.301089824866246,4.97756352410713,1.65682375200355,0.102382294902969,0.321857324080423,-4.6858529733156
"ENSG00000186088",0.310202502571055,6.88819814663441,1.82915783854244,0.0719705483462501,0.262974880878854,-4.68709481211755
"ENSG00000079308",-0.365025486793964,8.66003729831727,-1.91653580049368,0.0597022907305551,0.239336335467303,-4.68860818774504
"ENSG00000168675",-0.210260724876893,5.89730893873246,-1.75120107584557,0.0846360791068104,0.28639587513907,-4.68956616113216
"ENSG00000138709",0.33971206679666,6.41729313393492,1.78558483226554,0.0788386846243397,0.275342252705931,-4.69114202498247
"ENSG00000272333",-0.232747419492195,6.43066920044383,-1.80666045671156,0.0754513660917666,0.269168264715841,-4.6927614191764
"ENSG00000134668",0.517094951451356,4.68679487829236,1.60949194984831,0.112362738078109,0.34160278853211,-4.69291706698927
"ENSG00000173852",0.439582820720139,5.17997905043459,1.65692311635478,0.102362127701258,0.321857324080423,-4.69419582121205
"ENSG00000148840",-0.26212489928179,5.14106389616539,-1.68379427280294,0.0970258833995004,0.311672766957829,-4.694765043153
"ENSG00000125772",-0.218516033026535,6.3433754113996,-1.78761565980562,0.0785068669529783,0.275273123696397,-4.69633152911887
"ENSG00000113851",0.293016394921402,6.8260633627161,1.81894063530519,0.0735343235191558,0.266189365137781,-4.69883090802249
"ENSG00000162739",-0.352489237749905,4.67268829090953,-1.6487738316407,0.104026900398074,0.324964766839855,-4.70071176597451
"ENSG00000156931",0.2637843544953,6.79485725306046,1.81012092874148,0.0749069779833384,0.268482378982387,-4.70123404680081
"ENSG00000184428",-0.284615830649734,5.46469928375537,-1.71572108101366,0.0909838142130825,0.298422528496613,-4.70197651029745
"ENSG00000114127",0.154838596656313,7.85454826148773,1.8838575810919,0.0640653081210513,0.248241677555823,-4.70203704479256
"ENSG00000137312",0.257712926995262,7.49288390329691,1.86580195897686,0.066589503725565,0.25429803589338,-4.70249196693784
"ENSG00000129625",0.273958366497295,5.06569320101848,1.64960046371017,0.103857035376975,0.324806618102044,-4.70257522178862
"ENSG00000134109",-0.257035884117843,5.43582054204014,-1.70468162289358,0.0930370198584912,0.304058598793677,-4.70366783109587
"ENSG00000133313",0.263516092191178,7.01796910688918,1.84342349779397,0.0698338493320746,0.258461148886646,-4.70558889305772
"ENSG00000173801",-0.455880982411323,5.53355648404856,-1.72226559161541,0.0897843161446864,0.296712447800829,-4.70635455626116
"ENSG00000238227",-0.230566587198859,5.14668137182894,-1.66624055372272,0.100485365250313,0.319209486812657,-4.70971145426569
"ENSG00000096060",0.28791157850663,7.4773644318756,1.86219948107916,0.0671030380205244,0.254935391308101,-4.71054935560537
"ENSG00000175662",0.21621826512246,5.31549004133589,1.66969589110361,0.0997965473127538,0.318345908736336,-4.71332577245158
"ENSG00000136193",-0.25364279173824,5.98427151371944,-1.75805020250566,0.0834539117655258,0.284617858741411,-4.71356705438907
"ENSG00000166233",-0.181617605698139,6.63314538208416,-1.80696119741996,0.0754039239785669,0.269168264715841,-4.71387185012915
"ENSG00000157837",0.368759365506762,5.61178431440092,1.69796255206395,0.0943052084183781,0.306365399799239,-4.71397511927421
"ENSG00000154917",0.558255526231489,5.50707044358649,1.67153131731628,0.0994322269358563,0.317530347213684,-4.71454450510621
"ENSG00000067057",0.253670183329571,5.57122990594578,1.69846261599316,0.0942103381555549,0.306239810424501,-4.71569742257357
"ENSG00000186260",-0.292717571744312,4.92323122395743,-1.64571259830696,0.104657922494101,0.325681127864351,-4.71742836499131
"ENSG00000130522",-0.232967964618502,7.28780291790599,-1.85423324076538,0.0682504793607112,0.256787715163781,-4.71773051265818
"ENSG00000136950",-0.266617737480191,6.08078689486088,-1.76629227524769,0.0820494950198523,0.281496347332136,-4.71793702453517
"ENSG00000221676",0.436490601265071,6.87841614025283,1.80544015338894,0.0756441259030482,0.269350473157151,-4.71871252409333
"ENSG00000185420",0.35084734046537,5.05112420499841,1.62893995337704,0.108170721784428,0.332851660138908,-4.7194578330787
"ENSG00000171791",-0.245547953777506,5.96552462134131,-1.75757220337617,0.0835359684521873,0.284617858741411,-4.721489619802
"ENSG00000159873",-0.285841032229601,5.5894567618449,-1.71098982438692,0.0918591602021689,0.300931271666516,-4.7230540656379
"ENSG00000150990",-0.276673542399757,4.70626013547785,-1.62136021061631,0.109789224849753,0.335840368883467,-4.72419191520024
"ENSG00000121749",0.283153041943513,6.51880864899903,1.77593864318878,0.0804307593258667,0.279099857839058,-4.726348870891
"ENSG00000174695",0.187046708671452,7.45498993339246,1.84401944613259,0.0697457604236918,0.258423768793082,-4.72892308742867
"ENSG00000105711",0.44192930379625,4.86153977705376,1.59995106474422,0.114466686265589,0.345110407733774,-4.72902582216591
"ENSG00000165487",-0.245922366434841,5.5142882849705,-1.69330043087245,0.0951934646608391,0.308061413813377,-4.73181451502119
"ENSG00000169744",-0.360225626913826,5.07799046441865,-1.65772981775915,0.102198517546683,0.321650793526477,-4.73205598147414
"ENSG00000137601",0.256914477328847,6.45541324859482,1.76628082955396,0.0820514316379281,0.281496347332136,-4.73206681113341
"ENSG00000198844",-0.44398811371503,4.68997395108595,-1.62376599946045,0.109273408320342,0.334826506484378,-4.73324293038008
"ENSG00000153006",-0.258532701727519,5.15188342485573,-1.6583199430799,0.102078966915815,0.321650793526477,-4.73472254723363
"ENSG00000164615",-0.225427149054869,5.19695100219502,-1.65869217347487,0.102003617154597,0.321650793526477,-4.73996307817749
"ENSG00000157873",0.2244411309288,6.36894030657383,1.76820007506167,0.0817272238566932,0.281255570514724,-4.74049127852826
"ENSG00000274997",0.528845944685439,5.43435440907876,1.66889299707208,0.0999562587862805,0.318443447433041,-4.74070446747018
"ENSG00000167395",-0.260077781359682,5.78038841740407,-1.72055143135085,0.0900972266949366,0.29694476166607,-4.7416169097496
"ENSG00000157741",-0.211413657236322,6.29022168538215,-1.75197395997522,0.0845019882938498,0.286119846006771,-4.74324140498197
"ENSG00000110090",0.340311622154636,6.78337040444947,1.78731611189976,0.0785557369620982,0.275273123696397,-4.74526235889562
"ENSG00000109062",-0.196882855050391,7.21162693209932,-1.82983871189207,0.0718673365238863,0.262950469699216,-4.74629751440257
"ENSG00000196735",-0.422306680685451,5.33354783569579,-1.68525591538423,0.0967422718587067,0.311312402295472,-4.74958913392893
"ENSG00000103148",0.365702542733421,7.0248546603845,1.7997246879305,0.0765524253319881,0.2704898347574,-4.75028598617082
"ENSG00000179818",0.231677694488015,6.27349515367509,1.74164574147153,0.0863084688976621,0.290413605743458,-4.75037172588206
"ENSG00000014216",0.26820220049114,7.90187601119344,1.85191982648851,0.0685867756801826,0.257264090945347,-4.75075036507055
"ENSG00000139946",0.250801201771073,6.45039890933144,1.75780011844597,0.0834968346155961,0.284617858741411,-4.75253109115175
"ENSG00000138433",0.17808673909596,6.94705562984046,1.80639289250069,0.0754935955370421,0.269168264715841,-4.75257432426466
"ENSG00000132522",-0.255291002694502,4.77615324266372,-1.60187340076064,0.114040241124151,0.344396470978035,-4.75556221515926
"ENSG00000151692",-0.289916171797916,4.74888901418554,-1.60050255898728,0.114344213316706,0.34493204548694,-4.75614716510851
"ENSG00000135655",0.212121510783977,7.70204189665142,1.84381266380671,0.0697763149586312,0.258423768793082,-4.75781655213
"ENSG00000102710",-0.186113563041195,5.75666954404256,-1.6972726985838,0.0944362134494159,0.306608159041965,-4.75992604748964
"ENSG00000138378",-0.304046588102834,5.00842793362759,-1.63762243691662,0.106340552620654,0.329899677773444,-4.75993669936028
"ENSG00000134453",-0.201534612090723,6.75588596952752,-1.79113581314259,0.0779344629111747,0.274458276625779,-4.76065308266506
"ENSG00000116209",0.224819410776535,5.55567130634432,1.66531890926369,0.100669747752042,0.319236778668872,-4.76101436589477
"ENSG00000163320",0.245431553238391,7.21510685907827,1.80915967237884,0.0750578688857742,0.268669690991917,-4.76351878335598
"ENSG00000240869",0.501940208941091,5.89775745944972,1.70298875121359,0.0933552131686216,0.304550419965659,-4.7641480240996
"ENSG00000084693",0.358297339811016,5.65401582879349,1.66258249570742,0.101218815668664,0.320232350617237,-4.76544982676215
"ENSG00000013810",0.226357576020965,6.75676836515831,1.77471423122988,0.0806347430821348,0.27935368200775,-4.76687499720033
"ENSG00000152217",-0.290985678508766,6.2382783465638,-1.75276742037139,0.0843645106320442,0.286119846006771,-4.7686394365168
"ENSG00000040933",-0.272398682565795,6.43447022390647,-1.76411749531594,0.0824181507639496,0.282357989560181,-4.76869118885638
"ENSG00000164116",0.369991858904037,7.23834392008184,1.79998765640496,0.0765104356833059,0.2704898347574,-4.76915299252109
"ENSG00000197415",0.436106696375015,5.38028609216976,1.62650371578087,0.108688811392794,0.333410272786003,-4.76948063355523
"ENSG00000168395",0.306663400869249,5.10554217807371,1.62040233493297,0.109995146820856,0.336281458967465,-4.76958183841156
"ENSG00000076554",-0.305184377992951,5.08495288090574,-1.63585940760013,0.106710132924763,0.330316366008017,-4.77103840437856
"ENSG00000055070",0.14513577958856,7.67895002338129,1.83677985156008,0.0708222091186225,0.260174912527482,-4.77105658893671
"ENSG00000122986",-0.343952189301762,4.70301914935074,-1.59729813865545,0.115057311165851,0.346259077162223,-4.77122650451435
"ENSG00000146833",-0.224533098561331,5.27355706298441,-1.65088071138177,0.103594401831093,0.324357644353905,-4.77124853720752
"ENSG00000092148",-0.191166981091775,7.54205185592075,-1.83140537243169,0.0716303216037574,0.262259403291176,-4.77245771466004
"ENSG00000110841",-0.317033205246654,6.31413934023026,-1.74612558280266,0.0855210294485392,0.28867321464414,-4.77527239957206
"ENSG00000002834",0.164647054226165,8.59226882019066,1.86394233013244,0.0668541793471218,0.254878634767753,-4.77741861961973
"ENSG00000131016",-0.526356277329769,6.02152148200237,-1.71574220089002,0.0909799221928508,0.298422528496613,-4.77848469501204
"ENSG00000101220",0.281127285460043,4.89143100689259,1.59181904317147,0.116284893658203,0.348087967390049,-4.77964022938512
"ENSG00000164483",-0.342608226247787,5.47716270304479,-1.67307342592421,0.0991269682274327,0.316741186453404,-4.78031744029752
"ENSG00000146963",0.305007470839862,4.93043209074371,1.58027217958102,0.118906423948164,0.350564919628269,-4.78069937912971
"ENSG00000108175",-0.198922067279558,7.49764105743005,-1.82580049991087,0.0724812967483114,0.264317404886634,-4.78142835689695
"ENSG00000124177",-0.1897256580291,7.2165162312877,-1.80714858637283,0.0753743758060661,0.269168264715841,-4.78255311671427
"ENSG00000004399",-0.313618837775469,5.15607523860643,-1.62784151335036,0.108404067622498,0.333193051106522,-4.7827048279517
"ENSG00000141510",-0.230056029402971,5.61023402380685,-1.68413988597423,0.0969587606049251,0.311640901342556,-4.7829933887236
"ENSG00000078808",-0.248264581947446,5.42847645736205,-1.64590533462105,0.104618101596827,0.325681127864351,-4.78349962872678
"ENSG00000145734",-0.190307741739525,7.76862906070505,-1.8328458123551,0.0714129807837383,0.261815558081969,-4.78353529896455
"ENSG00000179348",0.339676767844419,4.90284288118358,1.57699388171304,0.119659287396162,0.351843767561274,-4.78397696577294
"ENSG00000166750",-0.258697054414354,8.39615950474598,-1.85834407719409,0.0676563179222283,0.255978663294465,-4.78556522256155
"ENSG00000004142",-0.309242712486664,5.17924108705039,-1.62290572956119,0.109457630042038,0.335014139589338,-4.786562422784
"ENSG00000115594",0.422439303150477,4.61245563124851,1.55694029335415,0.124348115687772,0.357708052473757,-4.78767924792544
"ENSG00000197448",0.159780019825604,7.31840450803573,1.80517618605325,0.0756858763866949,0.269350473157151,-4.7879571202142
"ENSG00000164597",-0.222422884820581,5.19562350368936,-1.61504410595574,0.111152812520353,0.339249592499093,-4.78882085409847
"ENSG00000185236",0.244800950792349,7.52042987973436,1.81070248390534,0.0748158128907606,0.268332158412682,-4.79145034472826
"ENSG00000116044",0.156585798183911,6.86170101149226,1.77152870500583,0.081167458062809,0.280692848512077,-4.79216198238293
"ENSG00000104904",0.218099334858943,10.3127770032764,1.85832157372912,0.0676595585800347,0.255978663294465,-4.79560812904491
"ENSG00000143393",-0.223322836141408,6.11955733978322,-1.72213080163897,0.089808888844267,0.296712447800829,-4.79647090331642
"ENSG00000170852",-0.217670439087673,5.78945168257366,-1.67882650064001,0.0979948997898543,0.314414731481229,-4.79648281674839
"ENSG00000257511",0.415581235537491,5.20029796293618,1.59717477622507,0.115084835097626,0.346259077162223,-4.79752720965811
"ENSG00000122483",0.289037755409635,6.34185682349444,1.71988815744429,0.0902185444346328,0.297087234827215,-4.79771611819469
"ENSG00000141506",-0.235805494811611,6.76624544233632,-1.77457638209998,0.0806577352786693,0.27935368200775,-4.79780969382958
"ENSG00000144711",-0.185793761086433,8.42744180298026,-1.84986402858055,0.0688867911742767,0.257580808728524,-4.80022807457524
"ENSG00000103005",0.272326824233503,5.38918746417364,1.6324130085676,0.107435602636225,0.331432142220924,-4.80112971301529
"ENSG00000003400",0.247802287827868,5.48018821483913,1.6449224941879,0.104821293191197,0.325951144580846,-4.80466303698494
"ENSG00000166855",-0.18109740827758,6.3468214668503,-1.72742529506643,0.0888478394730965,0.295508564987442,-4.80540364473169
"ENSG00000154767",-0.235131063337998,6.03460921618348,-1.70836176473901,0.092348370095269,0.302352115552299,-4.8062130198824
"ENSG00000090020",0.423373920946392,4.78464704768319,1.53739639319145,0.129057755292415,0.363174922950969,-4.80664433845907
"ENSG00000176623",-0.225680113560932,4.99539034889661,-1.59009322522754,0.116673733870961,0.348610748673993,-4.80792229362152
"ENSG00000047056",0.208960856512891,6.18166380233462,1.70190961817554,0.0935585136349174,0.305030988798941,-4.80808174105941
"ENSG00000255302",-0.165754318657776,7.136045240751,-1.78449386237548,0.0790174201104832,0.27559981098714,-4.80952536543233
"ENSG00000101109",-0.15048961887288,9.15884330428259,-1.85279677798527,0.0684591313826698,0.257241277965187,-4.81082043210378
"ENSG00000163359",0.530802426131975,4.68186782522626,1.51779432519121,0.133922740012202,0.368712387780307,-4.81303257532878
"ENSG00000161013",0.418149619885418,7.17636520187402,1.76980713805797,0.0814565700252558,0.280692848512077,-4.81379603566185
"ENSG00000139437",-0.287454818640305,5.60516440211964,-1.65797758024121,0.102148310667471,0.321650793526477,-4.81544209160745
"ENSG00000121579",-0.191071990277148,6.91996546204736,-1.76137450413036,0.0828850846925787,0.28328603601328,-4.81747675918649
"ENSG00000060069",-0.237133606241982,5.86539507291678,-1.67351770425911,0.0990391659479565,0.31664634746741,-4.81853486127542
"ENSG00000171476",-0.350587929345938,4.63119987379612,-1.55501855994912,0.124805042857286,0.357708052473757,-4.81853688888385
"ENSG00000221869",0.257357733569788,6.67388557851511,1.74333866553817,0.0860101953974921,0.289785741821606,-4.81935612481658
"ENSG00000130779",0.222590876155997,7.44711750531853,1.78902051447499,0.0782780083522594,0.274957182142559,-4.81955048977607
"ENSG00000164209",-0.299149754107321,5.15606577844813,-1.60324731043839,0.113736242142388,0.343874600680159,-4.81979353363978
"ENSG00000009413",-0.164469004346591,6.10416418996224,-1.6949638533107,0.094875755468741,0.307302684776279,-4.82149664533368
"ENSG00000103540",0.286338171847162,4.93365047211428,1.55917376966346,0.123818744788849,0.357351965987562,-4.82514446719978
"ENSG00000028137",-0.267894196901052,6.08081895972213,-1.69531399948792,0.0948089893658207,0.307302684776279,-4.8254318980956
"ENSG00000143409",0.398721664547006,7.41022964505055,1.77788430117194,0.0801075002799468,0.278600600711535,-4.82543357520167
"ENSG00000116731",-0.14445625369679,7.85838403191635,-1.81278218109081,0.0744905561313671,0.268047919289094,-4.82912823846578
"ENSG00000183044",0.285212010426547,5.2763885653667,1.57993861751775,0.118982852679117,0.35057792395664,-4.83139337568954
"ENSG00000110934",0.207154203367708,10.0454593712679,1.83906772001257,0.0704805313267353,0.259487003678838,-4.83360686763574
"ENSG00000031081",-0.238842748818283,6.80374619132634,-1.75205194987219,0.0844884672836642,0.286119846006771,-4.83679707291063
"ENSG00000155506",0.169566328266704,8.17442219065765,1.82024829776956,0.0733326083216911,0.26605542241809,-4.83717040118753
"ENSG00000061918",0.34313060325993,7.21395732428876,1.75830043564862,0.083410981631366,0.284617858741411,-4.83729330116428
"ENSG00000171115",0.239141665901763,6.66740770917503,1.74118521542894,0.0863897559663661,0.290413605743458,-4.83884586183823
"ENSG00000101082",0.369292910017871,6.87756628093668,1.73417629513774,0.0876347218772309,0.292442898364426,-4.83935640880497
"ENSG00000123739",0.451494570358213,6.18828744072777,1.66806964713818,0.100120255875895,0.318443447433041,-4.84079671341371
"ENSG00000198771",-0.187628741405407,8.54824057139055,-1.82943237974854,0.0719289164208584,0.262974880878854,-4.84099516613406
"ENSG00000172331",-0.520436463106046,7.67839557649758,-1.80117211642884,0.0763215444497018,0.270350958492832,-4.84105917358691
"ENSG00000166927",0.31551675522021,6.56365850984061,1.72643469633699,0.089027004063863,0.295745236030476,-4.84208990616816
"ENSG00000266714",-0.320297823987958,5.09263374841189,-1.56980007749376,0.121324740537295,0.354332590615793,-4.84294452972324
"ENSG00000104894",-0.226703557690557,8.286372423062,-1.8197293847532,0.0734125984414806,0.26605542241809,-4.84322693321877
"ENSG00000121281",-0.309017635138013,4.9210151635004,-1.56724158780826,0.121921515481439,0.354332590615793,-4.84410389150151
"ENSG00000011105",0.443609724658224,5.39570105171638,1.5736990876361,0.120419784028661,0.353283243612356,-4.84531211401453
"ENSG00000077312",-0.257953899178903,4.91128260680352,-1.56987493535261,0.121307314994131,0.354332590615793,-4.8458283147462
"ENSG00000148019",-0.284682047289214,5.07089829895945,-1.58430618667549,0.117985230475603,0.34906362236172,-4.84652282512748
"ENSG00000169826",0.231933584970323,6.0905634176546,1.6612960737031,0.101477781444649,0.320865324033921,-4.84696118577752
"ENSG00000288701",-0.19636539877064,8.07060582943196,-1.80972926808851,0.0749684273438066,0.268525964608191,-4.84935417216419
"ENSG00000255240",0.464499781232385,5.04160319757902,1.54413439022642,0.127418283660746,0.361480741656742,-4.84974945579081
"ENSG00000117091",-0.194835510048617,7.75958099580619,-1.80160839029956,0.0762520680052994,0.270350958492832,-4.85097548666042
"ENSG00000140859",0.330003650714792,5.52477320290442,1.59380636548894,0.115838425803982,0.347539744400568,-4.85353162614333
"ENSG00000115839",0.178174830749048,6.5312395746557,1.70319734807338,0.093315956963589,0.304550419965659,-4.8549436100594
"ENSG00000079277",0.21646207764077,5.55424544441202,1.60113481037785,0.114203936112529,0.344699747335766,-4.85631910040784
"ENSG00000186575",-0.207744677659006,6.01677863476002,-1.67460562132289,0.0988244301562144,0.316145329119822,-4.85688910618859
"ENSG00000227345",-0.194484397765676,5.40304826888443,-1.59709199928298,0.11510330679414,0.346259077162223,-4.85777407236345
"ENSG00000117280",-0.255212682200779,5.56239849270335,-1.62879624107581,0.108201227993026,0.332851660138908,-4.85961788757175
"ENSG00000136813",0.18593709453063,7.37056414973523,1.76007134898397,0.0831076855952031,0.283868759324556,-4.86102003308612
"ENSG00000135605",0.357217103652318,5.43930524378084,1.58249049229479,0.118399145476654,0.349424997051359,-4.86346391841687
"ENSG00000005961",0.683641267171339,9.11873621966449,1.81773103379221,0.0737213253667004,0.266512130456393,-4.86404272712146
"ENSG00000186395",-0.259576751629523,4.85719982105173,-1.5430156895689,0.127689329449557,0.361480741656742,-4.86473594076321
"ENSG00000165914",0.351758938755628,7.26783103389502,1.74522657117704,0.0856785739641529,0.289025926288981,-4.86482594108367
"ENSG00000110917",0.314515201452676,5.09977691470497,1.5455332404015,0.12708000611031,0.361065048989018,-4.86598652428445
"ENSG00000101246",-0.253220544047717,4.98398639900012,-1.55660904329309,0.12442678105065,0.357708052473757,-4.86795540625057
"ENSG00000263934",-0.605664915498404,5.09199189077448,-1.56236575246485,0.123065317622078,0.355870408919894,-4.86797797142312
"ENSG00000116062",-0.1914630277915,5.722093757147,-1.62712339602186,0.108556840255888,0.333193051106522,-4.86884146037763
"ENSG00000177425",0.377696407104811,4.82508415660583,1.50158492410917,0.13805438836701,0.373832192100063,-4.87029258400853
"ENSG00000253738",0.252444332717233,5.25415503885266,1.56686873858788,0.122008679316183,0.354332590615793,-4.87052303899927
"ENSG00000035403",0.554491303857416,10.5501992523684,1.81207924686566,0.0746003598798825,0.268067167887033,-4.87058080028871
"ENSG00000256537",0.253608357805844,5.01916931588282,1.53231945368436,0.130304104982072,0.364708403490332,-4.87133852049396
"ENSG00000100354",-0.165841658292125,7.6327968943661,-1.77772775521245,0.0801334694043641,0.278600600711535,-4.8725895302624
"ENSG00000132478",-0.25849121055894,4.96242340369711,-1.5383435465118,0.128826288598864,0.362898459300212,-4.87262216238366
"ENSG00000166508",0.216151406797395,5.79101038467401,1.63109840785662,0.107713378079149,0.332101009493607,-4.87272283475415
"ENSG00000173868",-0.42897257629518,4.94967407154544,-1.54538821045282,0.127115044779908,0.361065048989018,-4.87403447038019
"ENSG00000171552",-0.337854420998932,8.81457129841354,-1.81187311929052,0.0746325842397953,0.268067167887033,-4.87447319404758
"ENSG00000140836",-0.341601292903193,6.67355063724541,-1.71793738203287,0.0905761355508637,0.29780252654261,-4.87455851626637
"ENSG00000174720",-0.153947228187607,6.42788171029582,-1.68821735366623,0.0961697255195566,0.310019328183754,-4.87543828718108
"ENSG00000254999",0.231142693701448,7.29408361577491,1.74452990348561,0.0858008243290378,0.289259214693439,-4.87593438693976
"ENSG00000156735",-0.236251051470334,5.41075797747177,-1.58737687521069,0.117287864658788,0.348872407426393,-4.87642111590116
"ENSG00000172757",0.156658318849493,9.92417546505176,1.81474570825234,0.0741845536628018,0.267299899705651,-4.87649342496801
"ENSG00000079999",-0.26717922898931,5.33786376097873,-1.58362816386185,0.118139659939386,0.34906362236172,-4.87873865544101
"ENSG00000074695",0.292093317464653,5.23558264488833,1.54546756910342,0.127095871086768,0.361065048989018,-4.88065103009437
"ENSG00000115271",0.327266992422779,6.94412331066858,1.72578996523522,0.0891437732425715,0.295745236030476,-4.88182021817559
"ENSG00000198218",-0.184518871381795,6.56037850511267,-1.70105809292293,0.093719190913969,0.305189570890199,-4.88193196176589
"ENSG00000119950",-0.459417606371471,7.7867749911357,-1.78237070122,0.0793662281278276,0.276285757725498,-4.88240022063621
"ENSG00000090989",-0.210323074865232,5.43594910839009,-1.58968941766683,0.116764865547041,0.348610748673993,-4.88395421354949
"ENSG00000071243",0.268341573869456,5.09892308976927,1.54058827705916,0.128279036095222,0.362184585177804,-4.88423150778824
"ENSG00000022567",0.268457090847846,5.8789384485902,1.61230056775463,0.111749362654116,0.340372663610711,-4.88572080348818
"ENSG00000198898",0.25026598893898,8.16438482898349,1.7829087384989,0.0792777145714519,0.276154085028945,-4.88649019352101
"ENSG00000196214",-0.229840930374589,5.7196852707468,-1.61191612065378,0.111833162236265,0.340372663610711,-4.88863639042239
"ENSG00000183963",0.373587722185125,4.86760645654502,1.49752797016289,0.139104045994364,0.374426305621194,-4.8887419476
"ENSG00000115935",0.223133011515985,9.95634272970021,1.80675103678956,0.0754370743813452,0.269168264715841,-4.89039895557139
"ENSG00000166889",0.20420071454086,6.22693062611209,1.65779551586704,0.102185202447941,0.321650793526477,-4.89082239852601
"ENSG00000197879",0.217301662031977,6.35220200633142,1.66270095416217,0.101194996256948,0.320232350617237,-4.89149186579387
"ENSG00000154358",-0.39111738285901,5.15134388854248,-1.5551490673905,0.124773969991849,0.357708052473757,-4.89210396821142
"ENSG00000102908",0.257662050748391,7.58262343285894,1.75210281790482,0.0844796493220717,0.286119846006771,-4.89295862960728
"ENSG00000244230",0.396862953577419,6.26771662407317,1.65250207791723,0.10326256564234,0.323690712094056,-4.89562726248217
"ENSG00000141562",0.328596214316705,5.70675775481985,1.60535182605141,0.113271851724362,0.343217490653127,-4.89702428022617
"ENSG00000132475",0.162361825235873,8.88338324223202,1.79968134802188,0.0765593475029205,0.2704898347574,-4.89734038159575
"ENSG00000134326",0.398136299362121,4.87801670463665,1.49471270401411,0.139836129555454,0.374914977272694,-4.89816069252017
"ENSG00000112031",0.342489865322571,5.81502624476993,1.59370071583869,0.115862126094942,0.347539744400568,-4.90017386853215
"ENSG00000166716",-0.191622283493015,7.07849644591054,-1.72553258887589,0.0891904226868708,0.295745236030476,-4.90027106817937
"ENSG00000151474",-0.340660499140649,5.05239214776518,-1.54045690542499,0.128311012726496,0.362184585177804,-4.90028067405347
"ENSG00000112078",0.22262279499368,7.96805126587858,1.76741437422385,0.0818598192757812,0.281255570514724,-4.9003010376022
"ENSG00000177889",-0.195376515645885,5.95568530564802,-1.6345554383292,0.106984150937953,0.330788680085114,-4.90093833733438
"ENSG00000169313",0.481818066267534,5.22255435766688,1.53246987010286,0.130267042013918,0.364708403490332,-4.90121051241296
"ENSG00000112773",0.259707427065843,5.98229755002931,1.63480763997602,0.106931108462667,0.330788680085114,-4.90161670500816
"ENSG00000162711",-0.30925555572943,4.76926213175223,-1.49915478423038,0.138682386873061,0.374426305621194,-4.90434702066802
"ENSG00000055483",-0.241556271561773,5.67915168163594,-1.60605599587218,0.113116808649838,0.343129383922226,-4.90457121503276
"ENSG00000143612",0.204908462639988,6.21395509323068,1.64563151000921,0.104674679678869,0.325681127864351,-4.90568591045256
"ENSG00000095370",-0.194244892221697,6.94021194347513,-1.71971893546809,0.0902495179219973,0.297087234827215,-4.90666500918092
"ENSG00000285774",-0.658260499271353,4.94544830051576,-1.51431246484496,0.134801885879917,0.369292443855493,-4.90690755189944
"ENSG00000128284",0.270208361007514,7.23342908017246,1.73622898490358,0.0872685867273648,0.291896422579045,-4.90728324617108
"ENSG00000165006",0.197618162608648,6.82556223540723,1.69314552877086,0.0952230948718295,0.308061413813377,-4.90823901907935
"ENSG00000174175",0.414367475912429,6.54970381334034,1.66062485379235,0.101613116905549,0.320920730957353,-4.90824921739489
"ENSG00000135387",0.134522854407026,8.47993075193209,1.78548050284392,0.0788557625285214,0.275342252705931,-4.9083306612472
"ENSG00000162191",-0.216830624196049,7.50525236017491,-1.75442898651979,0.0840772219112795,0.285865212831573,-4.90871203665465
"ENSG00000196419",-0.147546654961565,7.57362360899491,-1.75448806220716,0.084067022519324,0.285865212831573,-4.90972663159959
"ENSG00000085719",0.231148163964551,6.10647506028776,1.63683147302398,0.106506232176109,0.330060268996268,-4.90983984713863
"ENSG00000157827",0.35923593130292,4.73388756929385,1.48982949099832,0.141113153991384,0.3761176433195,-4.91022567536024
"ENSG00000118816",-0.141761715073486,9.06007737505371,-1.79480247790991,0.0773419365281439,0.272724187835164,-4.9106488495801
"ENSG00000115159",0.317722671731985,5.56787587913438,1.55376326174848,0.125104235550284,0.358032944315788,-4.91136695281419
"ENSG00000205744",-0.217944008019422,6.13674014673252,-1.64914179608371,0.103951259336815,0.324914779613867,-4.91139311210799
"ENSG00000177119",0.49158075806462,9.21016053351813,1.79233218246601,0.0777407174620964,0.273953058689199,-4.91159234812465
"ENSG00000184730",0.359247273795026,6.45011902925654,1.66541767403317,0.100649975864691,0.319236778668872,-4.9123153744089
"ENSG00000063244",-0.172881569070564,7.00465046545946,-1.71587064735725,0.0909562547272622,0.298422528496613,-4.91233635539705
"ENSG00000173545",-0.223498020898958,5.70181396649482,-1.60322490247043,0.11374119501205,0.343874600680159,-4.91319605761827
"ENSG00000223482",0.363640278040954,5.42313234615167,1.53662452310716,0.129246630382984,0.363331084791795,-4.91467614674931
"ENSG00000116337",-0.235810019868278,6.46078227474701,-1.6693621260088,0.0998629144696033,0.318345908736336,-4.91485451168637
"ENSG00000100982",-0.183495840384523,5.57971126028081,-1.58023870712272,0.118914091680074,0.350564919628269,-4.91530250532759
"ENSG00000156232",-0.239777039527401,5.02150905787982,-1.50443106602711,0.137321740033524,0.372945583102013,-4.91760290799519
"ENSG00000164086",-0.220427244261449,6.01484884597209,-1.63003402433404,0.107938708609784,0.332433271210652,-4.91822219384317
"ENSG00000115685",0.182533154987662,6.05213219109793,1.63001291074384,0.107943182226807,0.332433271210652,-4.91868957254638
"ENSG00000173041",0.282697396593725,5.35324256282184,1.52917519115408,0.131080777247189,0.365539381291266,-4.91882414312432
"ENSG00000156639",0.305086629060727,7.60724665885097,1.73429827445755,0.0876129292331227,0.292442898364426,-4.92039725768134
"ENSG00000137770",-0.176469511982115,5.851262964263,-1.60422448365023,0.11352042493821,0.343779474743395,-4.92346500791749
"ENSG00000153214",0.313434945928345,5.16020235627545,1.50116963865776,0.138161547579153,0.373921565430315,-4.9242412942616
"ENSG00000133026",-0.371184570379927,5.01534840177925,-1.51010191104906,0.135871111774174,0.370547531479716,-4.92434177362196
"ENSG00000107949",-0.251776343841793,5.35761071659187,-1.55848849788042,0.123980973842206,0.357464975148085,-4.92434282164579
"ENSG00000055609",0.189293859247728,9.63359167312695,1.78691882886249,0.0786205911291473,0.275273123696397,-4.92615732145185
"ENSG00000116688",0.212593807978756,7.73944032425741,1.74059139930396,0.0864946633293418,0.290413605743458,-4.92801394865103
"ENSG00000119408",-0.186492335887074,6.34299455974807,-1.64666050128168,0.104462196587134,0.325577830095369,-4.92926853936008
"ENSG00000197603",0.274430347215442,5.26391142625274,1.51422401254451,0.134824278786449,0.369292443855493,-4.93010531745827
"ENSG00000164754",-0.153253363023341,8.15924856303419,-1.76388249194092,0.0824580692713379,0.282357989560181,-4.93079466184369
"ENSG00000143624",-0.212494056831916,5.65919770277801,-1.5852022355153,0.117781391073366,0.34906362236172,-4.93149571841143
"ENSG00000143373",-0.28867689440482,4.73828073172951,-1.48275358300238,0.142979850009498,0.377845946657685,-4.93226662784596
"ENSG00000167815",-0.374371585415684,4.81580950301872,-1.48668352713729,0.141940711128578,0.376664877851189,-4.93307534693724
"ENSG00000168887",0.21704261952108,6.16417772361594,1.61769299470146,0.110579285894924,0.337688312531135,-4.93714097969072
"ENSG00000132646",0.28440912207479,5.3322093255798,1.53992762080717,0.12843990795953,0.362184585177804,-4.93725763245998
"ENSG00000166938",-0.212165840973361,5.35602915562301,-1.54327243622396,0.12762708272923,0.361480741656742,-4.93737383145877
"ENSG00000172845",-0.171676017984864,7.19854769549303,-1.71362721960411,0.0913703564718933,0.299510049373571,-4.93801743981881
"ENSG00000164134",-0.176731300743701,5.95805901024205,-1.61205701779165,0.111802444396814,0.340372663610711,-4.9380566155638
"ENSG00000076242",0.256777366558858,4.72822906226224,1.46315450201883,0.148251576079813,0.385667043440705,-4.9391121176234
"ENSG00000159339",0.404482340443914,5.79264829949137,1.5650335124889,0.122438440947423,0.354622342520767,-4.93911391662117
"ENSG00000160218",-0.203718611081915,6.49870922564114,-1.65279872788203,0.103201945598233,0.323686931271833,-4.93986880672732
"ENSG00000151292",0.249802413103015,6.71291792225743,1.66325751425162,0.101083145310625,0.320232350617237,-4.94020609032561
"ENSG00000116918",-0.238151415996763,4.91519151067907,-1.4929672084425,0.140291550674686,0.375064823995631,-4.94211926344081
"ENSG00000101773",0.211326824944308,5.9112090857303,1.58337710247719,0.118196883928839,0.34906362236172,-4.94248484186373
"ENSG00000276234",0.294295881354052,6.36621100118681,1.62750809343966,0.108474977875501,0.333193051106522,-4.94292037012255
"ENSG00000078902",-0.243620784448688,5.72474828496472,-1.566175244899,0.122170935243341,0.354412808948732,-4.94322109830633
"ENSG00000126870",-0.287064269662308,6.48961150165416,-1.64764117472326,0.104260017281636,0.325319916466411,-4.94454994573512
"ENSG00000142002",0.179441218836308,5.82472559109945,1.58450304598854,0.117940423297895,0.34906362236172,-4.94541765966148
"ENSG00000069966",0.361706981803978,6.18041534193208,1.59775531607068,0.1149553545079,0.346259077162223,-4.94909214737833
"ENSG00000100453",-0.31189526257433,5.44996192789466,-1.55808725992965,0.124076040382715,0.357464975148085,-4.9494861727008
"ENSG00000175334",0.23061639580623,5.01667631424026,1.48840346323459,0.141487804346162,0.376568276114825,-4.94961274142355
"ENSG00000100784",-0.192351264692027,5.22906095698643,-1.5106157177727,0.135740278080148,0.370547531479716,-4.95047192458094
"ENSG00000162636",-0.212829092266362,5.28833965559319,-1.52264347539267,0.132705930974735,0.366995894391045,-4.95088857956545
"ENSG00000125534",0.348844511002266,10.1016193951518,1.76988513423942,0.0814434532414802,0.280692848512077,-4.95109203186235
"ENSG00000175324",0.276301826252531,5.77649625020582,1.55908379596447,0.123840035202738,0.357351965987562,-4.95173160859404
"ENSG00000100632",0.190368160482365,5.64716186699996,1.56517540305732,0.122405170797901,0.354622342520767,-4.95185731961803
"ENSG00000179134",-0.222544048941089,5.42851221484042,-1.53211296873701,0.130354997006161,0.364708403490332,-4.95217662396969
"ENSG00000018699",0.3578183993933,5.38540395002405,1.50967625489566,0.135979574603911,0.370547531479716,-4.95520861260358
"ENSG00000162688",-0.277561565250826,4.88184089040424,-1.45946685064237,0.14926024898148,0.386855298026215,-4.95586057133413
"ENSG00000048052",-0.292708017864226,6.34294101280578,-1.62448058608348,0.10912057460743,0.334546364919123,-4.95768877829864
"ENSG00000144895",-0.196565423091292,5.9269016506586,-1.59130751345983,0.116400036497043,0.348241295351944,-4.95781482243474
"ENSG00000128928",-0.269434919311502,4.78703462529577,-1.46384994231196,0.148061952722251,0.385667043440705,-4.95892967755084
"ENSG00000115484",-0.176827271296617,6.95598070378122,-1.68417254673698,0.0969524194044655,0.311640901342556,-4.95998658270744
"ENSG00000154518",-0.220778087083229,5.10698963447424,-1.4963325442652,0.139414535578859,0.374577606215924,-4.96040901642595
"ENSG00000221823",-0.268001475735227,8.27628197578242,-1.74245644916573,0.0861655251462838,0.29012965450986,-4.96272620532605
"ENSG00000136878",-0.223148496670349,5.36499763652289,-1.51693711382552,0.134138757815817,0.368712387780307,-4.9643800810953
"ENSG00000162601",-0.185835788166556,5.76650087448806,-1.55833450444536,0.124017453100477,0.357464975148085,-4.96997740413257
"ENSG00000079785",-0.200195180117659,5.71226202023202,-1.56278982624612,0.122965496638074,0.355773778058052,-4.97001472318926
"ENSG00000065809",-0.184439726042392,7.80454425726501,-1.72575216257921,0.0891506237106899,0.295745236030476,-4.97011987897453
"ENSG00000196782",0.274426459289751,6.59996573123028,1.62738889549077,0.108500337472224,0.333193051106522,-4.97050003926599
"ENSG00000065413",-0.209611645813444,7.07026420974787,-1.68999295690984,0.0958277737656369,0.30928300442843,-4.97108259176264
"ENSG00000065491",-0.312784292403072,4.8768143086844,-1.46689650530543,0.147233490533786,0.384622036871364,-4.97208666947227
"ENSG00000139112",0.241006519941082,5.6311726968274,1.53174143614172,0.130446607810379,0.364708403490332,-4.97254620752292
"ENSG00000168404",0.258641984891772,5.84964757608268,1.56755425943097,0.121848458234263,0.354332590615793,-4.97260328231644
"ENSG00000168405",0.31404172265456,5.46630384493295,1.50156353297274,0.13805990648042,0.373832192100063,-4.97301387517159
"ENSG00000164951",0.237818977670205,5.30193478487433,1.5123477545899,0.135299972458693,0.370409170831639,-4.97718186788253
"ENSG00000129292",0.194976206253045,7.08013643477307,1.66803421912603,0.100127317447283,0.318443447433041,-4.97730382773705
"ENSG00000119707",-0.254087637673291,7.79219982452386,-1.72097591468333,0.090019656053398,0.296872558394305,-4.97858612494089
"ENSG00000197747",-0.19966401737279,8.34046826530133,-1.74048516254726,0.0865134428923003,0.290413605743458,-4.97862821396968
"ENSG00000136997",-0.24759303998886,5.61416971914207,-1.55496835267305,0.124816998486162,0.357708052473757,-4.9786885174666
"ENSG00000132604",-0.166966237329227,5.93315463270215,-1.571105353283,0.121021183111158,0.354094202787106,-4.97929770942683
"ENSG00000148296",-0.251696323293581,5.80284745663377,-1.57381441246875,0.120393099791674,0.353283243612356,-4.97995206074575
"ENSG00000127837",-0.222803970526319,5.78263322953906,-1.56722823945428,0.121924635169038,0.354332590615793,-4.98254151857874
"ENSG00000166333",0.236853341186245,7.76393765099565,1.7038205625928,0.0931987538662663,0.304404562987661,-4.9846497626354
"ENSG00000136536",-0.152250243651566,6.73908772407551,-1.64834775747128,0.104114542750625,0.325052165561836,-4.98519241751944
"ENSG00000134321",0.419394846031412,5.37721870353161,1.48724890233475,0.14179170664274,0.376664877851189,-4.98598599241467
"ENSG00000136937",-0.220985630338108,5.31919230187882,-1.49784692694999,0.139021295057227,0.374426305621194,-4.98732328441849
"ENSG00000107863",0.300129305131808,8.05910847223867,1.71748602414023,0.0906590386703453,0.297895321276261,-4.98734110721478
"ENSG00000173660",0.193691131959427,6.49105407069264,1.61373052021869,0.111438114600357,0.339929926283732,-4.98929804658558
"ENSG00000186480",0.301262616408891,5.52626368828083,1.50934088253764,0.136065080096369,0.370547531479716,-4.99016735870688
"ENSG00000196704",-0.217505926174042,5.52504405243554,-1.51433558019931,0.134796034397426,0.369292443855493,-4.99095912639472
"ENSG00000128294",0.339759894195065,6.08580995091339,1.55311505334695,0.12525895592252,0.358032944315788,-4.99172353781347
"ENSG00000147854",0.308774812530773,4.89911115654234,1.41679863134065,0.161324303325484,0.404968175065853,-4.99282841323085
"ENSG00000163781",0.19355048992564,5.85794620025395,1.55079886428075,0.125813052562666,0.358488237636719,-4.99287016829358
"ENSG00000265808",-0.254907355167302,5.29162045307499,-1.49042138919515,0.14095787801496,0.375887674706559,-4.99358863019628
"ENSG00000143748",-0.251330960676255,5.24192309988051,-1.47852397087966,0.144104889946483,0.379634158814526,-4.99394521368146
"ENSG00000174032",0.264094998797703,4.88859758199351,1.43109159228491,0.157201821535657,0.398342104058726,-4.99624489994164
"ENSG00000100442",-0.187302543197425,5.91668157243352,-1.55097259938815,0.125771422636647,0.358488237636719,-4.99672041705964
"ENSG00000110315",-0.202461025903678,5.66665891112547,-1.52874722283123,0.131186774213781,0.365539381291266,-4.99729220402958
"ENSG00000203814",0.385329674080048,6.40941597657211,1.60560380811777,0.113216351012568,0.343217490653127,-4.99745816441258
"ENSG00000120318",-0.279909897955852,5.46003118199587,-1.51706849921809,0.134105630733703,0.368712387780307,-4.99754968489338
"ENSG00000196199",-0.172891109324779,6.61930389699812,-1.63363094952624,0.107178769753701,0.33101470386517,-4.99820437373826
"ENSG00000237973",0.960218395507091,9.61008705491898,1.74016705878352,0.0865696945167723,0.290413605743458,-4.99902875853352
"ENSG00000171490",-0.169364007187705,7.73424552414247,-1.70748729430982,0.0925116255844284,0.302523010914745,-5.00004310237142
"ENSG00000108091",-0.171873252686658,6.17306639254459,-1.5872553915864,0.11731539104353,0.348872407426393,-5.0011101429081
"ENSG00000167615",-0.276282259443399,5.75655155389823,-1.53673337822074,0.129219980452545,0.363331084791795,-5.00150566373786
"ENSG00000138777",0.243311617100015,6.33917106074719,1.58379125046615,0.118102499805365,0.34906362236172,-5.00214553909513
"ENSG00000099783",-0.130516180087982,9.07490007971973,-1.73874500959905,0.086821531076301,0.291079200802269,-5.00324431528033
"ENSG00000145293",-0.249402309877419,5.19909025181235,-1.4711643387598,0.146079027887887,0.383331502831146,-5.00366145711508
"ENSG00000160014",0.274349482770553,10.4360856293333,1.73353913346905,0.0877486289721214,0.292442898364426,-5.00414277536532
"ENSG00000148730",-0.145711638569216,8.24635442689292,-1.72168727002475,0.0898897853671347,0.296799727684939,-5.00444065670237
"ENSG00000077585",0.267126617515389,5.24824771421371,1.45952089015206,0.149245429109842,0.386855298026215,-5.00526414098462
"ENSG00000108306",-0.26022764129223,5.47239162684326,-1.48729358222205,0.141779936514142,0.376664877851189,-5.00685454699319
"ENSG00000101040",0.255401465787507,7.58245132358764,1.68163391104493,0.0974463171681775,0.312838854409093,-5.00706631991435
"ENSG00000166411",-0.201406546349252,5.85029838883208,-1.55595558374221,0.124582081279347,0.357708052473757,-5.00759954092693
"ENSG00000021574",0.208881765792811,5.85482592038791,1.53344375439656,0.130027277084884,0.364708403490332,-5.00768520122327
"ENSG00000100401",0.219310250645074,6.10655012308556,1.57666346616292,0.119735379048936,0.351843767561274,-5.00881246950553
"ENSG00000107679",-0.263491665832351,4.72394783534841,-1.41145511174043,0.162886802287517,0.407170360238185,-5.01029309932797
"ENSG00000128394",0.199690588402037,5.05591628447389,1.44877797078261,0.152214239438945,0.39116187569027,-5.01112429351706
"ENSG00000260916",0.356230748140556,5.16324232465623,1.42562879057536,0.15876769393163,0.401190350899593,-5.01114223136323
"ENSG00000266028",0.206364456056522,5.60798681311261,1.51661600774665,0.134219747702341,0.368741575405309,-5.01202615293222
"ENSG00000008130",0.198848962971225,6.92587907482745,1.65005424547787,0.103763883463391,0.324701687023867,-5.01227521085552
"ENSG00000151553",0.206492487822359,5.47641428464187,1.4883966911591,0.141489585390427,0.376568276114825,-5.01235729902058
"ENSG00000113916",0.237451247683128,6.89410169331717,1.63736784889074,0.10639385716739,0.329899677773444,-5.01256323877322
"ENSG00000180871",0.355095134921793,6.50188133809423,1.60359709849204,0.113658950446896,0.343874600680159,-5.01687974946635
"ENSG00000164548",0.179517247541009,5.65782015280989,1.50961436844944,0.1359953497848,0.370547531479716,-5.01764580150522
"ENSG00000197943",-0.183300337431056,7.66803510752825,-1.6919470160657,0.0954526061049322,0.308565507621616,-5.01866777976594
"ENSG00000163644",-0.233072186659525,5.6279396369613,-1.51835960496803,0.133780439865346,0.368712387780307,-5.01938310023541
"ENSG00000073614",-0.167738657179834,7.42521449285666,-1.67767090776841,0.0982214409017621,0.314956097723838,-5.01987595662792
"ENSG00000100296",-0.182035001238896,6.06451815934348,-1.56644183932788,0.122108540042226,0.354412808948732,-5.02025184598853
"ENSG00000272886",-0.192678670590563,5.6504205086762,-1.51811144631508,0.133842895094062,0.368712387780307,-5.02209687080943
"ENSG00000160741",-0.218227574869956,5.58150991358397,-1.51098561334071,0.135646150995925,0.370547531479716,-5.02236525454881
"ENSG00000167202",0.219686000050184,5.76688188521439,1.53172219230411,0.130451354259573,0.364708403490332,-5.02270060352666
"ENSG00000114796",-0.18542864935747,6.37562562105561,-1.58819441319923,0.11710275759825,0.348811275776527,-5.02402396713751
"ENSG00000156299",-0.25764715609855,5.69273408755651,-1.52430478168279,0.132291075662247,0.3665547510034,-5.02526540888453
"ENSG00000052723",-0.19806886503709,5.14509827419622,-1.45543972520764,0.150367890726724,0.388985882563718,-5.02589832216216
"ENSG00000133961",0.169131754667905,7.89772769545002,1.69085472577185,0.0956621706898216,0.3089315387778,-5.02732025327139
"ENSG00000215492",-0.223829042350151,5.17151796723164,-1.45457928945776,0.150605378892633,0.389308997373496,-5.02972395000545
"ENSG00000196313",-0.202561014908897,5.89417811371218,-1.54008604511075,0.128401316528725,0.362184585177804,-5.02983616130368
"ENSG00000135829",-0.191474659184285,6.98898327783777,-1.64217808669402,0.105390367453964,0.327160525292989,-5.02992869205997
"ENSG00000247596",-0.203222893361274,5.98133335793301,-1.54342162650144,0.127590923517041,0.361480741656742,-5.03256313323885
"ENSG00000117475",0.311166023229513,4.82073164630972,1.39311075578019,0.168339824331838,0.413674047343191,-5.03432402072533
"ENSG00000100938",-0.208881958823103,5.36724141575181,-1.46827822014986,0.146858953431177,0.383943960236273,-5.03580358925025
"ENSG00000273749",0.181226161491483,6.32563828172008,1.56514758988809,0.122411691791376,0.354622342520767,-5.03896220184262
"ENSG00000232044",0.702294452157328,4.75532450440502,1.40260551009192,0.165500166929193,0.410772168305351,-5.03974000712559
"ENSG00000184014",-0.187048801898834,7.2736925798614,-1.65336675091991,0.103085951602978,0.323509368855429,-5.04053088946352
"ENSG00000135845",-0.382698154637771,4.94600571523802,-1.43572959135736,0.155881796734865,0.397058408576114,-5.04145632181537
"ENSG00000204287",-0.277692269871402,8.1912838012516,-1.70025607322991,0.0938707338497239,0.305500452815589,-5.04386869098463
"ENSG00000186298",-0.192257970230804,6.44812050202733,-1.58832598501035,0.117072989027849,0.348811275776527,-5.04519509898036
"ENSG00000144893",0.374144000295003,6.95046548085213,1.60730077764894,0.112843153027941,0.342489970861406,-5.04677380123517
"ENSG00000278828",0.392085153808539,8.29704724117487,1.68653542954731,0.0964945570645658,0.310882523292581,-5.04795955584539
"ENSG00000169704",0.403397133071301,6.34473897999384,1.54231820853363,0.127858551610232,0.361480741656742,-5.04982774182292
"ENSG00000278311",-0.161806309381359,6.55862526708705,-1.58755667643347,0.117247133893874,0.348872407426393,-5.05006996150076
"ENSG00000183354",-0.155807223329951,6.57488547222576,-1.58962467654195,0.11677948170522,0.348610748673993,-5.0505004586767
"ENSG00000091436",0.21132615234713,5.47377233375786,1.4711359663074,0.146086679254316,0.383331502831146,-5.05202967152003
"ENSG00000078124",0.298400151858709,5.32823657530699,1.42404452545791,0.15922406442988,0.401970668681179,-5.05350939661822
"ENSG00000200741",-0.48098567558951,5.14154228131033,-1.44024673985199,0.154604455808455,0.395385743991757,-5.05381949085599
"ENSG00000104805",0.276233310826619,7.76437538708792,1.66076186817033,0.101585479290933,0.320920730957353,-5.05394117807365
"ENSG00000015676",-0.197043470721794,5.62501463833817,-1.49146121451589,0.140685420282775,0.375712828284588,-5.05502277841799
"ENSG00000139505",-0.261892779783693,4.68776392153762,-1.3784472222972,0.172798664310664,0.419521890893269,-5.05659184921936
"ENSG00000149503",-0.232012074347133,5.9099249427504,-1.52492778191293,0.132135767600891,0.3665547510034,-5.05686859038353
"ENSG00000107758",-0.154283881223135,5.96208885444566,-1.52275950310339,0.132676923518443,0.366995894391045,-5.05705496751689
"ENSG00000185418",0.237091882565483,5.35335062084124,1.42679050121669,0.158433690643066,0.400571084287176,-5.05882111006977
"ENSG00000147324",-0.276834950070946,5.41546388552069,-1.47352409670286,0.145443755825081,0.382709696111421,-5.05904254841156
"ENSG00000104388",-0.163241168555739,6.48006319282167,-1.57230996148091,0.12074157691707,0.353465938229015,-5.05921611659173
"ENSG00000064115",0.249114356925178,5.07249141471664,1.39393268307677,0.168092535075097,0.413674047343191,-5.0602653300416
"ENSG00000264538",0.28905178421407,6.12096478216237,1.52313006516218,0.132584314958723,0.366995894391045,-5.06087631215667
"ENSG00000137962",-0.316126387463816,5.01723491067028,-1.41661523916818,0.161377736429509,0.404968175065853,-5.06097759403211
"ENSG00000128915",-0.173112500995945,5.36517288774432,-1.45030689886817,0.151788933241386,0.390806289366292,-5.06105996229858
"ENSG00000111676",-0.197832714897653,6.46208353431147,-1.56784949533943,0.121779507076074,0.354332590615793,-5.06150440963409
"ENSG00000110011",0.261304674897332,5.6524895865714,1.46402257169858,0.148014911836274,0.385667043440705,-5.06334390830297
"ENSG00000150527",0.263842889035669,6.43423860774298,1.55276374145575,0.125342874038268,0.35806446625157,-5.06421321385511
"ENSG00000136830",-0.258562029631965,5.78539200520626,-1.50538387123781,0.137077157396262,0.372652871005407,-5.06525686780161
"ENSG00000077157",-0.234015470447455,4.99159563146389,-1.39837753759746,0.1667600662249,0.412022150019616,-5.06595374785082
"ENSG00000122482",-0.158720791960665,6.76581859154951,-1.59339766749342,0.115930130295102,0.347539744400568,-5.06614606212885
"ENSG00000214022",-0.25227939187721,4.96409833577206,-1.40634595762948,0.164391667359108,0.409513399072893,-5.06868825728882
"ENSG00000163527",-0.177274718886319,5.79976379247816,-1.4878906024921,0.141622735731505,0.376664877851189,-5.06884335137009
"ENSG00000141179",0.324052994878236,5.97529574794286,1.49429862935455,0.139944061238335,0.375019796176316,-5.06957449611605
"ENSG00000167004",0.250485668750878,6.31837913019221,1.53238110200933,0.130288913673732,0.364708403490332,-5.07017113769732
"ENSG00000094975",-0.230195101767186,5.94805628856744,-1.50058917625686,0.138311438529891,0.373955690873869,-5.07287301592173
"ENSG00000032219",-0.156154546642896,6.42176489059983,-1.56278514720238,0.122966597665806,0.355773778058052,-5.07316948900638
"ENSG00000036549",-0.204008942320492,6.02899889890551,-1.51717304803793,0.134079274762873,0.368712387780307,-5.07519644845049
"ENSG00000204420",0.619174462869189,8.27098538523701,1.66715589452193,0.100302516542191,0.318814533326638,-5.07580292537773
"ENSG00000082641",-0.240313711251037,6.44588964474913,-1.56684938615027,0.122013204844939,0.354332590615793,-5.07589847012679
"ENSG00000103415",-0.246858089997133,5.35592988140319,-1.45395225088843,0.150778631508457,0.389308997373496,-5.07642892656002
"ENSG00000173327",0.191345802523249,6.72762465386848,1.58644395660773,0.117499383258427,0.349038516898532,-5.07865835982997
"ENSG00000133704",-0.170384766760685,6.49404045918834,-1.56876629255878,0.121565591726515,0.354332590615793,-5.0790839675038
"ENSG00000122694",0.233797161931892,6.76160275046145,1.58414254037759,0.118022488434156,0.34906362236172,-5.07982760912738
"ENSG00000197442",0.238646250245228,7.60884247715671,1.63587704057683,0.106706431409003,0.330316366008017,-5.08100859954881
"ENSG00000089063",-0.146405167625034,6.09156152121738,-1.52003382745686,0.133359683235215,0.368056511785944,-5.08176177890421
"ENSG00000105669",-0.210841208450946,6.56810396103829,-1.5726180923189,0.120670138639978,0.353465938229015,-5.08296114857464
"ENSG00000198382",-0.188635418441516,5.22925898253137,-1.42118103525862,0.16005151006219,0.403470933164382,-5.08345062429948
"ENSG00000175203",0.177297237990754,6.82075472620341,1.57671712992027,0.119723018143593,0.351843767561274,-5.08381140645992
"ENSG00000166004",0.270371044123205,5.57459308987945,1.44192723520249,0.154131333834926,0.394599392261597,-5.08455821567168
"ENSG00000198900",0.172301364475498,8.96591703688973,1.68601817056009,0.096594636156499,0.311021027057096,-5.08537162750817
"ENSG00000104812",0.207566832950556,4.99343274657925,1.37481885507658,0.173915791722471,0.420450366432137,-5.08561607054171
"ENSG00000139613",-0.127460158461398,8.05445632384799,-1.66586666723865,0.100560131066254,0.319236778668872,-5.08576256064127
"ENSG00000137628",0.241278395649592,6.2595051007632,1.53275341633904,0.130197198300224,0.364708403490332,-5.0858261198395
"ENSG00000163219",-0.167120062345114,7.90433665688938,-1.66006697174336,0.101725712361864,0.321090197536173,-5.08654662692549
"ENSG00000196295",0.313142843463849,5.25000084116529,1.38587821774015,0.170527903936513,0.417919937312697,-5.08680733581373
"ENSG00000175274",-0.237397001852477,5.11634661762694,-1.39587503512762,0.167509258170279,0.413498159724369,-5.08869340614112
"ENSG00000101266",-0.15197211391061,6.18691938437992,-1.52482699645638,0.132160882657133,0.3665547510034,-5.08938200396475
"ENSG00000100441",-0.176965893623172,6.5633203714012,-1.56842678600809,0.121644773357963,0.354332590615793,-5.08974628522089
"ENSG00000178852",-0.386235461382942,6.70041581988822,-1.56730633175873,0.121906384866304,0.354332590615793,-5.09087053293297
"ENSG00000178057",0.304707525088679,6.32271833645467,1.51751528213133,0.133993028792822,0.368712387780307,-5.09124612690768
"ENSG00000185842",0.335368604385579,5.03441330601486,1.35435507039206,0.180319919146871,0.427308794916118,-5.09137380934739
"ENSG00000082153",-0.153607084888539,6.88237907345465,-1.58978671360779,0.116742902476932,0.348610748673993,-5.09307009249236
"ENSG00000113732",0.292826375613942,6.27036918826879,1.5109981491196,0.135642961928341,0.370547531479716,-5.09386675947877
"ENSG00000023734",0.187169464566348,6.62163693050724,1.55509227546587,0.124787490974241,0.357708052473757,-5.09472884296484
"ENSG00000183283",0.136242390259403,8.83003893484723,1.67673283295694,0.0984056546091272,0.315175782663448,-5.09541430934444
"ENSG00000148396",-0.15288262874247,7.15578431028433,-1.60908381663428,0.112452096102499,0.34168378113018,-5.09713702581775
"ENSG00000196693",-0.220584075745855,5.40176094144623,-1.42673687006473,0.158449098134887,0.400571084287176,-5.09834243780435
"ENSG00000103126",-0.215687156951453,6.29142436369541,-1.52602858230108,0.131861701835342,0.36652170999946,-5.10018622988025
"ENSG00000055332",0.270626564494523,7.08808092627727,1.59681353364637,0.115165463990079,0.346259077162223,-5.10108846147066
"ENSG00000169905",-0.167252280808083,5.94661527864688,-1.48675205320135,0.141922644550913,0.376664877851189,-5.10119619640741
"ENSG00000111481",0.149833936143934,6.03483328152498,1.49824047802791,0.138919244654211,0.374426305621194,-5.10180250804656
"ENSG00000110768",-0.22119938288633,5.47929692377145,-1.43452783843816,0.156222999795185,0.397259968088735,-5.10274971100745
"ENSG00000259207",0.626700120146959,9.27168495155499,1.67566645957216,0.0986154056149929,0.315662003402163,-5.10327107474559
"ENSG00000136824",-0.252311774962437,5.10136916954498,-1.38236835050709,0.171597580995778,0.419056510811236,-5.10403509249463
"ENSG00000144567",0.257636679721461,5.35935753596246,1.40569157293663,0.164585183358792,0.409808079953703,-5.10437837551878
"ENSG00000156787",0.248015264732046,5.69080760341488,1.43739124484405,0.155410971648095,0.396199800439319,-5.10617331429409
"ENSG00000143614",-0.163588578863418,6.89162115182625,-1.5796491690146,0.119049205639269,0.350583822877156,-5.10818654171277
"ENSG00000231925",0.212969867323619,6.33089329037765,1.52204305785226,0.132856118382967,0.367224826458855,-5.10869117993072
"ENSG00000125520",-0.290957645077652,5.05538358563292,-1.3933434748898,0.1682697789277,0.413674047343191,-5.10878548324101
"ENSG00000066336",0.185727850454796,8.74865928238032,1.66845932320169,0.100042611791822,0.318443447433041,-5.11028976493405
"ENSG00000114648",-0.247491831878561,5.00152464860205,-1.36542598686429,0.176833370897449,0.422538686249693,-5.11109702865513
"ENSG00000179335",-0.218429719171626,5.74054030009895,-1.46184537671899,0.148609045762756,0.386085875686931,-5.11224797588969
"ENSG00000143761",0.198553947801969,9.08499987517356,1.66942682684857,0.09985004628814,0.318345908736336,-5.11265129434253
"ENSG00000112659",-0.256588146713927,4.97872815464046,-1.36345072971602,0.177451640581326,0.423458842701297,-5.11282782696625
"ENSG00000204084",0.208566315761687,5.6098968981268,1.43405140943485,0.156358428418034,0.397259968088735,-5.11297732531457
"ENSG00000155827",-0.194890934115016,7.25744237038628,-1.60878762494618,0.112516981174326,0.341690364235077,-5.11335748946101
"ENSG00000103197",-0.211995768539417,5.59141357221314,-1.44739629823089,0.152599381052534,0.39178201129793,-5.11456381465518
"ENSG00000136478",0.287453449254094,5.17607465720601,1.35991614774011,0.178562099187673,0.424620827749646,-5.11468422254425
"ENSG00000163513",-0.158061511149811,6.65304627389959,-1.54938737899167,0.126151676022664,0.359265201762402,-5.11602431891548
"ENSG00000085832",0.14511828520642,8.35973293858812,1.65194797626471,0.103375873194214,0.323859549834433,-5.11629080581586
"ENSG00000157181",0.274850656095413,5.29129208369884,1.37222515666633,0.174717735524822,0.420805580521321,-5.1182956903649
"ENSG00000158062",0.237653842770625,6.18647769733946,1.48444370470865,0.142532225522938,0.377132377197166,-5.11839430829605
"ENSG00000173193",0.198925381261898,8.3120650257721,1.65366769196059,0.103024540485854,0.323502995139442,-5.11890497727596
"ENSG00000108557",-0.299578798179128,4.89107869481757,-1.36085417527715,0.178266884936672,0.424103925386457,-5.11961061985193
"ENSG00000140368",-0.20198072702066,5.93241285419655,-1.48276484865695,0.142976862679072,0.377845946657685,-5.12061361538476
"ENSG00000172572",0.34903951369169,5.53015102564786,1.39911407060866,0.166540056691384,0.411804018229497,-5.12175737928169
"ENSG00000008869",-0.222034391728364,5.56857962453557,-1.42700379950731,0.158372424467267,0.400571084287176,-5.12345823557346
"ENSG00000163041",0.253633246301798,7.70504392560921,1.61135195518384,0.111956227627001,0.34055696711999,-5.12497978331768
"ENSG00000204843",-0.139975144793755,7.59767467525585,-1.61944882480947,0.110200440324307,0.336720133980273,-5.12523653090491
"ENSG00000051620",-0.299889824407049,5.12281275534728,-1.37469879812249,0.173952849841783,0.420450366432137,-5.12560678567401
"ENSG00000181788",0.256245324767539,7.30923396219217,1.58824463795314,0.117091393359101,0.348811275776527,-5.12657500604649
"ENSG00000012048",0.21495518617119,5.3057138031819,1.37923380678057,0.17255721077329,0.419496512402,-5.12863849081377
"ENSG00000113638",0.300734059790861,5.96042058555439,1.45001319429791,0.15187056193042,0.390831753139786,-5.12948688793824
"ENSG00000122643",0.367431603590688,8.48342710967646,1.643391503686,0.105138447382433,0.326750862144605,-5.13020648567331
"ENSG00000136100",-0.190142653265847,6.02929910042355,-1.47477056755171,0.145109067316635,0.382094827811032,-5.13037164268815
"ENSG00000155099",0.35978686903687,6.952792026679,1.5482295409984,0.126429989953542,0.359681767763393,-5.13197705468378
"ENSG00000071564",-0.251020322964617,6.67701450785101,-1.55409639496501,0.125024779559541,0.358032944315788,-5.13218997332264
"ENSG00000103202",0.335935048009238,6.28957798793519,1.4847030590921,0.142463633691564,0.377132377197166,-5.13269911109932
"ENSG00000112144",-0.233329025166093,4.885361086337,-1.34359001444883,0.183760011667627,0.430406080638536,-5.13341252951827
"ENSG00000078674",-0.130735508092274,8.33490751145425,-1.64233577960285,0.105357600814284,0.327160525292989,-5.1350593885158
"ENSG00000146094",0.207461640072702,6.66565345402707,1.52853278743711,0.131239910023076,0.365539381291266,-5.13572645302423
"ENSG00000095321",0.318159635187374,6.4824865211922,1.49319306226409,0.140232556982262,0.375064823995631,-5.13622815409381
"ENSG00000134444",0.208062360220093,5.56270688090586,1.40285690819332,0.165425483938554,0.410772168305351,-5.13666793971573
"ENSG00000186566",-0.147424952034454,6.87918490911434,-1.56114019755749,0.123354159958398,0.356327393135392,-5.13712950023652
"ENSG00000177700",0.224091969341877,5.22118797598921,1.366385066248,0.17653376510439,0.422468621261214,-5.13735058067106
"ENSG00000171735",0.244741100609602,6.67652818803214,1.52442572910987,0.132260913300649,0.3665547510034,-5.13768885745128
"ENSG00000111707",-0.146987423214336,6.29611207869409,-1.50683737418725,0.136704709422521,0.371825889632498,-5.13805317070574
"ENSG00000197063",0.237197444241533,5.23424490678302,1.3461673666042,0.182931895140925,0.429742077581504,-5.13815911431031
"ENSG00000159202",0.185573442583578,6.28200951684949,1.49861619332823,0.138821874273756,0.374426305621194,-5.13865701805187
"ENSG00000162704",0.14174179092781,8.76430180483989,1.64690624535153,0.104411503179662,0.325577830095369,-5.14000271312172
"ENSG00000173011",-0.218820125077753,5.72800434555858,-1.44565185409168,0.153086728642121,0.392848091211622,-5.14040351684351
"ENSG00000178573",-0.243380358525122,5.06219011587492,-1.36235849737158,0.177794223686205,0.424090600106149,-5.14187321243733
"ENSG00000174953",-0.190856243330518,5.82606174747558,-1.45223152249974,0.151254872432146,0.390168818660195,-5.14254231825389
"ENSG00000160877",-0.202445276541791,5.98642159140786,-1.46676561066158,0.147269010446708,0.384622036871364,-5.14502642992327
"ENSG00000168538",-0.161376575982194,6.19700720531047,-1.48531350586058,0.142302290290994,0.37707338400065,-5.14550014863403
"ENSG00000119912",0.174805328705111,5.44914478238214,1.38526778280679,0.170713573724348,0.418108948023249,-5.1457322575483
"ENSG00000185627",0.194602357146829,5.75316850547822,1.43359158988084,0.156489222066459,0.397259968088735,-5.14684416857018
"ENSG00000197629",-0.262605237311458,6.54022027482038,-1.52903275807794,0.131116046782978,0.365539381291266,-5.14693421650695
"ENSG00000176788",0.318445179083773,7.33436418850957,1.58446037422669,0.117950134664235,0.34906362236172,-5.14746439127386
"ENSG00000182511",0.214284304613307,5.89825999001457,1.4507051236336,0.151678310081607,0.39070611504709,-5.14747335190324
"ENSG00000116350",0.124076081989587,8.09316034786342,1.62294392547099,0.109449445287092,0.335014139589338,-5.14910417352222
"ENSG00000100241",-0.179516063670184,6.38337603028319,-1.51191350012788,0.135410259235727,0.370524908245223,-5.14961349006253
"ENSG00000082781",0.464132626449195,6.60923988012075,1.49825616236032,0.138915178826346,0.374426305621194,-5.15011619786133
"ENSG00000260231",0.300036966286824,5.22599193190622,1.34298840378958,0.183953720634236,0.43060205120027,-5.15072277162016
"ENSG00000119397",-0.146463370696294,7.62608504377255,-1.60212538078965,0.113984437641687,0.344396470978035,-5.15184083672943
"ENSG00000139687",0.140943298563572,6.70647785855045,1.52974591920875,0.130939528043746,0.365539381291266,-5.1518891493545
"ENSG00000149177",0.340009137502269,8.64408959555818,1.63285626632732,0.107342073138771,0.331331226322961,-5.15301835835784
"ENSG00000132824",0.250955373101004,7.021013216055,1.54256454126118,0.127798766235419,0.361480741656742,-5.15341723951604
"ENSG00000076003",0.217988612026184,5.83268921839808,1.4226872556491,0.159615852803839,0.402773119997831,-5.15475768984197
"ENSG00000100242",-0.267799261380454,5.78588651168165,-1.43906412784455,0.154938081273378,0.395728225001082,-5.15504602121806
"ENSG00000143486",-0.213156364235529,5.28212953610902,-1.38160762103949,0.171830099266679,0.41915478374924,-5.15514238210858
"ENSG00000163872",0.176619882821548,6.51673112816437,1.4960040707488,0.139499945984839,0.374577606215924,-5.15549700576271
"ENSG00000171466",0.144998868333236,5.44883867382798,1.3820235213717,0.171702948737528,0.419102896380849,-5.15693667685805
"ENSG00000151461",0.136647590964612,7.51489827178879,1.58500426423499,0.117826402602037,0.34906362236172,-5.15736654853644
"ENSG00000054267",-0.139922945566193,7.58610368644872,-1.59409449055304,0.115773810784061,0.347539744400568,-5.15948479257943
"ENSG00000127920",0.374114374222492,8.86273968699017,1.63401598596462,0.107097678940951,0.330951874571923,-5.15990786369016
"ENSG00000130640",-0.232704981643304,5.64560026149783,-1.41862792844204,0.16079206779846,0.404803690095199,-5.16001723187596
"ENSG00000169567",-0.205891893740985,5.99725474067753,-1.46214502758484,0.148527163734511,0.386057246195426,-5.16111841179334
"ENSG00000205356",-0.227497859443928,5.41664424228254,-1.37870933943992,0.172718174943567,0.419513427147817,-5.16179441007116
"ENSG00000012822",0.194169755716369,6.62724408390406,1.50505534841068,0.137161449491348,0.372696048293697,-5.1637732523294
"ENSG00000134744",-0.195808323477168,6.22658045351941,-1.47080965853336,0.146174699156051,0.383331502831146,-5.16430147750761
"ENSG00000116406",0.256692134325426,4.93929919871857,1.29092708064766,0.201308609703057,0.449011642043787,-5.16443443029709
"ENSG00000070444",-0.202989744946581,5.69996589396851,-1.41217859178238,0.162674568370386,0.407045085822259,-5.1645351311232
"ENSG00000020577",0.277919222481844,5.92051382317758,1.44006316292654,0.154656207864617,0.395385743991757,-5.1652640895746
"ENSG00000154310",0.233957154269035,7.50920985648406,1.57258169202316,0.120678576065591,0.353465938229015,-5.16549155671882
"ENSG00000107902",-0.288396559305205,4.97596440903366,-1.33583860684309,0.186267699373343,0.433484163257571,-5.16709639211591
"ENSG00000166340",0.402636884467355,6.90452762080634,1.51635842319055,0.134284744053622,0.368741575405309,-5.1681784973841
"ENSG00000049246",-0.256789611758331,4.87280302023501,-1.30176184047527,0.197599553386339,0.446125038427972,-5.16953910057538
"ENSG00000182022",0.224125947264781,5.07821453505901,1.32639664777688,0.189357159386488,0.437543445891758,-5.16997520166524
"ENSG00000131495",-0.24940321423689,4.67911135985856,-1.28587862154548,0.203054489388238,0.449011642043787,-5.17058972983785
"ENSG00000180900",-0.219892230700062,4.93725052796139,-1.32356067615471,0.190292611039418,0.438727949616059,-5.17117214669025
"ENSG00000113593",-0.172563499843553,5.48239385901722,-1.38512009201128,0.170758518603474,0.418108948023249,-5.17174359685537
"ENSG00000135677",0.238842225418272,5.1096352815173,1.30951069887012,0.194978440255268,0.443710335217503,-5.17192288213355
"ENSG00000090316",-0.22721711435049,5.5351130851769,-1.39335158846283,0.168267337252399,0.413674047343191,-5.17312549810848
"ENSG00000117984",0.293174369871377,5.13559922129267,1.30090978423796,0.197889370774633,0.446378143497164,-5.17386620056829
"ENSG00000091640",-0.21502180837954,6.12640412775609,-1.47046351710915,0.146268114469969,0.383331502831146,-5.17424925763512
"ENSG00000150779",0.196862441093548,5.16431877915192,1.33259442541879,0.187324886336698,0.434829987542535,-5.17489856926505
"ENSG00000175155",0.173583047497019,7.31991735061448,1.55607886904219,0.124552769644549,0.357708052473757,-5.17560377336651
"ENSG00000175768",0.203178466192951,4.76014973381775,1.2830286747883,0.204045039982289,0.449045254756924,-5.17571337090808
"ENSG00000130024",-0.196420805050423,5.29243885791228,-1.3609051646467,0.178250848315381,0.424103925386457,-5.1759170785901
"ENSG00000135945",0.206472981183158,5.41745625463112,1.36104936385195,0.178205502297805,0.424103925386457,-5.17717397344511
"ENSG00000060688",-0.201698349406136,5.13236358407386,-1.33767427731343,0.185671508325764,0.432466172449236,-5.17828717886897
"ENSG00000131626",0.208847379075807,6.18313996309848,1.45564729250345,0.150310644011692,0.388985882563718,-5.17865499609915
"ENSG00000135108",-0.24595793444123,4.87944976013026,-1.31494042416404,0.193157398697887,0.441522746799876,-5.17867581772523
"ENSG00000004799",0.347816046992206,5.65268034646895,1.41029599014397,0.163227277619886,0.407324564283598,-5.18080779663609
"ENSG00000160299",-0.173395832370678,7.26417823084813,-1.55251870747556,0.125401432013215,0.35806446625157,-5.18247051930119
"ENSG00000158796",0.251159939538159,5.67868706573439,1.37957783765966,0.172451686687724,0.419489853313365,-5.18268857902885
"ENSG00000134644",-0.172678808861558,7.15888723639718,-1.55213805339993,0.125492443609702,0.358136633203593,-5.18272498716303
"ENSG00000114738",0.197089273511699,6.58991645547179,1.49627218893498,0.139430226214922,0.374577606215924,-5.1835484392821
"ENSG00000133112",-0.152711345551779,12.2794882706209,-1.56754011384995,0.121851762661646,0.354332590615793,-5.18389456105474
"ENSG00000182934",0.277662003941287,6.14253362535086,1.43043380525977,0.157389734753659,0.398632856781931,-5.18424260209713
"ENSG00000100219",0.28983272267483,6.17150951432124,1.45293873066596,0.15105899876678,0.389848140824925,-5.18541109103393
"ENSG00000185340",0.344055560986162,6.47076322439633,1.45862856603678,0.149490288547367,0.387242847252173,-5.18792740067161
"ENSG00000091622",-0.379002658456441,5.14668193184748,-1.33403149587708,0.1868560277524,0.434482133672675,-5.18854271912125
"ENSG00000142227",0.223345014102467,7.11845972578039,1.52879719066787,0.131174394934792,0.365539381291266,-5.18906293130705
"ENSG00000204463",-0.178497665837662,7.23499412378837,-1.55650365327935,0.124451817429655,0.357708052473757,-5.18988292380115
"ENSG00000236876",0.300760515934964,5.41704782303535,1.33789097839572,0.18560122329674,0.432466172449236,-5.19056312363558
"ENSG00000163808",0.336891714654421,5.40729294045821,1.32949512130952,0.188339089920011,0.436279349617873,-5.19056471992909
"ENSG00000105483",0.135573841277958,7.1960104180013,1.53771052531587,0.128980950620635,0.363146366398564,-5.19126640986094
"ENSG00000198380",0.208766291368505,6.45736228971317,1.46579354120913,0.147533003531819,0.384942434502563,-5.1914236694742
"ENSG00000241529",0.380508243133518,5.61043144276564,1.37188233928816,0.174823941989615,0.42087531416678,-5.19262318460825
"ENSG00000214253",-0.197145626275225,5.93226142508192,-1.42454460179047,0.159079900641783,0.401792906210679,-5.19322050421804
"ENSG00000226777",-0.279535397791453,5.05141155683199,-1.30340452287278,0.197041710544427,0.445428729894622,-5.19376089088862
"ENSG00000164808",-0.200970962515926,6.24559227333217,-1.44214567460816,0.154069917785443,0.394599392261597,-5.19423933721183
"ENSG00000168385",0.225086281556392,8.30312946686012,1.59634684435922,0.115269695750797,0.346381303061413,-5.19554220228844
"ENSG00000059378",0.237176656107646,5.19965357023699,1.32519705791315,0.189752422737861,0.438224331952466,-5.19647337524856
"ENSG00000054793",0.324259040787692,5.21602421504431,1.28920944122274,0.201901349366422,0.449011642043787,-5.19661106854322
"ENSG00000023516",-0.159916227617607,6.58051488331147,-1.4957240641257,0.139572786457108,0.374577606215924,-5.19846297304401
"ENSG00000168883",0.214848002077225,6.04428821761133,1.41712711260194,0.161228631271705,0.404968175065853,-5.19859319204536
"ENSG00000113658",-0.210280361622363,5.64600084243745,-1.37086713869527,0.175138745209756,0.421128683621888,-5.19915901179469
"ENSG00000115761",-0.21700212175642,5.1612818961874,-1.3109662374308,0.194489016891189,0.442781514426745,-5.19918708325851
"ENSG00000079335",-0.200160981732978,5.06754365500257,-1.29222189877093,0.200862640563448,0.449011642043787,-5.19921814735776
"ENSG00000114125",-0.201036536587748,5.51998522729651,-1.3662203339448,0.176585198100603,0.422468621261214,-5.19982192697431
"ENSG00000138670",0.273125242418509,4.85660459679258,1.27136028147609,0.208138132651131,0.454483585845034,-5.20069984482707
"ENSG00000168234",-0.183173343869338,5.67892689540434,-1.38326191242765,0.17132477011949,0.419056510811236,-5.20121908531974
"ENSG00000100300",0.237560682447891,5.4571936215314,1.34592979810786,0.183008108506916,0.429742077581504,-5.20143365956024
"ENSG00000123091",-0.281399076316006,9.09566633767317,-1.61259975553664,0.11168418249071,0.340372663610711,-5.20312674879119
"ENSG00000174738",-0.209155718028783,5.77904121486845,-1.39150387077663,0.16882408698719,0.414490142364224,-5.20316758589356
"ENSG00000162600",0.248279722072197,5.1379894143727,1.2998683673696,0.198244029049068,0.446445579602419,-5.20322416059903
"ENSG00000109458",0.202890777399103,5.56131060121661,1.34821684534611,0.182275409605115,0.429454266220777,-5.20410143155682
"ENSG00000196227",-0.222699546119997,4.78641157420026,-1.26832039463052,0.209214414054757,0.455555606622828,-5.20450540014695
"ENSG00000142459",0.343129783231586,4.56656387242781,1.21191478119016,0.229938859065028,0.478680513636329,-5.2045089724006
"ENSG00000174574",-0.193447947282704,6.04784191065456,-1.41733375756083,0.161168467213299,0.404968175065853,-5.20491984509157
"ENSG00000120616",-0.210204652382786,5.59275850985905,-1.37550450837357,0.173704265955726,0.420409080820433,-5.2071289704013
"ENSG00000251322",0.302029562510453,5.95955312051306,1.41249562377417,0.162581633861952,0.407045085822259,-5.20814808250889
"ENSG00000120709",0.228523671236532,5.40825416142084,1.34145837340684,0.184447062916953,0.431001570331036,-5.20841242720066
"ENSG00000136021",0.201747431499793,6.98306524815905,1.50376171006473,0.137493767824787,0.373226729999722,-5.20870767539062
"ENSG00000140749",0.224843034364802,5.05193452221102,1.29475512487352,0.199992265459103,0.448193279399916,-5.20881320559136
"ENSG00000005700",0.198174437315714,6.37103113242724,1.45402043351016,0.150759784919306,0.389308997373496,-5.20920896668024
"ENSG00000246705",0.244529533773309,6.84476223385508,1.48499205411064,0.142387233306446,0.377115044751347,-5.21028809051775
"ENSG00000144746",0.356672940662095,7.01499993048581,1.5016118733268,0.138047436724052,0.373832192100063,-5.21071830225095
"ENSG00000099385",-0.211208841085457,5.27790484923863,-1.33705750140912,0.185871664214146,0.432747361811395,-5.21088134156869
"ENSG00000116459",-0.150861814226928,6.54379284816148,-1.48138011859094,0.143344420972173,0.378179373102373,-5.21152743537201
"ENSG00000171604",-0.301386230090423,4.77711119104355,-1.26524757687704,0.210306541497116,0.456838133204262,-5.21208206232466
"ENSG00000166086",0.481138189921129,8.27087800029684,1.58330805625844,0.118212625414349,0.34906362236172,-5.21217411457099
"ENSG00000258289",-0.212365688030436,6.83596140446599,-1.49539517481231,0.139658381444175,0.37462277799501,-5.21238926490576
"ENSG00000073861",-0.293088823845001,6.00556046285952,-1.43931500540929,0.154867259748302,0.395728225001082,-5.2124066020804
"ENSG00000186469",-0.176159550733469,7.68337252676148,-1.56937774346009,0.121423089729541,0.354332590615793,-5.2130248752177
"ENSG00000107036",0.215789610094406,5.67626018716423,1.3741308806607,0.174128231389628,0.420452660189784,-5.21320659608123
"ENSG00000131711",0.342064398396599,5.55769501441322,1.33270434097873,0.187288993925827,0.434829987542535,-5.21600151937986
"ENSG00000156467",-0.190932373559299,7.83771961591711,-1.57232434695117,0.120738240979054,0.353465938229015,-5.2164315407521
"ENSG00000112200",0.176760483495995,6.47524316899771,1.45396206471792,0.15077591872145,0.389308997373496,-5.21708459931403
"ENSG00000116977",0.198390392239656,7.04505778122172,1.50176229629596,0.138008639674654,0.373832192100063,-5.21779115208235
"ENSG00000103381",-0.200144920836654,7.21136149902914,-1.53369454050077,0.129965591712908,0.364708403490332,-5.21838829034717
"ENSG00000091127",0.273526230263899,4.78927200795692,1.22935569280736,0.223376957066443,0.470412702782366,-5.21856490582226
"ENSG00000137831",-0.261887289048144,8.09475116390584,-1.57742839087105,0.119559282949519,0.351843767561274,-5.21970045282308
"ENSG00000112365",-0.198991634834598,5.17701368412919,-1.30696748932268,0.195835809366469,0.444362136371731,-5.21999468274393
"ENSG00000018510",0.192979860152341,6.07792204736871,1.41735811368106,0.161161377145366,0.404968175065853,-5.22073574464408
"ENSG00000138185",-0.274492376515555,4.81483867240733,-1.25610658184435,0.213580343302213,0.459552018290069,-5.22115847341509
"ENSG00000135956",0.239522225670007,5.53218914014609,1.33261968412374,0.187316637765141,0.434829987542535,-5.22283694034152
"ENSG00000160613",-0.309448164110785,4.96087359573648,-1.24467297643114,0.217728004849429,0.464804925713045,-5.22325022085799
"ENSG00000203667",-0.225357904253642,5.23338879044537,-1.30546191366712,0.196344700958685,0.444590993691984,-5.22397469243166
"ENSG00000103642",0.216248600764726,5.08936511591616,1.28821658589594,0.202244566757728,0.449011642043787,-5.22503433565073
"ENSG00000112303",-0.298066377520827,4.54005068327694,-1.2159768501219,0.228398166756355,0.477480127585811,-5.22686177936312
"ENSG00000129128",0.236815374862029,4.99717612208504,1.25178213736937,0.215142169634072,0.461454543372607,-5.22709299417958
"ENSG00000175899",-0.322192452521499,6.22424691758576,-1.43743713505176,0.155397984471176,0.396199800439319,-5.22866233060891
"ENSG00000109685",0.211062889720631,6.74063123504917,1.47337781716352,0.145483072805939,0.382709696111421,-5.22930504211064
"ENSG00000167110",-0.149535443217802,6.39198326454445,-1.44373050276125,0.153624899977488,0.393672838700543,-5.23006934927967
"ENSG00000127511",-0.198425822083852,5.60881948307071,-1.35143715089854,0.181247500472164,0.428532814498043,-5.23077359127229
"ENSG00000135966",-0.187233220501817,5.11609620129619,-1.29213260906673,0.200893370567379,0.449011642043787,-5.23137883215294
"ENSG00000082996",0.19158166162371,6.58360941438087,1.45179787681311,0.151375076076718,0.390294091086588,-5.23200692495619
"ENSG00000236320",0.30554833313214,5.85112999282742,1.35824579616795,0.179088710291683,0.425687300902745,-5.23231569006114
"ENSG00000143149",-0.194833384997927,5.93476009602134,-1.39227141970631,0.168592639548071,0.414108521306534,-5.23290895282328
"ENSG00000061936",-0.165255583057106,5.86675124390841,-1.39015112330879,0.169232589464171,0.415305922252614,-5.23301587650202
"ENSG00000165280",-0.126250615882924,7.75366794437502,-1.55333880144521,0.125205532420261,0.358032944315788,-5.23447992064217
"ENSG00000007923",0.203708935197969,5.16741729636055,1.2838425100999,0.203761810472631,0.449011642043787,-5.23473230274149
"ENSG00000114737",-0.202589524713133,5.45354349346207,-1.33318054329642,0.187133552308321,0.434829987542535,-5.2347577273864
"ENSG00000054654",-0.221134063279493,8.51197417076693,-1.58495524152841,0.117837550730388,0.34906362236172,-5.23520843964359
"ENSG00000110697",-0.190038177006455,6.22861304161479,-1.43335689871704,0.156556011653178,0.397259968088735,-5.23571632523813
"ENSG00000108654",-0.135775517570348,9.19740778914667,-1.593201507495,0.115974165807679,0.347539744400568,-5.23594586743193
"ENSG00000158825",0.325466628732463,5.12978248431402,1.25781661314773,0.212965059537361,0.458771705954742,-5.2360040231488
"ENSG00000119396",0.195465877729823,7.13204237743745,1.50060649487369,0.138306964543977,0.373955690873869,-5.23619382397241
"ENSG00000089022",-0.183982094109046,5.87279212921404,-1.38067466490498,0.172115588197564,0.419326295355793,-5.23623465319617
"ENSG00000153250",-0.144335069689757,6.10356854010102,-1.40443022966253,0.164958685616021,0.409911658753962,-5.23699943639144
"ENSG00000171502",0.389168229615782,4.89022787040191,1.21691054717552,0.228045092807135,0.476925015590508,-5.23750953812326
"ENSG00000169554",0.136852235560056,9.54560229975846,1.59256561325665,0.116117008747411,0.34777650558323,-5.237803287922
"ENSG00000154146",0.460775782290629,12.1769130891857,1.54284925924895,0.127729692409704,0.361480741656742,-5.23810289720436
"ENSG00000173230",-0.143572595368187,7.78477964942386,-1.5483157896519,0.126409241186828,0.359681767763393,-5.23859068675156
"ENSG00000004897",-0.164812283227096,7.16646606678364,-1.5023401951379,0.137859668141276,0.373832192100063,-5.23915288465264
"ENSG00000136156",0.42019370411362,10.0580805300533,1.58892878510431,0.116936681178726,0.348811275776527,-5.24024588308003
"ENSG00000169291",-0.256090093110799,5.00663799721892,-1.25975719470594,0.212268409130794,0.458176819708623,-5.24075376957126
"ENSG00000211456",0.209065505337695,6.15200979304347,1.39316373532252,0.168323876214935,0.413674047343191,-5.24123949988365
"ENSG00000187514",0.175245008540941,12.0011887474832,1.54343774688386,0.127587016911935,0.361480741656742,-5.24175117405706
"ENSG00000163191",0.242318126147358,8.98753419061188,1.58659099712586,0.117466024760277,0.349038516898532,-5.24189187346081
"ENSG00000127125",0.174094948204113,6.09552040357752,1.40152230123046,0.165822253397101,0.411256113897008,-5.24205357852168
"ENSG00000158828",-0.244991261502591,6.19331585594077,-1.41889358945314,0.160714886523097,0.404796440951379,-5.24208742338312
"ENSG00000169718",-0.221331426484669,5.06521169665634,-1.27988811801221,0.20514075920656,0.450466286238347,-5.24395270208985
"ENSG00000168010",-0.261180225971323,5.442907859293,-1.32369270415741,0.190248984156722,0.438727949616059,-5.2442165701171
"ENSG00000119636",0.334001428487042,5.18639110453296,1.25791454884754,0.212929861126643,0.458771705954742,-5.2443034472915
"ENSG00000183726",0.28906468506715,7.16546561377058,1.48925011635996,0.141265274850275,0.376338981606013,-5.24484432243651
"ENSG00000008517",-0.252252681941447,6.71350806836722,-1.48237853640022,0.143079329653966,0.377845946657685,-5.24552417376774
"ENSG00000136802",0.284130511711659,4.74618140067922,1.21919949061399,0.227181221292063,0.475750365223193,-5.24592220212112
"ENSG00000120129",0.263620700776014,6.02841695875937,1.39465269465481,0.167876138098761,0.413674047343191,-5.24647285008426
"ENSG00000277791",0.215965139075703,5.79823575098644,1.36764392589454,0.176141099004987,0.421995034027778,-5.24681676047039
"ENSG00000089006",-0.139739946450793,7.1004532771228,-1.49726183955647,0.139173121271684,0.374427241821301,-5.24692293645494
"ENSG00000074370",0.433616604398427,7.9963338696814,1.5432561621821,0.127631027558197,0.361480741656742,-5.24813420825883
"ENSG00000108256",-0.150300905913386,7.16539874766506,-1.5092349529258,0.136092096405454,0.370547531479716,-5.24838170382197
"ENSG00000128829",-0.167978405178262,5.91103799285374,-1.37949375483359,0.172477472727962,0.419489853313365,-5.24983272063389
"ENSG00000103353",0.22275906980378,4.88050453170303,1.23786322305259,0.220226306710822,0.467202628727766,-5.25095825412322
"ENSG00000111615",-0.21270593978797,5.78404186305589,-1.3722911082339,0.174697309067174,0.420805580521321,-5.25118910262698
"ENSG00000138802",-0.161178853354852,6.266803215559,-1.40833167993997,0.163805518817216,0.408426758130982,-5.2520134272622
"ENSG00000183624",-0.272125035851863,4.94032190025751,-1.26244362644498,0.211306787753424,0.457216506313316,-5.25203098681006
"ENSG00000102760",-0.245813833203555,5.7254571610021,-1.34373114625899,0.183714591886025,0.430406080638536,-5.25256203492796
"ENSG00000176903",0.371220520602827,6.36808020230299,1.40770979591758,0.163988913921171,0.408696982178654,-5.25319396421868
"ENSG00000183688",-0.258485898743272,7.26647474381642,-1.50894253912813,0.136166695672245,0.370547531479716,-5.25328993180465
"ENSG00000077097",-0.134091803306077,7.95225567319511,-1.55322782101815,0.125232028532621,0.358032944315788,-5.25344608282795
"ENSG00000087086",0.159975455602741,11.398411027145,1.55092978970528,0.125781679554796,0.358488237636719,-5.25397973453903
"ENSG00000087087",-0.167235855489023,6.50841401506277,-1.44487518747353,0.153304096345606,0.393144786131189,-5.25494635996303
"ENSG00000172936",0.205926052340336,7.52998017680369,1.52495685760752,0.132128522837063,0.3665547510034,-5.25935149405214
"ENSG00000081320",-0.163500790114259,8.54422312228213,-1.56912423098958,0.121482155974787,0.354332590615793,-5.25972044915996
"ENSG00000204209",-0.179684509645464,6.50385684750883,-1.44472316176112,0.153346672270333,0.393144786131189,-5.26067244578273
"ENSG00000136167",0.162672816503484,10.5950377251492,1.5614636233133,0.12327788148326,0.356295967278939,-5.26108215453741
"ENSG00000116584",-0.148666410213341,7.52327186136689,-1.52545348275224,0.132004827825867,0.3665547510034,-5.26128589120018
"ENSG00000117691",0.231180024140284,5.44009814574546,1.27928605600878,0.205351313650011,0.450746960824038,-5.26171051207989
"ENSG00000197077",-0.273429352249221,4.80223360003774,-1.21821767353018,0.227551476637711,0.476258334507204,-5.26219943883597
"ENSG00000066136",0.139557978386717,6.54233174817803,1.43380159742071,0.156429475816414,0.397259968088735,-5.26231319768832
"ENSG00000146676",-0.171551992902843,5.42092273985916,-1.3005293381465,0.198018877963237,0.446378143497164,-5.26351671791283
"ENSG00000181104",0.389489182367875,5.95717121434898,1.35083272778793,0.181440093653924,0.428658122387935,-5.26371551214736
"ENSG00000183258",-0.198684518574688,6.02134663027025,-1.38145073648479,0.171878081295118,0.41915478374924,-5.26388701575645
"ENSG00000137073",0.216675783798154,9.42268738297857,1.57373841401252,0.120410684030816,0.353283243612356,-5.26515529825943
"ENSG00000099204",-0.212602207884635,7.64162064476347,-1.52409034588202,0.1323445659368,0.3665547510034,-5.26560056419998
"ENSG00000125817",-0.211110950053579,7.19257900941246,-1.50001730640776,0.138459236002338,0.374169602053938,-5.26588367541766
"ENSG00000127616",-0.176862502838881,7.31906135839911,-1.50903363399619,0.136143452504214,0.370547531479716,-5.26721166995537
"ENSG00000187555",-0.163817078758765,7.55246641529765,-1.52081403503436,0.133163963924422,0.367702623142551,-5.2680839876672
"ENSG00000109606",-0.152358210894935,6.50242224022267,-1.43430002814663,0.156287745266015,0.397259968088735,-5.26859973123176
"ENSG00000104973",-0.192450874846438,5.54033412072258,-1.31704227540516,0.192455914470694,0.441102154832284,-5.26935827074386
"ENSG00000117533",0.204978961889023,5.20085528516388,1.24943826345342,0.215992199768271,0.462466749221158,-5.27033355918432
"ENSG00000179364",0.214605791706423,5.68587989377937,1.31221052176245,0.194071359317473,0.442570433470739,-5.27132564804933
"ENSG00000152763",0.295614103433529,4.8388576856688,1.17097273291106,0.245891255970159,0.495786662666702,-5.27155392373534
"ENSG00000133302",0.227463534731232,5.0794763584917,1.22248677391483,0.225944745756652,0.474371442551079,-5.27204946965199
"ENSG00000026297",-0.211417469070997,5.72708846063286,-1.33802681855681,0.185557175039506,0.432466172449236,-5.27245214831792
"ENSG00000205302",-0.158800893412242,7.62376834648534,-1.52125133396438,0.133054364638893,0.367586297440511,-5.27321763183593
"ENSG00000070814",-0.219376700165512,6.44792396228704,-1.43442894042108,0.156251104829292,0.397259968088735,-5.27374832930523
"ENSG00000163564",-0.28064644614758,4.66562849350874,-1.1961191478067,0.236001817684907,0.483905872317416,-5.27558733196988
"ENSG00000156030",-0.150106101664486,7.24889848983462,-1.49764881195585,0.139072689935784,0.374426305621194,-5.2772050689939
"ENSG00000079332",0.180030956715135,6.55040775667047,1.42096329034748,0.160114566354882,0.403470933164382,-5.27779975807604
"ENSG00000143569",-0.143015577262697,7.82856580666128,-1.52694702462607,0.13163338274927,0.366073848503331,-5.27818356121514
"ENSG00000245848",-0.227754760087193,4.866354223717,-1.21202971892027,0.229895160885262,0.478680513636329,-5.27898330877769
"ENSG00000161526",-0.189645728077782,5.80272394978408,-1.34557585639353,0.183121699740577,0.429742077581504,-5.28030919448834
"ENSG00000148158",-0.182917310804518,5.78462927306199,-1.34779714032263,0.182409703035311,0.429458972401199,-5.28187050914812
"ENSG00000163904",0.179900717190631,5.81135613722641,1.32897457712015,0.188509836453831,0.436279349617873,-5.28199177798647
"ENSG00000173039",-0.136449384375953,6.68955265763981,-1.43859488244934,0.155070614538041,0.395728225001082,-5.28228292553148
"ENSG00000068028",-0.196543271483095,4.96155489429717,-1.22495298444708,0.225020339670014,0.473343410004557,-5.28328076502018
"ENSG00000176101",-0.230101370640027,5.15848881296735,-1.25493545483945,0.214002481340397,0.459968672062006,-5.28343526951258
"ENSG00000042753",0.191004386822546,5.55650677203847,1.2863380150464,0.202895154788724,0.449011642043787,-5.2839264346542
"ENSG00000133773",-0.202133124875559,4.99639114258119,-1.2393191802853,0.219690397126873,0.466981382577919,-5.28400882164673
"ENSG00000151835",-0.197613216954367,5.49058779285067,-1.29575194789263,0.199650547051731,0.447611596846845,-5.28572475448572
"ENSG00000162496",-0.297066970132038,4.75374011868717,-1.16419079956493,0.248608620115161,0.498150648723669,-5.28717718966015
"ENSG00000104915",0.176670025950907,5.52718322448456,1.29719444439015,0.199156821400074,0.447505455254181,-5.28746489280439
"ENSG00000137076",0.319283038561073,11.9911387097724,1.51496770609503,0.134636094207458,0.369292443855493,-5.28759450982603
"ENSG00000223509",0.35703336887824,6.44049149909552,1.3829344399165,0.171424711234062,0.419056510811236,-5.28793494784766
"ENSG00000146067",0.25044352078655,5.31235079289604,1.23700753255788,0.220541717147142,0.467332273441318,-5.2883290886013
"ENSG00000126001",-0.190964085353678,7.28477593400646,-1.49283315022303,0.140326576318669,0.375064823995631,-5.28844775310877
"ENSG00000169504",0.244901689431602,7.83065527983896,1.51043207978966,0.135787027486836,0.370547531479716,-5.28877355526168
"ENSG00000148229",-0.158744660789655,6.52725717120726,-1.41008707438603,0.163288701981531,0.407324564283598,-5.2898017409534
"ENSG00000148737",0.212884181085427,6.46952389600186,1.4102638705846,0.163236720091571,0.407324564283598,-5.28982275751855
"ENSG00000136731",0.240642719080995,6.40373967794351,1.38046656358135,0.172179317678214,0.419326295355793,-5.29011982471071
"ENSG00000158710",0.331831975128461,11.3578995309636,1.52999583229333,0.130877715214805,0.365539381291266,-5.29035205519231
"ENSG00000105329",0.293593828264916,9.83308961425906,1.55634868841119,0.124488638079145,0.357708052473757,-5.29131422355322
"ENSG00000031823",-0.158053015258183,6.10174599465366,-1.37384991837293,0.174215046764088,0.420452660189784,-5.29144195182642
"ENSG00000003056",0.242632246920709,4.94579887574759,1.19895685810535,0.234904152901883,0.482745313092969,-5.29150779940557
"ENSG00000205309",0.346275088271645,4.77846031024144,1.14560724400239,0.256164544549095,0.504552711629211,-5.29265954597455
"ENSG00000174891",0.221770475680741,7.20457013468649,1.46295411148634,0.148306251102841,0.385667043440705,-5.29448721653779
"ENSG00000054118",-0.133004741601967,8.38105909693919,-1.53961651878934,0.128515717821322,0.362210879819226,-5.29634142882393
"ENSG00000067066",0.152114698839922,8.55319389171433,1.5415230221316,0.128051696596233,0.361839026481471,-5.29857627849122
"ENSG00000164574",0.218231433966121,5.47691382472898,1.26038295089864,0.212044128145223,0.457874122130469,-5.29864586470099
"ENSG00000166949",-0.19188974818233,5.76030561089,-1.32283233876594,0.190533415873446,0.439044613827394,-5.2986622876571
"ENSG00000150760",0.2089609471687,5.83681472398566,1.30724536701141,0.195741993632245,0.444334325545195,-5.29945954974027
"ENSG00000198042",-0.220919038704362,5.21507517834705,-1.2411938158376,0.219001791422218,0.466150500282675,-5.29950719001503
"ENSG00000147526",0.164313700009029,8.1250474443538,1.51847569687353,0.133751230403366,0.368712387780307,-5.30020470452017
"ENSG00000068305",-0.143625924573244,6.85440395225515,-1.43296705809094,0.156667003335501,0.397356533599539,-5.30221499082538
"ENSG00000107957",-0.208509733342067,6.94917379790425,-1.44161127714648,0.154220201742017,0.394641455655475,-5.30260313994854
"ENSG00000182628",0.174146798912973,6.22112325679359,1.36596230014183,0.176665784815202,0.422468621261214,-5.30263160296866
"ENSG00000146414",-0.187987168650246,5.76912051816208,-1.31108244302557,0.194449982672298,0.442781514426745,-5.30267758953139
"ENSG00000108039",0.213948730936202,5.73699385247444,1.28693308147026,0.202688902371347,0.449011642043787,-5.30283776520093
"ENSG00000106028",-0.208920363776906,6.22707034961532,-1.37735587149313,0.173134098318381,0.419994383992103,-5.30301378226645
"ENSG00000211450",-0.226270806814073,5.05015040829767,-1.2128453108022,0.22958525457227,0.4786760301989,-5.30449304775185
"ENSG00000072803",0.156806422473282,6.13041689231677,1.34675885231066,0.18274224763231,0.429742077581504,-5.30458858657098
"ENSG00000065526",-0.146568963054294,8.32426823029095,-1.53163460748185,0.130472958590796,0.364708403490332,-5.30505115777635
"ENSG00000115568",-0.222550381451798,4.98659315117018,-1.20945593770107,0.230875135090273,0.479900051498256,-5.30605092440927
"ENSG00000152484",-0.237104184051054,7.67447328892684,-1.49590361204883,0.139526075704681,0.374577606215924,-5.30620855997074
"ENSG00000175984",0.28958949701983,5.07355279406949,1.18869564262784,0.238890877447163,0.487262261449699,-5.30625139588817
"ENSG00000168615",0.352835180552661,6.0222482595479,1.31861755205871,0.191931429789932,0.440827331153267,-5.30631863790924
"ENSG00000074966",-0.182525351390614,5.37355652610249,-1.25816737010233,0.212839016209529,0.458771705954742,-5.30649308041184
"ENSG00000188486",0.297938818870074,5.041980936854,1.21017681012232,0.230600355214242,0.479691002370062,-5.30650310886462
"ENSG00000101057",0.306243801908942,5.94299823866059,1.32914745783727,0.188453115955976,0.436279349617873,-5.3068218714204
"ENSG00000003436",0.327546032899582,6.04355063404176,1.32158656257441,0.19094582974834,0.439490021321907,-5.30692862117735
"ENSG00000119862",0.324695676471254,6.82211319113461,1.40534099949226,0.164688927851195,0.409879067580316,-5.30828386446734
"ENSG00000183475",-0.218972415597131,4.75220833161752,-1.159888198622,0.250343677185923,0.500246935492324,-5.30832195314857
"ENSG00000141446",0.183584506053822,6.05342090970001,1.33819930168575,0.185501256136569,0.432466172449236,-5.30866180647015
"ENSG00000116675",0.260290027731212,5.7614388188412,1.28387491942989,0.203750537500611,0.449011642043787,-5.30871618067981
"ENSG00000100106",0.181941468964621,7.45657387273878,1.47907033098717,0.143959173522835,0.379433757790229,-5.30880017388502
"ENSG00000069275",-0.122725446817174,8.37769197304212,-1.52751568945276,0.131492173419872,0.365867906430777,-5.30886389480819
"ENSG00000143162",0.214410998657437,6.80375256499254,1.41662622623442,0.16137453485518,0.404968175065853,-5.30912307449675
"ENSG00000080298",0.210893672948172,5.08749752060746,1.18763150841625,0.239307097943016,0.48774600433728,-5.30925433273676
"ENSG00000180008",-0.180755669549756,5.22993495293326,-1.23850833460032,0.219988735396963,0.467175667508574,-5.30958613404249
"ENSG00000171608",-0.139597796502648,7.95616106086767,-1.51435213902761,0.13479184277493,0.369292443855493,-5.31018252028253
"ENSG00000092201",-0.155983784796216,7.19808500896314,-1.46881445944389,0.146713797716315,0.383943960236273,-5.31118577530293
"ENSG00000089280",-0.154024691343357,7.35436706447404,-1.48152076396992,0.143307054706739,0.378179373102373,-5.31150125261205
"ENSG00000130939",-0.165903785585655,6.36131791416968,-1.37618853976472,0.173493436591741,0.420089995115381,-5.3128367247719
"ENSG00000136504",-0.152230888834573,5.44741559864059,-1.26526693979292,0.21029964642215,0.456838133204262,-5.31321319299699
"ENSG00000198464",-0.217985941388209,4.70041097493907,-1.16532383823907,0.248153148371735,0.497951510986818,-5.31368698712434
"ENSG00000093000",-0.127184445769047,7.31087057025773,-1.47111985820891,0.146091023359819,0.383331502831146,-5.31377768328459
"ENSG00000155085",0.208690621827707,5.03109161132254,1.17581518987888,0.243964077718239,0.493669163851066,-5.31419972111857
"ENSG00000188404",0.21596391849068,6.89359843747814,1.43144165570085,0.15710188818046,0.398274121362097,-5.31433642480678
"ENSG00000166478",-0.17328984951513,5.56075496389655,-1.28112927471179,0.204707206003321,0.449695507381489,-5.31474448645864
"ENSG00000169299",0.218138863373023,4.84023378296453,1.15871013305665,0.250820246557236,0.500904949869435,-5.31544916148187
"ENSG00000105355",0.188786633884892,5.60392114800252,1.2694857377275,0.208801334132882,0.455340868170929,-5.31554359963074
"ENSG00000105325",-0.222553897409123,5.36234718036053,-1.25919227407989,0.212471036250758,0.458432556631338,-5.31715422675003
"ENSG00000278588",0.355691821202599,6.0262495381081,1.33432753253475,0.18675955310595,0.434443230282329,-5.3171914445697
"ENSG00000167258",0.147133183900438,7.46033913209529,1.47266632524847,0.145674426203251,0.382843354537053,-5.31786080036197
"ENSG00000176102",0.217835251735191,5.53697879361852,1.25058199599038,0.215577104688282,0.462170067178026,-5.32000823993583
"ENSG00000180573",0.328288687700319,10.1322416566837,1.53461007890508,0.129740595791149,0.364531596632378,-5.32043084981203
"ENSG00000088992",-0.26500550879617,5.32343452233299,-1.23590605478639,0.220948213443793,0.468011612302405,-5.32043305839372
"ENSG00000104774",-0.24488969328681,5.49047635297235,-1.25559112035003,0.213766067922934,0.459770050550393,-5.32174209009094
"ENSG00000132967",0.240434911838663,6.1249326966187,1.32454500834291,0.189967533034934,0.438535220328103,-5.32183077800546
"ENSG00000006459",-0.189659143609305,7.46535559241383,-1.47291598768778,0.145607257874487,0.382843354537053,-5.32449190091849
"ENSG00000126005",0.19612380824363,6.05712746242222,1.31589066899468,0.192840020705944,0.441370888440374,-5.32553368586619
"ENSG00000130749",-0.121424354114763,6.95544109334531,-1.43568824170566,0.15589352715571,0.397058408576114,-5.32566026666208
"ENSG00000117335",0.271391604984826,5.35551185797771,1.20945098043368,0.230877025509715,0.479900051498256,-5.32715996004923
"ENSG00000182718",-0.191438217326698,7.8363579885323,-1.49821021892479,0.138927088944766,0.374426305621194,-5.32739181914296
"ENSG00000115216",0.149544195494319,7.24491096925662,1.45101079598051,0.151593439756942,0.390672213716092,-5.32774931463675
"ENSG00000248333",-0.166485920597124,6.14698183017596,-1.3494419609281,0.181883837290968,0.428993461144455,-5.32834459574231
"ENSG00000100599",-0.147961419014426,7.68421182116716,-1.48674026370618,0.141925752667683,0.376664877851189,-5.32945322737444
"ENSG00000114302",0.148005800394739,6.1876985580899,1.34259400043999,0.184080796117002,0.43060205120027,-5.32994433905948
"ENSG00000147454",-0.430333908243682,9.70982000023068,-1.52798230966149,0.131376393303896,0.365732545079012,-5.33003177097174
"ENSG00000006576",0.265264596828994,5.26880376106395,1.19354056518333,0.237002463645326,0.484675273597314,-5.33011792625035
"ENSG00000113319",-0.231339092276385,5.17264054623317,-1.18343360603772,0.240954149905285,0.490357010273957,-5.33118417878426
"ENSG00000181444",-0.242878866053762,5.31473438263037,-1.22492913918363,0.225029264300992,0.473343410004557,-5.33379448179947
"ENSG00000077984",0.340897341897117,6.25327337240869,1.33189358103379,0.187553866000768,0.435176091129551,-5.33399251772351
"ENSG00000156261",-0.180333080507238,6.63246847996358,-1.3998390532473,0.166323715497774,0.411804018229497,-5.33419814904605
"ENSG00000090975",0.35079452307187,6.70825635054139,1.37625618821753,0.173472596898225,0.420089995115381,-5.33422074442705
"ENSG00000156136",-0.184647818106371,6.76121982613101,-1.40144208731789,0.165846123757659,0.411256113897008,-5.33442868391129
"ENSG00000197622",-0.141469664164556,7.92994268390439,-1.49358789195196,0.140129473194527,0.375064823995631,-5.3348788661638
"ENSG00000152133",-0.198542279326486,5.08124134340843,-1.2051367849903,0.232526483561291,0.481655370584988,-5.335294801687
"ENSG00000198258",0.159773060960784,6.33026996797799,1.34940072359624,0.181897007203321,0.428993461144455,-5.33740587872914
"ENSG00000141646",-0.153045767814817,5.83550646927267,-1.28842157395595,0.202173669387539,0.449011642043787,-5.33904665190351
"ENSG00000172262",-0.148363180085933,5.85919477715831,-1.28779893983794,0.202389071595781,0.449011642043787,-5.33988777001823
"ENSG00000114779",-0.160869806979367,5.50183612855736,-1.24596098386414,0.21725782590124,0.464347051985074,-5.34104727295696
"ENSG00000196712",0.142853632302439,6.08229195002533,1.31750791245911,0.192300769594324,0.440932067655672,-5.34304521701111
"ENSG00000126070",-0.185192404145879,5.34491131440646,-1.21194382392068,0.229927816737581,0.478680513636329,-5.34321266145127
"ENSG00000184575",-0.160126697808639,6.20887229383439,-1.33929930430447,0.185144936042217,0.431978420367452,-5.34368155330549
"ENSG00000101493",0.199082298770957,5.2470290012908,1.20596373748673,0.232209651479929,0.481201286140226,-5.34391360216243
"ENSG00000117586",0.361510118844828,5.3955086697711,1.20329373420109,0.233233744592751,0.48240304075786,-5.34402744837279
"ENSG00000148672",-0.175937617661382,6.43820117434107,-1.37481616680835,0.173916621447291,0.420450366432137,-5.34433160505908
"ENSG00000101158",-0.178032181829403,5.44489292826971,-1.23037965270443,0.222996009697635,0.470155673696871,-5.34485005546043
"ENSG00000066654",-0.164153786534105,6.39638505535162,-1.36139256947221,0.178097610492244,0.424103925386457,-5.34490555556359
"ENSG00000136295",0.321591930132439,6.21046275409022,1.30872320596208,0.195243618973194,0.443780652095007,-5.34514248044256
"ENSG00000186591",-0.187831209106566,8.19721569396541,-1.492651945307,0.140373931007176,0.375064823995631,-5.34563124201403
"ENSG00000066697",0.321734715095229,6.26548707490246,1.31775978873007,0.192216886555247,0.440932067655672,-5.34592487600471
"ENSG00000201321",-0.486461622435659,5.64758144880275,-1.27481281307566,0.206920741312292,0.453176229714036,-5.34687270559486
"ENSG00000130396",-0.217439277335836,5.8830053144944,-1.29943151558302,0.198392942036978,0.446445579602419,-5.34793280260349
"ENSG00000116906",0.174043667742279,5.3145042435917,1.20804199620793,0.23141478815158,0.480651073522611,-5.34802855666426
"ENSG00000102699",-0.153741245161391,7.46640722896418,-1.45840408618407,0.149551936603996,0.387242847252173,-5.34839739098353
"ENSG00000160208",-0.207443006152771,5.92780004606783,-1.31829192862137,0.192039757076332,0.440890264033653,-5.34855954323823
"ENSG00000075884",-0.136113206287816,6.29932437231523,-1.3461867923135,0.182925664324269,0.429742077581504,-5.34856595304612
"ENSG00000150459",-0.15108878523064,7.51006076183173,-1.45956379012492,0.149233664978772,0.386855298026215,-5.349462159948
"ENSG00000115762",0.136107698150607,6.93008812995384,1.40428077021717,0.165002985985213,0.409911658753962,-5.34973921456442
"ENSG00000125089",-0.227695049898558,5.05021814617387,-1.18384044528994,0.240794169454166,0.490226694763189,-5.34987476888339
"ENSG00000077380",-0.154097588795389,6.58845989190805,-1.37052633376521,0.175244522282482,0.421142000565088,-5.35054852445796
"ENSG00000100897",0.168115863012416,6.78109646650168,1.39683028086047,0.167222974746563,0.412978588585346,-5.35295661807676
"ENSG00000127054",-0.182205324058583,5.47203282497301,-1.24555117003653,0.217407344718636,0.464484397657698,-5.35303546028612
"ENSG00000106052",0.132834222464418,7.81281834374025,1.47009067973138,0.146368786665892,0.383373629690278,-5.35478071618399
"ENSG00000166181",-0.164060227618824,6.39025631780821,-1.35527531730622,0.180028130319028,0.42698879145758,-5.35554484260294
"ENSG00000157570",0.252582634907497,5.72892141116246,1.24141778067646,0.218919629094468,0.466150500282675,-5.35583917959992
"ENSG00000124198",0.16607403034913,6.68927548301532,1.3735325239166,0.174313159205549,0.420452660189784,-5.35629480730502
"ENSG00000034152",-0.25570848996948,8.23210040823457,-1.48624672451819,0.14205591458942,0.37678706070261,-5.35712517698049
"ENSG00000198301",-0.156959711104655,5.71766517460299,-1.27002994930533,0.208608634376399,0.455328461571564,-5.35847020626302
"ENSG00000154059",-0.153523282410806,5.03059341637771,-1.16011880083906,0.250250466166632,0.500246935492324,-5.35856368940648
"ENSG00000165475",-0.232992189794755,4.79706152243143,-1.09955520502564,0.27558804945428,0.524428553136151,-5.35973296309987
"ENSG00000109917",-0.18207861829002,5.73915885777095,-1.27784235220789,0.205856863618003,0.451674664917793,-5.36017253740488
"ENSG00000213047",0.177137969521878,5.65846945420263,1.2383201117813,0.220058031623351,0.467175667508574,-5.36020225769609
"ENSG00000127526",0.2793649466418,5.64586981689682,1.22208857300407,0.22609426251345,0.474371442551079,-5.36027883374749
"ENSG00000156642",0.354864345620752,7.94023707940359,1.46309199385326,0.148268629263409,0.385667043440705,-5.36063053281491
"ENSG00000164961",-0.176714014896561,5.35244848100669,-1.20915711018646,0.230989110995396,0.479949914837116,-5.36107072455177
"ENSG00000177169",-0.157670030104769,5.62957270413633,-1.24291014339796,0.218372728629596,0.465816219880203,-5.36118712335643
"ENSG00000107937",-0.197766266041593,5.47241464592227,-1.23752587719067,0.220350613986999,0.467202628727766,-5.36134819215275
"ENSG00000114902",0.169207307189229,5.23324833079559,1.17412089618626,0.244637126522316,0.494355736384859,-5.36143368098364
"ENSG00000141469",-0.362509575087015,4.96783094589738,-1.1687057801518,0.246797190904051,0.496327462549012,-5.36182261438713
"ENSG00000140564",0.283562482707377,7.26281807608103,1.4131538493124,0.16238881302927,0.40694307883324,-5.36200550500741
"ENSG00000136051",-0.125170228148147,6.53350878802687,-1.36374708957047,0.177358772924217,0.423422697147737,-5.36200641402145
"ENSG00000101639",0.137442952767175,6.9445484073405,1.39414904070644,0.168027487031672,0.413674047343191,-5.36298070363745
"ENSG00000160570",-0.179845485311232,5.12536351123583,-1.17827396292435,0.242989712204518,0.492671362891781,-5.36358600804045
"ENSG00000185262",0.170038423772568,7.19479059681819,1.41817107752703,0.160924861607058,0.40495087576686,-5.36439062061856
"ENSG00000197302",0.16661137302671,5.03145007269523,1.15814299286363,0.251049905827935,0.501017388953509,-5.36464903845162
"ENSG00000103194",-0.152584673376853,6.49351373003761,-1.34804971885126,0.182328876242411,0.429454266220777,-5.36517654932839
"ENSG00000115524",-0.132564587985213,8.43963886975892,-1.49266140183548,0.140371459400305,0.375064823995631,-5.36532306350111
"ENSG00000166025",-0.212248112084913,6.05686147631509,-1.28959381556994,0.201768592795655,0.449011642043787,-5.36532545706702
"ENSG00000151092",-0.160176628356626,5.02054856552208,-1.15418914132597,0.252655161955559,0.501444561870267,-5.36647365559878
"ENSG00000137413",-0.145126494300433,5.52073846601824,-1.23107287527744,0.222738377870432,0.469981778318319,-5.36764116697118
"ENSG00000087269",-0.142327742252501,6.615987302377,-1.36901656542315,0.175713702198851,0.421527190479674,-5.36862666778081
"ENSG00000064999",0.184717747994529,5.7220092356104,1.249442944405,0.215990499710259,0.462466749221158,-5.36899590425391
"ENSG00000084733",0.154655153938078,7.96037390594907,1.4632275201955,0.14823165754582,0.385667043440705,-5.36942430112594
"ENSG00000108599",0.166710652036528,6.22588699186223,1.30763154912855,0.195611668653344,0.444223581001841,-5.37126219307801
"ENSG00000166167",-0.180595259624296,5.04593973874406,-1.14770935157855,0.255301745156903,0.503760922714526,-5.37285083122478
"ENSG00000110497",-0.215066699530523,4.93559701814094,-1.12946712618926,0.262858247465518,0.510677873624433,-5.37356083030059
"ENSG00000198502",0.401176164513378,4.58436491058245,1.08942330709849,0.2799959953366,0.529472219875025,-5.37481300992606
"ENSG00000109787",-0.126931739960686,7.91311642924425,-1.46066984740796,0.148930609310832,0.386736872986373,-5.37573045910114
"ENSG00000169221",-0.202881771837541,6.09546922603559,-1.29953703183669,0.198356966245506,0.446445579602419,-5.37578035224842
"ENSG00000162909",0.170231891794112,8.52984158331374,1.4825629119135,0.143030417981271,0.377845946657685,-5.37691886464654
"ENSG00000131446",0.152928958462923,5.89846947323963,1.27481588776022,0.206919659514768,0.453176229714036,-5.37711110100982
"ENSG00000150403",0.218121622995958,5.08788670905221,1.12066322644431,0.26656109225702,0.514747370988357,-5.37712658482525
"ENSG00000150054",0.250282288311675,7.22642788183323,1.39892607221007,0.166596192396808,0.411804018229497,-5.37802372588905
"ENSG00000160445",-0.204756778613029,6.55011506049894,-1.34467804865287,0.183410074795032,0.429956147798336,-5.37858935495221
"ENSG00000114354",0.179713201974291,5.61496274834245,1.21497945464412,0.228775767896816,0.477769899390261,-5.3808784026167
"ENSG00000124201",0.135374099575799,8.09251420265549,1.46824322150502,0.146868431191702,0.383943960236273,-5.38137989854315
"ENSG00000136738",0.217149593840914,5.55761607405097,1.20138556970029,0.233967635949848,0.482641302784843,-5.38164690132016
"ENSG00000140153",0.181674702915448,5.76906743244345,1.23813878227754,0.220124805156848,0.467175667508574,-5.382112776821
"ENSG00000179632",0.225783168374448,7.25812037596001,1.4104732336318,0.163175179358403,0.407324564283598,-5.38230718004249
"ENSG00000153317",0.1874586308579,9.20591858000331,1.4911833020483,0.140758199025684,0.375723012391928,-5.38330264427112
"ENSG00000131378",-0.186699883156318,6.39260331419526,-1.34146005435581,0.184446520363214,0.431001570331036,-5.38394792045469
"ENSG00000150093",0.416626423244134,9.39528347077129,1.49073235926881,0.140876353360361,0.375854247359083,-5.38534344954197
"ENSG00000179051",0.15112800525516,7.0974686937528,1.39932845320825,0.166476060508751,0.411804018229497,-5.38562881433245
"ENSG00000167173",-0.166397467088471,6.85686612757038,-1.38279120649286,0.171468438581848,0.419056510811236,-5.38604806735494
"ENSG00000145990",0.172183060028455,5.67221991865043,1.21333938916584,0.229397664043408,0.478651272963801,-5.38632591897935
"ENSG00000145780",0.198330072272581,5.23286266098336,1.16938472968253,0.246525613884436,0.496147596764834,-5.38679504812778
"ENSG00000011454",0.195317365241601,7.04187641189298,1.37890339174144,0.172658605004113,0.419513427147817,-5.38716658677519
"ENSG00000175602",-0.153881148978062,6.63855264314269,-1.35547251565663,0.179965650054254,0.42698879145758,-5.38796819252161
"ENSG00000106780",0.182893048983852,5.93489338953601,1.26899177398169,0.208976355883545,0.455340868170929,-5.3886276654951
"ENSG00000185009",-0.148964828303579,5.41198731303227,-1.19637605162685,0.235902291226059,0.483883916641404,-5.39037419674682
"ENSG00000113845",0.192369014509675,6.37181547724851,1.30487269859951,0.196544128050277,0.444857669139139,-5.39074956485535
"ENSG00000196787",0.264095876042028,7.47610103598608,1.41131498226526,0.162927934162857,0.407170360238185,-5.39169385695124
"ENSG00000065675",0.213776679558788,6.06409695824355,1.2632416412919,0.21102175625799,0.457216506313316,-5.39247262523221
"ENSG00000006715",-0.148506528328388,6.93408876935637,-1.3694971633642,0.175564246314172,0.421354560568802,-5.39273877367204
"ENSG00000179144",-0.175111102961681,7.99957703996788,-1.46002227249372,0.149107984090456,0.386855298026215,-5.39314566812615
"ENSG00000157954",-0.154846500131763,6.13324163432768,-1.28708127907032,0.202637560803785,0.449011642043787,-5.3933954167783
"ENSG00000205220",0.183687652742336,5.34738614598211,1.18782215937942,0.239232489156413,0.48774600433728,-5.39385756155955
"ENSG00000143549",0.0920359987053487,10.786143995001,1.46869185449505,0.146746975995818,0.383943960236273,-5.39454532937257
"ENSG00000198162",0.266350905201898,9.77041303769047,1.48563547571952,0.142217250280843,0.377031425562061,-5.39455001399987
"ENSG00000092203",-0.148219884592772,6.28615719063588,-1.31112690320227,0.194435049764191,0.442781514426745,-5.39603709400606
"ENSG00000183735",0.188779765743965,6.59726028371526,1.32633552451217,0.189377284400287,0.437543445891758,-5.39701105551304
"ENSG00000115942",-0.195653322608324,4.79830604987714,-1.08312808403781,0.282759337627343,0.532264557988598,-5.39721760842059
"ENSG00000247627",0.653316260286931,7.40195293548415,1.40463466908687,0.164898103802531,0.409911658753962,-5.39828194474003
"ENSG00000134072",-0.217628218459538,5.12768521573586,-1.14560350910157,0.256166079362408,0.504552711629211,-5.39831710722723
"ENSG00000108946",0.176073037298098,9.20039641546981,1.48051485353847,0.143574470416016,0.378602959741751,-5.39835896041953
"ENSG00000099381",-0.227835796330126,5.45162947611667,-1.21491584384305,0.228799865548677,0.477769899390261,-5.39880803014756
"ENSG00000119392",0.140400665568217,6.15640610379659,1.28308904828122,0.204024018846379,0.449045254756924,-5.39955383089335
"ENSG00000177613",-0.184528517586393,5.68720525959577,-1.24053731112702,0.219242763153968,0.466299116193194,-5.40107213476518
"ENSG00000012660",-0.143729990463896,6.3286938874035,-1.30659956112597,0.195960079397695,0.444458997734656,-5.40217303028197
"ENSG00000085788",-0.165801597096214,5.55454650268955,-1.19770223747757,0.235389000153823,0.483194903104005,-5.40241818208715
"ENSG00000127804",-0.182446193762506,4.83673568221179,-1.09957267679798,0.275580490326617,0.524428553136151,-5.40259793175306
"ENSG00000136940",-0.153970523308208,5.44653755299482,-1.18699686909309,0.239555576806918,0.488069851325388,-5.40310286314195
"ENSG00000101365",-0.187480753743077,5.03583902421864,-1.13069912642223,0.262342990828768,0.510240562449752,-5.40310849849013
"ENSG00000100796",-0.145054215899274,7.52195388205887,-1.42231744066191,0.15972273252335,0.402856225364449,-5.40336859058578
"ENSG00000100221",0.141911582417438,5.97347341631649,1.24807506806866,0.216487713406084,0.463064414070022,-5.4034752976526
"ENSG00000166398",-0.201564949887386,4.7945451022154,-1.09237592615578,0.278706407457658,0.528320288040821,-5.40349386250458
"ENSG00000173276",-0.213608872877463,4.70902758253924,-1.08062435528391,0.283863610808335,0.532930815163007,-5.40444282964543
"ENSG00000072952",0.263745292127347,5.01063146246823,1.07727596259691,0.285345088552529,0.533541521304925,-5.40497280074428
"ENSG00000168175",0.142026073638226,6.99854792465623,1.36576794374334,0.176726502910115,0.422468621261214,-5.4057485978505
"ENSG00000118418",-0.181204071485964,4.9787465715451,-1.10634810177292,0.272660023572568,0.521409295778604,-5.40582630683847
"ENSG00000128487",0.199957468839923,7.85881340095225,1.42876676243075,0.157866747027556,0.399655222028868,-5.40692148352815
"ENSG00000179344",-0.322201545210619,6.25810452722029,-1.31756297921987,0.192282428209697,0.440932067655672,-5.40706513766613
"ENSG00000181827",-0.150130819403554,6.21480398860549,-1.29231215458181,0.200831581630588,0.449011642043787,-5.40755131667856
"ENSG00000065000",-0.131484299149779,7.85531489368566,-1.43855911739981,0.15508071959936,0.395728225001082,-5.4084548233369
"ENSG00000101290",0.255466734233799,5.65244246834095,1.1719227363227,0.245512319430274,0.495756529375884,-5.40896662899814
"ENSG00000132676",-0.15389438838691,6.23682923212337,-1.28599110735225,0.203015466546232,0.449011642043787,-5.40930126427184
"ENSG00000120071",-0.135972744505298,6.45150557218291,-1.31479284944735,0.193206723269256,0.441522746799876,-5.41083809287521
"ENSG00000171992",-0.321218880844823,8.84881949082216,-1.47041081684439,0.146282341113428,0.383331502831146,-5.41141845096326
"ENSG00000125107",-0.122293103440045,8.16344086589174,-1.44950211088572,0.15201268779792,0.391012806007115,-5.41177187837414
"ENSG00000107829",-0.193558469160974,6.07644179797483,-1.274340298314,0.207087040912393,0.453176229714036,-5.41201538124451
"ENSG00000153179",-0.189929036958075,8.71917259961799,-1.46595348543207,0.147489540711288,0.384942434502563,-5.41328226497239
"ENSG00000036448",-0.440081960199867,4.14469078106761,-0.985469453887658,0.328053300230001,0.574104683475349,-5.41372228614234
"ENSG00000122965",-0.203161139154635,5.13773007453684,-1.13337140711939,0.261227823488837,0.509913716362302,-5.41382615473535
"ENSG00000138035",-0.210804889223001,4.83924605037698,-1.05639391284958,0.294704862495196,0.543334040904849,-5.41419774525355
"ENSG00000133246",0.193050917958804,6.5323621141854,1.31917290395688,0.19174678332224,0.440588981669997,-5.4144612999
"ENSG00000091164",0.137644665858288,6.00625355732313,1.24472027012982,0.217710727356512,0.464804925713045,-5.41460483203571
"ENSG00000145241",-0.183185216259425,5.40887875864293,-1.17212617765978,0.245431225437226,0.495756529375884,-5.41478184519565
"ENSG00000091317",0.212407311006556,6.54358058587574,1.29759023593502,0.199021512922775,0.44749038481357,-5.41672068179811
"ENSG00000114744",-0.254837281913865,4.54165309043495,-1.04420391214817,0.30026497012843,0.548756644501739,-5.41689633959778
"ENSG00000106415",0.182223526102054,5.37689005586887,1.14832379300178,0.255049941644493,0.503446406550434,-5.41799779176983
"ENSG00000070061",-0.16763822613049,5.25619112376627,-1.1445782671318,0.256587637597204,0.504642513501854,-5.41814098008519
"ENSG00000163655",0.195856560637226,6.57390764415305,1.30628333905067,0.196066932607014,0.444461333238191,-5.41817897668773
"ENSG00000196396",-0.141944914915696,6.75424824666307,-1.34492294084921,0.18333138151382,0.429956147798336,-5.41861172122576
"ENSG00000160818",-0.190271656248503,5.2723578677564,-1.15709795418704,0.251473479772869,0.501017388953509,-5.4186593801227
"ENSG00000112640",-0.207560080361158,4.98237925999243,-1.1107671432132,0.270766961703069,0.520514610923896,-5.41876537232537
"ENSG00000172322",0.271774280037617,4.77086549980619,1.04446579182629,0.300144774232391,0.548721050341632,-5.41877709291152
"ENSG00000103035",-0.161852139498416,6.29367863533182,-1.29060934448069,0.201418159167241,0.449011642043787,-5.41884708337789
"ENSG00000135924",-0.154369333229288,6.48337395762082,-1.30433283632298,0.196726984314716,0.444981576629917,-5.42029229443527
"ENSG00000244734",-0.487931130641622,12.4242087461942,-1.39413063828175,0.16803301897843,0.413674047343191,-5.42030220440173
"ENSG00000198231",-0.137033771675712,7.26795445839119,-1.39343462342977,0.168242350512991,0.413674047343191,-5.42088730401836
"ENSG00000107625",-0.170529127322712,5.23911149009455,-1.13975411990707,0.258577842294079,0.507285590499872,-5.42096504257294
"ENSG00000170515",-0.149799680637362,6.36293087322415,-1.30577326919716,0.196239380119129,0.444537273550525,-5.42107107354746
"ENSG00000182979",-0.188701444092785,5.28137467977277,-1.15200137386512,0.253546530234195,0.502086959505099,-5.4211193809684
"ENSG00000073849",0.189532906032274,6.62064657889342,1.31186452794707,0.194187428233941,0.442649836409419,-5.42251361072357
"ENSG00000163807",-0.17284342059564,5.21677224205479,-1.1440087578233,0.256822020844844,0.504642513501854,-5.42267464116938
"ENSG00000116678",0.292201475700194,5.62163266493624,1.15638888910546,0.251761167597035,0.501017388953509,-5.42292492623207
"ENSG00000154930",-0.176142108818616,5.73712638810635,-1.22264268221324,0.22588622487529,0.474371442551079,-5.42324518951606
"ENSG00000038219",-0.141382601827447,8.33178717763859,-1.44912277489129,0.152118243344506,0.391099664814001,-5.42343613695204
"ENSG00000120137",-0.164330276452986,6.9900100963917,-1.35502285666019,0.180108143943712,0.426992675459244,-5.42412192635723
"ENSG00000179715",-0.237677361467525,5.43873401304421,-1.15748225811428,0.251317654855113,0.501017388953509,-5.42514519787924
"ENSG00000173812",0.198969352082909,9.60670750445606,1.46381969697352,0.148070195671072,0.385667043440705,-5.42571580743588
"ENSG00000110031",-0.185178557739793,5.27519110664255,-1.15188509406941,0.253593969068857,0.502086959505099,-5.42593129387031
"ENSG00000172059",-0.193142538009419,4.99847901805817,-1.09458425596316,0.277744602494379,0.527598533608569,-5.42636951125592
"ENSG00000054282",0.171564859774961,6.77917591754385,1.3238122757702,0.19020947982557,0.438727949616059,-5.42670610239148
"ENSG00000140992",-0.163468633356112,5.46039135857128,-1.17105102864324,0.24586000957933,0.495786662666702,-5.42856397560579
"ENSG00000115904",0.140353653984501,6.99116847146435,1.35173213861068,0.18115356208297,0.428532814498043,-5.42880660761496
"ENSG00000110852",0.207454219020303,5.98299147877301,1.24108200119432,0.219042819516088,0.466150500282675,-5.42888448489372
"ENSG00000173153",-0.196182356993023,4.85333118066951,-1.06090381970789,0.292665805622143,0.54152939930953,-5.42913814938425
"ENSG00000119203",-0.17905914204593,5.85449379958776,-1.22150988610606,0.226311677048065,0.474575064110029,-5.42962995726002
"ENSG00000108395",0.172101391268676,5.53180810178175,1.15672113031398,0.251626338682046,0.501017388953509,-5.43054371385377
"ENSG00000100055",0.182137563053693,7.16183065271829,1.37433264258369,0.174065908770235,0.420452660189784,-5.43070273360316
"ENSG00000111843",-0.225498870931875,4.74378362832455,-1.04855951185255,0.298270130948627,0.546577757621298,-5.43101057938698
"ENSG00000154174",-0.167325947580513,5.45121558352914,-1.17876452666353,0.242795646422238,0.492644574193054,-5.43113061208587
"ENSG00000012983",0.217208911008042,6.73294496104976,1.31628779914724,0.192707497050062,0.441307458566094,-5.4322288899096
"ENSG00000100523",0.19255075356214,5.03216650755656,1.09078937876016,0.27939883411601,0.529080586814049,-5.43266465294366
"ENSG00000125503",0.154862997761615,6.63760958750938,1.31382049503516,0.193531954440745,0.441895258924216,-5.43293211702635
"ENSG00000114742",-0.149526770302233,5.6936248881171,-1.20172076656564,0.233838596152865,0.482557830242731,-5.43298148107873
"ENSG00000138246",0.127840268615858,6.91500621158346,1.34545345215285,0.183160995621192,0.429742077581504,-5.43606850532366
"ENSG00000065427",0.146248347727173,7.1179687927508,1.36949666824152,0.175564400237001,0.421354560568802,-5.43706917888878
"ENSG00000166912",-0.140603554774374,6.64102150722436,-1.30824004873123,0.19540645022063,0.443942594162632,-5.43751408136368
"ENSG00000118217",0.194979821530207,5.49907471844752,1.134453381828,0.260777260648668,0.509581964136996,-5.43931462573099
"ENSG00000196911",-0.228942108870098,6.18059382646925,-1.24741428455187,0.21672820543775,0.4633968850961,-5.43981988581469
"ENSG00000112419",0.157487168185456,7.48532632522222,1.38092469915926,0.17203904095405,0.419326295355793,-5.43989770761119
"ENSG00000123636",0.144758915232824,7.00524593336362,1.35052052177291,0.181539635725114,0.42870738423512,-5.4399709838114
"ENSG00000103222",0.21105302510303,5.98366155312574,1.20679040125932,0.231893243503433,0.48072845913497,-5.44005409333868
"ENSG00000118412",-0.176717677283681,6.00533767642929,-1.23551322697381,0.2210933179756,0.468136959320274,-5.44014156626633
"ENSG00000058866",0.264237697596481,5.57606040889371,1.14369138099406,0.25695270419496,0.504642513501854,-5.44024844229999
"ENSG00000116473",-0.108308708960372,7.95453172760633,-1.41381356553128,0.16219573271928,0.406646273287914,-5.44047248535997
"ENSG00000115825",-0.143722797658995,6.63291039741785,-1.31284925462481,0.193857223510718,0.442267233537016,-5.44094724515524
"ENSG00000176087",0.165846581014799,5.33785689555159,1.12929184146316,0.262931614448703,0.510677873624433,-5.44097522701566
"ENSG00000100852",-0.134535664129553,6.82304818486674,-1.3224903745412,0.190646556158759,0.439044613827394,-5.44100474372054
"ENSG00000035681",-0.142917758864365,5.48138826335581,-1.16416713946624,0.248618137643108,0.498150648723669,-5.44117494299611
"ENSG00000066027",0.143836601333124,6.60091852819874,1.29621916271397,0.199490532594619,0.447505455254181,-5.44191128763563
"ENSG00000137409",-0.195544286763515,5.26493365668951,-1.12865479940093,0.263198375887103,0.510831760538988,-5.44414656047328
"ENSG00000105321",-0.202233427732226,6.9833794766912,-1.35256303093027,0.180889164470313,0.428099117304198,-5.44435254727583
"ENSG00000167671",0.180607154350764,7.35130675417606,1.3731972239278,0.174416852428214,0.420452660189784,-5.44521896421515
"ENSG00000152558",0.136141670020232,6.68734836677025,1.30229322626707,0.197418969435997,0.445911503104192,-5.44600487431597
"ENSG00000102900",-0.154494585869189,5.35946186512825,-1.13382953473545,0.26103697986616,0.509723823050481,-5.44611641527337
"ENSG00000084112",0.169175625725119,7.26344443674941,1.35726008557828,0.179400028892075,0.426241324641964,-5.44615974689471
"ENSG00000175166",0.143208181514514,6.6692747072743,1.30869324882391,0.195253712017572,0.443780652095007,-5.44642086735444
"ENSG00000108828",0.217835019654775,5.46675115980603,1.14601806150252,0.255995763853748,0.504552711629211,-5.44676975240351
"ENSG00000170776",0.134871146955154,9.36167756388163,1.44850543550839,0.15229014872076,0.391172432923481,-5.44733408691627
"ENSG00000108219",0.183926062328237,5.72922859424589,1.16598202498275,0.247888837480241,0.497604416577876,-5.44976709703049
"ENSG00000160789",0.228786845687554,6.91839861747272,1.30900889887337,0.195147384077795,0.443780652095007,-5.45249755152068
"ENSG00000101413",0.168121583326692,5.62463014270741,1.14486080066543,0.256471416498613,0.504642513501854,-5.45317592670456
"ENSG00000278053",0.155664329949813,5.43907893928031,1.12134855714669,0.266271536500054,0.514747370988357,-5.45376574181661
"ENSG00000264522",-0.233626278198714,4.86292408300111,-1.02875940203025,0.307411684324321,0.555482207694495,-5.45407033756911
"ENSG00000147421",-0.165803167226764,5.83937375180274,-1.18873524075981,0.238875399310347,0.487262261449699,-5.45416835795274
"ENSG00000107882",-0.170265303195744,4.74977878374878,-1.02298593564058,0.310112624855914,0.557754934016487,-5.45456915361108
"ENSG00000141568",0.18628840057335,5.27477574225787,1.10331294638565,0.273965601754581,0.522423730612166,-5.45520144152719
"ENSG00000138688",0.177930581762297,6.3573605636791,1.2561302177571,0.213571829964249,0.459552018290069,-5.45522320420881
"ENSG00000135372",-0.183669423033026,5.32725859803924,-1.13718094477212,0.259643873278597,0.508644308386119,-5.45573492499657
"ENSG00000130714",-0.241155086860006,5.56643674935854,-1.14048107795548,0.258277236715449,0.50687838098911,-5.45579265623452
"ENSG00000147471",-0.12538125795837,6.78718780032677,-1.31571930782977,0.192897225656485,0.441370888440374,-5.45613566891612
"ENSG00000086062",0.175266889920713,5.4142754295842,1.10933355084709,0.271380082004208,0.520774458175035,-5.45662786976418
"ENSG00000130511",-0.182464877531511,4.81438867824044,-1.04203618410669,0.30126116098963,0.549655326547724,-5.45667012892257
"ENSG00000108604",-0.180042796813139,6.26179199905932,-1.26470691828048,0.210499135964732,0.457074249795083,-5.45737242793575
"ENSG00000130517",0.176586114087218,5.47306402378412,1.13107228385309,0.262187066993101,0.510240562449752,-5.45763555173317
"ENSG00000006451",-0.156305944305427,5.49128532755515,-1.14925502959535,0.2546686496033,0.503058304220006,-5.45928101167118
"ENSG00000117153",-0.147387164490941,5.14965992846162,-1.08155134147027,0.283454414390257,0.532789686865971,-5.45933052402926
"ENSG00000141627",-0.12422291043878,6.09246779591452,-1.22200007133613,0.226127502992869,0.474371442551079,-5.45994867507458
"ENSG00000170323",-0.236285041575028,5.12407380980506,-1.08992572668055,0.279776265778176,0.529318036842182,-5.46054215719082
"ENSG00000119632",0.229137142668212,5.68306913233483,1.14378159563241,0.256915552535942,0.504642513501854,-5.46085584292915
"ENSG00000205038",0.323382607730251,7.40526742722206,1.34947440904477,0.181873474887548,0.428993461144455,-5.46135116851612
"ENSG00000141027",0.144436357753872,9.09498960765969,1.43343227185968,0.156534559175978,0.397259968088735,-5.46318153024714
"ENSG00000152942",-0.185237882136856,4.93971402500147,-1.04924825580723,0.297955521448851,0.546184953180801,-5.46461275340642
"ENSG00000162521",-0.099763367852999,7.37334670930648,-1.36126179273161,0.178138716243184,0.424103925386457,-5.46474169310832
"ENSG00000140455",0.132440872107511,6.66580784124081,1.29125354383489,0.201196097650649,0.449011642043787,-5.46520958771873
"ENSG00000114030",-0.167264620020802,6.48800677713803,-1.26543321156605,0.210240444443971,0.456838133204262,-5.46608847113787
"ENSG00000168564",0.182914323866355,4.93649237997058,1.01479533527441,0.313971779190746,0.560738084880118,-5.46751412594838
"ENSG00000176108",-0.219857818849824,4.88670034203867,-1.01609118036252,0.31335907409133,0.55991480342721,-5.46885310333898
"ENSG00000175538",0.147600786699934,6.04886079523405,1.20693668837822,0.231837284312975,0.48072845913497,-5.46993449881708
"ENSG00000112584",0.134040743765595,5.55473687888828,1.13050175848792,0.262425487515456,0.510240562449752,-5.47087026039982
"ENSG00000108468",-0.163053773556315,5.97199569712366,-1.21341085138694,0.229370540673463,0.478651272963801,-5.47132807982215
"ENSG00000165916",-0.164499160722675,5.94299702042714,-1.21231200225798,0.229787865222535,0.478680513636329,-5.47138375100178
"ENSG00000138439",-0.218327255628797,5.92448100347864,-1.21708822177422,0.227977950924503,0.476925015590508,-5.47151703293022
"ENSG00000156958",0.197362181975316,5.2446167405673,1.06124098061032,0.292513755956497,0.54152939930953,-5.47157013143627
"ENSG00000144824",0.243314176443795,4.57538149673505,0.984207080481456,0.328668731543257,0.574382710526688,-5.47212304193477
"ENSG00000128849",-0.355152635873224,6.67322217062994,-1.30287737458151,0.19722059752717,0.445648202126928,-5.47220387321404
"ENSG00000135968",-0.148155994216688,6.9598534370018,-1.32079829351768,0.191207133077685,0.439534371733008,-5.47314139282774
"ENSG00000170873",-0.179333151057318,7.69644000954215,-1.37706184011315,0.17322455595269,0.419994383992103,-5.47335483696447
"ENSG00000158805",-0.187132597575331,5.46853132756189,-1.13313735073723,0.261325363161759,0.50992141063942,-5.47404827664839
"ENSG00000109674",0.183818134217073,5.2192928333541,1.05560833516279,0.295061038368197,0.543511129610706,-5.47409566003171
"ENSG00000160469",0.429680305103286,4.65014854417381,0.981305867999904,0.330086029579413,0.57582731000597,-5.47445191656491
"ENSG00000182670",-0.125356653399632,7.5153255533682,-1.36473819359219,0.177048468496606,0.4228671882374,-5.47538706192492
"ENSG00000163512",0.16183786808579,5.45124972226172,1.10979462441251,0.271182783506088,0.520579212311897,-5.47672993907219
"ENSG00000115866",-0.167617245117191,6.74746038303071,-1.29762076693187,0.199011078207717,0.44749038481357,-5.47675694221948
"ENSG00000150776",-0.156297353651975,5.1999550145694,-1.08059265552406,0.283877611160618,0.532930815163007,-5.47686872332807
"ENSG00000177683",-0.15728478090108,5.19730196064138,-1.08198521317957,0.283263032366787,0.532789686865971,-5.4769007729261
"ENSG00000095564",0.178328978245792,5.86636376104909,1.16663684852782,0.24762607728352,0.497443535781939,-5.47716258684106
"ENSG00000146729",0.180454496753854,5.92089004404018,1.17424143416324,0.244589199457103,0.494355736384859,-5.47878588202125
"ENSG00000092010",0.125880618149431,8.54490548224856,1.41414461646604,0.162098910278705,0.406590636831668,-5.47894847630281
"ENSG00000089486",0.23762761096826,5.53623385068419,1.10295958438149,0.274117884743642,0.522531223262198,-5.47895313612122
"ENSG00000103653",-0.126814143201601,8.49321270010765,-1.41210804198841,0.162695254857906,0.407045085822259,-5.47899041596134
"ENSG00000271503",0.366096630643408,10.9990205541677,1.40490151209255,0.164819055638481,0.409911658753962,-5.4791462115492
"ENSG00000044115",0.14857215394874,7.32341100284403,1.33978452107571,0.184987926191993,0.431797010237351,-5.47938231320604
"ENSG00000140382",0.161262779183311,5.82688681197036,1.17525183999002,0.244187717519226,0.493813914270506,-5.47948875515369
"ENSG00000106344",-0.152843629940198,5.68604610603943,-1.15608632022964,0.251883999841533,0.501017388953509,-5.47956504965998
"ENSG00000274290",0.259259192237464,5.47443866040472,1.1000253151047,0.275384707713516,0.524428553136151,-5.48010830330731
"ENSG00000103591",-0.150905490975447,5.75298804258191,-1.15491780767931,0.252358775981364,0.501444561870267,-5.48013704201892
"ENSG00000110324",-0.201673530918325,5.94198987849732,-1.20100034743583,0.234115997644744,0.482745313092969,-5.48053428634271
"ENSG00000072415",0.210722748025399,5.1633252669954,1.04073195736807,0.301861609267364,0.550198075372565,-5.48162861940846
"ENSG00000150712",0.208310518771142,6.4369729157779,1.23740605561286,0.22039477897033,0.467202628727766,-5.48209676443785
"ENSG00000138722",0.370263029462236,6.68595341275705,1.25664791641562,0.213385424709324,0.459495570678417,-5.4822722930467
"ENSG00000141556",0.151978910507111,5.80869736021873,1.15441412777937,0.252563621951621,0.501444561870267,-5.48269459837171
"ENSG00000104365",-0.14187432085209,6.13343753919663,-1.21557864920791,0.228548866015151,0.477611899520729,-5.4827499325715
"ENSG00000276410",0.273696999376575,4.87270854540067,0.997769713018257,0.322096752923494,0.568968422393448,-5.48317079719098
"ENSG00000167962",-0.198349813587972,4.84737877672801,-1.01190997659309,0.315338937565906,0.562138221808087,-5.48326382733015
"ENSG00000134294",-0.182526828189006,6.08623582289782,-1.19792989526167,0.235300968182856,0.483194903104005,-5.48367690253857
"ENSG00000162430",0.305726757928672,5.54312765348893,1.08493958921884,0.281962230489667,0.531532952147996,-5.48384141523501
"ENSG00000185624",0.160477246690054,6.95272743633302,1.29681471414712,0.199286703676809,0.447505455254181,-5.48452572888903
"ENSG00000137145",0.214772199621956,6.96994625205475,1.29668096199328,0.199332467111345,0.447505455254181,-5.48546746653265
"ENSG00000162302",-0.151946688705948,5.52573761719602,-1.13214985533022,0.261737171495609,0.510136637042751,-5.4855021407981
"ENSG00000121989",0.352660238950982,6.60423866755722,1.25039362016104,0.215645431491656,0.462170067178026,-5.48581685021056
"ENSG00000172992",0.23731211313948,4.69936365530419,0.929857917707138,0.3558905251316,0.600580358158274,-5.48586391698688
"ENSG00000109790",0.194724192207273,7.49072014340023,1.34265766130612,0.184060280291959,0.43060205120027,-5.48788435548952
"ENSG00000117000",-0.151078128274631,5.96667395144386,-1.18026833833301,0.242201437192213,0.49198860172378,-5.49063840841722
"ENSG00000112576",0.203690247229294,8.21961427561487,1.38252199677997,0.171550648012474,0.419056510811236,-5.4911800253566
"ENSG00000118197",0.141197420810587,5.21418018969281,1.06267152458209,0.291869226460516,0.540851546175813,-5.49121956221157
"ENSG00000172530",0.188424135866546,6.97819666695764,1.29152304685494,0.20110325168462,0.449011642043787,-5.49159819760592
"ENSG00000082014",0.242623699635381,4.75504758315601,0.959191604364158,0.341022118015658,0.586269643089083,-5.49214286901097
"ENSG00000276966",-0.245495579228925,6.81541776384047,-1.30048129346767,0.198035237304083,0.446378143497164,-5.49286859336389
"ENSG00000139146",-0.171138051942277,5.0834627601841,-1.04373392246986,0.300480765375374,0.548766871867508,-5.49348273126385
"ENSG00000136874",0.128909929640001,5.73820465478215,1.13753778431452,0.259495853884379,0.508537198547516,-5.49365075553068
"ENSG00000029725",-0.122675239057835,7.80744075691747,-1.37096337719825,0.175108884085687,0.421128683621888,-5.49431049708964
"ENSG00000072042",0.318025960469928,6.07733644823224,1.16078990392777,0.2499793427492,0.500246935492324,-5.49483622550316
"ENSG00000148218",-0.19075751889432,5.75208215998701,-1.15204319446392,0.253529470170618,0.502086959505099,-5.49510026983901
"ENSG00000185745",0.318814371621209,5.38882236657964,1.08352644378688,0.282583915563037,0.532264557988598,-5.49557609348284
"ENSG00000214941",0.152349069921145,5.18673428730428,1.03280522294638,0.305528493665388,0.553364106878003,-5.4965563810003
"ENSG00000167978",-0.141293684294858,9.47296023299061,-1.41199509630604,0.162728376821013,0.407045085822259,-5.49715826657134
"ENSG00000175224",-0.161350039585285,5.74438561745862,-1.14407292748567,0.256795604029539,0.504642513501854,-5.4974166770703
"ENSG00000066933",-0.135967776558103,6.08175183164572,-1.19506313497765,0.236411244170517,0.484175579650359,-5.49760410830321
"ENSG00000108523",0.174563088032866,5.4129348110952,1.08120591946065,0.283606845064485,0.532789686865971,-5.49855233020999
"ENSG00000087365",-0.116788186084881,8.54998494521935,-1.40089667159167,0.16600850077934,0.411471479638692,-5.49861009285302
"ENSG00000247315",0.154446904200786,4.85439159897221,0.994087428565922,0.323872321983615,0.570652137828827,-5.49865859605534
"ENSG00000089693",-0.169624535001197,5.5496145120111,-1.12076495718297,0.266518096489683,0.514747370988357,-5.4993054966091
"ENSG00000085733",0.318447827416325,8.84283948362031,1.39941720047907,0.166449573753727,0.411804018229497,-5.49945209199782
"ENSG00000116871",-0.15728716367121,7.57219456525123,-1.35318203152503,0.180692383402061,0.42781925457385,-5.50032912255823
"ENSG00000132256",0.160982334478207,4.92943496703501,0.997584969369213,0.322185679714351,0.568968422393448,-5.50067328810025
"ENSG00000187164",0.205852785364425,5.19982130203064,1.04505304273507,0.299875360824979,0.54841254305958,-5.50107645854324
"ENSG00000067955",-0.141958582616883,6.08041494533658,-1.19941005039294,0.234729195070393,0.482745313092969,-5.50156673023008
"ENSG00000111341",0.345520003892358,4.46914199903705,0.93130087504071,0.355149485995932,0.599954852621965,-5.50172551425018
"ENSG00000142961",0.149763027758522,5.75595160971509,1.13125282591783,0.262111651008485,0.510240562449752,-5.5020169436393
"ENSG00000196850",-0.174427283682951,4.94116737922736,-1.02089854216107,0.311093083205,0.558062271090167,-5.50221131095984
"ENSG00000227165",0.355173013800782,5.095444710147,0.991852472697787,0.324953176339807,0.57200158471705,-5.50265765738929
"ENSG00000145703",0.191216812112824,8.49164206177005,1.38866343216346,0.169682717643534,0.416223073265184,-5.502807124956
"ENSG00000117632",0.21003483856714,5.49778312180449,1.10628409762647,0.272687510052742,0.521409295778604,-5.502965675286
"ENSG00000184787",-0.15830550455909,6.56036362575077,-1.26394017873934,0.210772489285733,0.457213143245717,-5.50337617099193
"ENSG00000110107",-0.149511962968165,5.76130795765329,-1.15607610492314,0.251888147640173,0.501017388953509,-5.5044330982088
"ENSG00000110013",0.314552237096843,6.35947526760768,1.19968593272103,0.234622735150879,0.482745313092969,-5.50453142607034
"ENSG00000135823",-0.125603197910291,6.25103457934559,-1.20493042735667,0.232605594715327,0.481655370584988,-5.50552543726017
"ENSG00000100600",0.271114133718558,4.66114233819979,0.902549131805794,0.37010288625147,0.611251004481914,-5.5056110185568
"ENSG00000174903",0.163595782200247,7.64254673974664,1.34132868768779,0.184488924745223,0.431001570331036,-5.50607816734911
"ENSG00000111237",-0.164899619672471,5.3521960155326,-1.06595918323649,0.290391679644756,0.539049620731369,-5.5065923628964
"ENSG00000125686",-0.126594752336142,6.61038533849701,-1.26159968597466,0.211608532550491,0.457296027503004,-5.50666710806226
"ENSG00000103342",-0.261958816655124,8.80677844683145,-1.39990436089292,0.16630423774354,0.411804018229497,-5.5068609302473
"ENSG00000090863",0.161417996236294,6.06705586665124,1.16830238766706,0.246958647764456,0.496468897793636,-5.50687725374801
"ENSG00000196262",-0.111767671513552,8.00657851302292,-1.37079514510814,0.175161086102643,0.421128683621888,-5.50758968676156
"ENSG00000167193",0.185114991848844,5.60485848708355,1.10710238190303,0.272336245271147,0.5211408023313,-5.50783034037899
"ENSG00000151422",0.22182067747688,6.41760520014456,1.21161234778292,0.230053870110467,0.478737007013683,-5.50825242039772
"ENSG00000139718",-0.150510797556696,6.83587595280891,-1.28593555000395,0.203034739440393,0.449011642043787,-5.50943032220458
"ENSG00000105486",0.181457169351331,5.48953421092684,1.08333683206946,0.282667403736389,0.532264557988598,-5.51054119399738
"ENSG00000119953",0.142431572651801,5.77248654414863,1.12652572911883,0.264091310942344,0.511835454291672,-5.51132667729908
"ENSG00000060982",0.233121947218651,5.59470654855328,1.09393057910467,0.278029060389363,0.527770843554442,-5.51136608690063
"ENSG00000102189",0.145422083225331,6.32234903804635,1.1990540990316,0.234866604450241,0.482745313092969,-5.5121899681774
"ENSG00000138867",0.159901858636153,7.16734264569631,1.30422882660927,0.196762227992194,0.444981576629917,-5.51452865265796
"ENSG00000065559",-0.154355438263334,5.61816409126503,-1.09215343296675,0.278803439450897,0.528320395870778,-5.51608274782882
"ENSG00000124299",-0.142470666407116,5.40421318604162,-1.08136152905005,0.283538169351676,0.532789686865971,-5.51662064292507
"ENSG00000135506",-0.150540432960161,6.2957039229826,-1.19929667723049,0.234772954658542,0.482745313092969,-5.51664441805145
"ENSG00000113712",0.111430788694745,7.43528085145393,1.32105864860543,0.191120798201181,0.439521362853539,-5.51692898296714
"ENSG00000018408",-0.260397727287609,6.47082992965193,-1.24042546634812,0.219283835478517,0.466299116193194,-5.51732998636616
"ENSG00000166747",0.128468673560304,6.93547443708776,1.27399023694231,0.207210307537661,0.453184165180721,-5.51784328797728
"ENSG00000257103",-0.111268180229116,8.25283408914953,-1.37338779933687,0.174357910236737,0.420452660189784,-5.51800461020692
"ENSG00000140044",0.230377757297812,6.27708687050659,1.20214079931113,0.233676970195382,0.482557830242731,-5.51873097882355
"ENSG00000057608",-0.114778891814469,9.12080550849148,-1.39484291207597,0.167819004674703,0.413674047343191,-5.51883314409462
"ENSG00000117222",-0.164354551970201,5.48177101545024,-1.09333223317846,0.278289617991537,0.528081448560744,-5.51978856842721
"ENSG00000135018",0.147270238924905,8.17401637933207,1.36199742620329,0.177907585863104,0.424103925386457,-5.52037340190939
"ENSG00000138107",-0.121467842880519,6.27367255560072,-1.19647423884643,0.235864260789992,0.483883916641404,-5.52121384911345
"ENSG00000068724",-0.165493572686239,5.70523421939314,-1.12447928833619,0.264951603847017,0.512911512788541,-5.52174362055844
"ENSG00000164649",-0.210635134158172,5.35159327162637,-1.0707161814656,0.288262909917404,0.536908148112826,-5.52205678122413
"ENSG00000160049",0.161859086571081,5.08359742549681,1.01768301939191,0.312607519237916,0.559702613662318,-5.52256552180509
"ENSG00000073417",-0.200136847648414,5.07207323731611,-0.99776508484108,0.322098980507308,0.568968422393448,-5.52256565391261
"ENSG00000182732",0.283700993683806,5.89394327681412,1.10588398907922,0.272859380004552,0.521409295778604,-5.5229371289004
"ENSG00000150867",-0.179471876935958,10.1351172171972,-1.38776798805704,0.169954093115069,0.416701124793384,-5.52329586194722
"ENSG00000163349",-0.133535448748468,8.26331895352618,-1.36837434859718,0.175913569710554,0.421635339983765,-5.52386090929785
"ENSG00000068024",0.175383825859455,6.08155469818315,1.16982383615769,0.246350087241573,0.49600325560684,-5.52403444298185
"ENSG00000124356",0.150146446338622,5.45543678378137,1.06054464184061,0.292827844020094,0.54152939930953,-5.52508482637199
"ENSG00000162236",-0.147340898996879,5.31845037014154,-1.05164945909197,0.296860456809345,0.545078438872126,-5.52531348553194
"ENSG00000173960",0.221715471923256,6.20450397731039,1.16430325153111,0.248563388672791,0.498150648723669,-5.52626111245115
"ENSG00000158545",-0.127898322767779,6.90914195762708,-1.27531836049919,0.206742925851561,0.453176229714036,-5.52715300450631
"ENSG00000132359",-0.143080000891388,6.56794817160229,-1.23437457474378,0.221514313445757,0.468846145941135,-5.52738279985519
"ENSG00000164944",-0.136782016034929,6.45875749755593,-1.21909276298485,0.227221448294924,0.475750365223193,-5.52882792279903
"ENSG00000013374",0.127090220109842,7.02500848030493,1.2859436946342,0.203031913975536,0.449011642043787,-5.5292221114754
"ENSG00000091542",-0.130048746841625,6.65694954443171,-1.24163440463952,0.218840181347209,0.466150500282675,-5.52939358737036
"ENSG00000056097",-0.105578371828734,7.27716898043214,-1.30153322279949,0.197677283914303,0.446125038427972,-5.52986567008177
"ENSG00000131165",0.141645907784664,5.60348838664796,1.08548861226446,0.281720954999605,0.531261946292089,-5.5307363935022
"ENSG00000123689",-0.45360238103119,4.86060100024365,-0.934919432607991,0.353295540827168,0.59793541672147,-5.53195992440312
"ENSG00000157654",0.146736035627939,8.53171034318522,1.36872360349622,0.1758048548394,0.421560232907153,-5.53233033714646
"ENSG00000215717",0.164401535518802,5.2773647328383,1.00661051601738,0.317860370880973,0.563522063312575,-5.53296419372092
"ENSG00000100380",-0.147236559240337,8.70075960049262,-1.377166755558,0.173192274968729,0.419994383992103,-5.53311886316479
"ENSG00000176986",-0.147667124648734,6.73847241858517,-1.25878774170976,0.212616222728113,0.458564204838781,-5.53344419045255
"ENSG00000116138",0.240080315867739,5.93964321688253,1.11941033755581,0.267091017199105,0.515448764328986,-5.53378361422532
"ENSG00000169032",0.135132225699356,6.55738387212262,1.22352904080727,0.22555373654887,0.474263510890869,-5.53447847625806
"ENSG00000144791",-0.14980083572436,5.99339330482023,-1.15443225829206,0.252556246238669,0.501444561870267,-5.53458388651964
"ENSG00000164934",-0.160273170021071,4.84669478876702,-0.964612942537122,0.338319394233561,0.584068517396978,-5.53463852603583
"ENSG00000118971",-0.168730275428191,7.56438183748047,-1.33034818387627,0.188059524679867,0.436163597469525,-5.53522349886342
"ENSG00000005020",0.200167667952105,8.63603115790486,1.36723209426894,0.176269484975362,0.422116990833307,-5.53590493764628
"ENSG00000167085",-0.16119447027843,5.25408404477574,-1.02741636171519,0.308038558227023,0.555877464465326,-5.53623968933001
"ENSG00000159023",-0.251141117103145,10.0982751662641,-1.37618243482399,0.173495317365934,0.420089995115381,-5.53686387556209
"ENSG00000127184",-0.153659310145441,9.22836314821315,-1.38233743515047,0.171607025627729,0.419056510811236,-5.53691898606623
"ENSG00000140386",-0.175673229712837,5.6678561220937,-1.09260921234816,0.278604693753895,0.528320288040821,-5.53693093644152
"ENSG00000185219",-0.161514138465413,5.55952906915427,-1.08294764508303,0.282838820737333,0.532264557988598,-5.53711618279847
"ENSG00000127084",-0.154940328706665,7.07331449088124,-1.28624482895813,0.202927467622827,0.449011642043787,-5.53870229092814
"ENSG00000113615",0.147981689143957,5.55423922416742,1.06452502043574,0.291035589796646,0.539673891494938,-5.53874200676812
"ENSG00000140403",-0.248368226381913,5.61579929941113,-1.09734542112098,0.276545275265053,0.525686901480812,-5.53904845944946
"ENSG00000080824",0.146673516917051,9.65757717663455,1.37983056736731,0.172374198748028,0.419489853313365,-5.53974946856839
"ENSG00000161011",0.155501624411312,7.8424722257359,1.32926507721961,0.188414533533376,0.436279349617873,-5.53985854081662
"ENSG00000029534",0.311180641709046,8.15170408690271,1.34098644386055,0.184599433699089,0.431074888466624,-5.53991953809481
"ENSG00000092929",0.161546971445984,7.28402147207793,1.28292395078778,0.204081507117868,0.449045254756924,-5.54078525072252
"ENSG00000164163",-0.146078192221779,5.46361877652298,-1.06984225652667,0.288653184330118,0.537084203630629,-5.54078766424251
"ENSG00000099940",0.133243631408745,7.18638984857711,1.27423675142861,0.20712349706093,0.453176229714036,-5.54115055581817
"ENSG00000172493",0.107586654794485,8.19647940243107,1.35124598954712,0.181308395267619,0.428532814498043,-5.54129938002963
"ENSG00000005075",0.155475018732433,6.25070186025595,1.17695496834243,0.24351205637058,0.493410654786607,-5.54131327040424
"ENSG00000134982",0.123127272224313,6.73086081456349,1.22875354919157,0.223601196967421,0.470702983415189,-5.54150959745374
"ENSG00000084676",0.11301608477716,8.30555265656906,1.35319553423427,0.180688092687373,0.42781925457385,-5.54220193668127
"ENSG00000151789",0.289041274045431,5.12726409399436,0.962418724352433,0.339411587807028,0.585123633764791,-5.54248399672225
"ENSG00000188186",-0.137092671207359,6.11667065147903,-1.16056758365811,0.250069136134041,0.500246935492324,-5.54315345791221
"ENSG00000154783",-0.249368659266858,5.77931282683178,-1.12662366292543,0.264050190520531,0.511835454291672,-5.54318137172875
"ENSG00000112146",-0.185590511144325,7.30045505189828,-1.28581698357933,0.203075874799704,0.449011642043787,-5.54354737987188
"ENSG00000129473",-0.186160317052054,5.75919743449579,-1.07429844336052,0.286666961287267,0.534849864757887,-5.54457348139534
"ENSG00000078403",0.164470563533265,5.6139755376198,1.05427604911973,0.295665762639587,0.544001038453384,-5.54529481850014
"ENSG00000109971",-0.178338737582282,9.92663058248442,-1.37027928833188,0.175321229310136,0.421142000565088,-5.54564886137468
"ENSG00000169967",-0.125706787222815,7.25179018081771,-1.29182516938992,0.200999206060815,0.449011642043787,-5.54649686196013
"ENSG00000169727",-0.184321210915988,5.73953651150816,-1.1145186645837,0.269167106616545,0.51803495158899,-5.54696802565044
"ENSG00000100387",0.240831846445792,6.8711743328332,1.22987791264487,0.223182614319636,0.47036655952553,-5.54741169406524
"ENSG00000183309",-0.171450314269442,4.80348164193791,-0.945448817969387,0.347936570578088,0.592917871914115,-5.54811189219847
"ENSG00000065534",0.328687423204093,8.0282120319238,1.32685522427443,0.189206223173601,0.437519314027918,-5.54844476640136
"ENSG00000118960",0.178294235341572,4.92081613196747,0.941857051419061,0.349758641030875,0.594535125221906,-5.54862599527045
"ENSG00000182481",0.171279692864602,5.34951499872086,1.02217195000572,0.310494709059106,0.557754934016487,-5.54866030309229
"ENSG00000135838",0.185707764835607,5.86284969075565,1.09055673854493,0.279500467245239,0.529089140219619,-5.549788437037
"ENSG00000053524",0.237861093982405,5.13698732393344,0.951313843116904,0.344974597181556,0.589431960987868,-5.54979668769112
"ENSG00000117054",0.166043691817649,6.13919311851122,1.14629231349682,0.255883133886211,0.5045426396714,-5.54980968257144
"ENSG00000111667",-0.155265885989621,5.27187310873178,-1.02584175452184,0.30877461907514,0.556652589252602,-5.55006278557479
"ENSG00000135521",-0.167634378122733,5.07255931300425,-0.9833285182942,0.329097499258749,0.574470738853466,-5.55043135349173
"ENSG00000108839",0.319984970226262,6.62582614701937,1.18538249457128,0.240188488017243,0.489176404754371,-5.55107981555179
"ENSG00000085514",0.172004764006962,4.88090831275526,0.929425386789657,0.356112848127397,0.600651020618594,-5.55120180708901
"ENSG00000122705",0.135911851748133,7.12493353116546,1.26444002880705,0.210594255982828,0.457098608204959,-5.55218727205586
"ENSG00000115170",0.233191556444272,5.88214585133928,1.0791753487532,0.284504060418178,0.533371686565118,-5.55308574482088
"ENSG00000184792",0.391660896985011,7.27537147132367,1.25325773771211,0.214608294614074,0.460853759975355,-5.55336545330472
"ENSG00000178764",-0.220805664206613,5.35621831747405,-1.04127428233844,0.301611831291034,0.5499267927957,-5.55414462570807
"ENSG00000055208",-0.122242492090867,7.87039718423605,-1.32241432383949,0.190671724727536,0.439044613827394,-5.55447081478482
"ENSG00000196411",0.226443759613757,4.47786018791733,0.85317180775813,0.396701931842419,0.6330498314814,-5.55486110705165
"ENSG00000074603",0.129879588701184,6.31627260717633,1.167048727343,0.24746090544587,0.497295098808226,-5.55538025458965
"ENSG00000163171",-0.163858686305785,6.75935915043848,-1.23229139051778,0.222286052804764,0.46992324216061,-5.55577069829793
"ENSG00000132323",0.131376052839451,6.0510983002674,1.12049289817045,0.266633091213132,0.514747370988357,-5.55817767135625
"ENSG00000133943",-0.168425099069738,4.96243778606742,-0.95171637122788,0.344771916313878,0.589368497043616,-5.55821416524105
"ENSG00000118496",-0.164296847134435,5.30383915805664,-1.00918287857848,0.31663478122324,0.563228151027891,-5.55829563358911
"ENSG00000100580",-0.143307381018255,6.41128032744037,-1.18312644470099,0.241074984974931,0.490357010273957,-5.55855972177189
"ENSG00000121486",0.153437654049571,5.07418595905909,0.962248744566282,0.339496293379315,0.585123633764791,-5.55910214394029
"ENSG00000135999",-0.15559863643545,6.07794558991998,-1.14888068566051,0.254821874817551,0.503178533528822,-5.55922573288583
"ENSG00000166295",-0.133772853850217,6.23908926667398,-1.17608349598748,0.243857616767956,0.493669163851066,-5.55945988799343
"ENSG00000133703",-0.126464316606062,6.32148706381498,-1.17108581153129,0.245846129280497,0.495786662666702,-5.55987081942868
"ENSG00000063854",-0.216142860219745,6.06571821256047,-1.14472077938107,0.256529010038441,0.504642513501854,-5.56000448635184
"ENSG00000138398",-0.13660614763917,7.14202421020773,-1.27163674422709,0.208040454295986,0.454452443867094,-5.56087137784899
"ENSG00000140740",-0.136485227893987,6.0983407237522,-1.14391634964158,0.256860066042577,0.504642513501854,-5.56141860954241
"ENSG00000145782",-0.135750435126746,5.60696066820007,-1.05084099283381,0.297228848514746,0.545403424287079,-5.5618052045628
"ENSG00000123737",0.14282192287225,4.92629553619226,0.927509186102781,0.357098862026738,0.601755211977008,-5.56202931777355
"ENSG00000162613",-0.129240430047602,6.98557142964085,-1.25486672880146,0.214027273068499,0.459968672062006,-5.56282377376158
"ENSG00000120733",-0.104707617377235,7.44656029251666,-1.29111962374143,0.201242246101996,0.449011642043787,-5.56365511764328
"ENSG00000110435",0.151067444569217,5.60264568346273,1.0435336537425,0.300572750670456,0.548766871867508,-5.56449738285546
"ENSG00000095951",0.141263172310408,5.49330456099378,1.0321054937285,0.30585363245086,0.553768889861179,-5.56492734101663
"ENSG00000115207",-0.140005497051,5.17563860392792,-0.98474275450908,0.328407486659528,0.574186132002923,-5.56503209004912
"ENSG00000151304",-0.158311083330196,5.013821321148,-0.938811615542861,0.351308408358886,0.595868060005981,-5.56521942775145
"ENSG00000164941",0.122392073226549,5.99817933288259,1.10869529830663,0.271653363351608,0.520931898465173,-5.56579269325999
"ENSG00000122557",0.148158469236063,6.09829402692565,1.11446063267178,0.269191803955292,0.51803495158899,-5.56612454056171
"ENSG00000204136",-0.282892488995251,6.25795143718902,-1.13681635507126,0.25979516926332,0.508757757780937,-5.5662597552054
"ENSG00000076650",0.149644149128251,5.75341851692504,1.07204405669493,0.287670609039624,0.536171562794346,-5.56662580422315
"ENSG00000147649",0.168065370330019,6.46994211577851,1.16623560221496,0.247787061192655,0.497583453511825,-5.5680725439668
"ENSG00000165637",0.134516378371359,5.17631645259717,0.964172730327782,0.338538328807609,0.584068517396978,-5.56867311517019
"ENSG00000170142",0.123049945161103,5.73298645565048,1.06784574368736,0.289546146943676,0.538010712329177,-5.56869001594038
"ENSG00000101654",-0.148802194105248,4.84579016078724,-0.918537852619078,0.361738587478753,0.60508192342163,-5.56881647754045
"ENSG00000055130",0.15067072712732,6.44183828742536,1.18003849025709,0.242292190474652,0.491989509394672,-5.56891843483202
"ENSG00000108443",0.129396319779731,5.84087615336095,1.07706853087302,0.285437041202851,0.533541521304925,-5.56949121184491
"ENSG00000110777",-0.206569768412551,5.39085407275529,-1.03655325676403,0.303790912542436,0.551758496402889,-5.56974237189171
"ENSG00000157045",0.14411142002755,5.80936166807849,1.0691633231801,0.288956631478714,0.53728181853107,-5.56976766894213
"ENSG00000187764",0.349344620896746,9.31731385437086,1.3556570571766,0.179907194911346,0.42698879145758,-5.56978541457295
"ENSG00000161021",-0.128728335350963,6.00825055751979,-1.12210351991115,0.265952817319824,0.514528035780682,-5.56984361028426
"ENSG00000169714",-0.11908872552184,9.0662867786221,-1.35614309018797,0.179753308784163,0.426894518856198,-5.56998660140467
"ENSG00000077044",0.173439896013906,7.89875154040963,1.30611369564465,0.196124274064723,0.444461333238191,-5.57097660806615
"ENSG00000111845",-0.146125994913601,5.0487109323952,-0.930309080260385,0.355658720838418,0.600574056449058,-5.57143439022747
"ENSG00000122034",-0.142328023772938,6.81781392247481,-1.22964652776035,0.223268708321039,0.47036655952553,-5.57168769946735
"ENSG00000204130",0.148139825798839,5.38136147658828,0.98396136380207,0.328788612149389,0.574382710526688,-5.57197403343111
"ENSG00000141959",-0.158947727346135,6.63813006356951,-1.20355605685691,0.233132984487357,0.48240304075786,-5.5727685501208
"ENSG00000031698",-0.132635254663565,6.88489681438196,-1.24209478231434,0.218671406277731,0.466150500282675,-5.57343905599175
"ENSG00000134516",-0.131464007639726,8.66402112838418,-1.34657184399109,0.182802191806562,0.429742077581504,-5.57376078564691
"ENSG00000146872",0.129612059623212,6.37847001062705,1.15612244320857,0.251869332944371,0.501017388953509,-5.57378561643249
"ENSG00000058272",0.124885795395246,8.1451259256166,1.32125335457969,0.191056252042598,0.439521362853539,-5.57381635069446
"ENSG00000163322",-0.168827940045451,5.27741493052364,-0.976357488225047,0.332512736968993,0.578663780331488,-5.57382669535171
"ENSG00000113643",0.162681145760476,6.15660677199194,1.12071473437617,0.266539322188626,0.514747370988357,-5.57387378906051
"ENSG00000081154",0.166871616428141,8.05918939748156,1.31384515067096,0.193523702592349,0.441895258924216,-5.57442374653928
"ENSG00000228474",0.337414728085372,10.3092558238409,1.34729417236711,0.18257073706011,0.429652430023101,-5.57443698393323
"ENSG00000109919",0.145025645872153,5.42689614003085,1.00167124978417,0.320222567268336,0.566825800627143,-5.57500990361542
"ENSG00000011304",-0.11689152694072,7.51965513194757,-1.28557366505633,0.203160311021429,0.449011642043787,-5.57590227650792
"ENSG00000160293",-0.180380757636849,5.32122120074571,-1.0052160849086,0.318526068663134,0.564518549797252,-5.5766480272046
"ENSG00000092847",-0.13008847951766,7.28104389190497,-1.2619312798324,0.211489935581945,0.457221098829539,-5.5769591500383
"ENSG00000162614",0.359165042220732,7.70608374602077,1.28502223730466,0.203351763906025,0.449011642043787,-5.57906907833277
"ENSG00000184897",-0.155218715118909,5.97181884989694,-1.11018949412915,0.271013894322558,0.520579212311897,-5.57930984122262
"ENSG00000278540",-0.159278876507461,4.99016106481147,-0.90990429799541,0.366239960572077,0.608860526727795,-5.579425676629
"ENSG00000113318",-0.139249256580024,5.12834900851921,-0.944764090758622,0.348283449207242,0.593323399399955,-5.57953659713039
"ENSG00000171311",0.156983241062595,6.08171393588755,1.10898195579863,0.271530601026994,0.520879829012346,-5.57973145212154
"ENSG00000196914",0.193559976657085,9.92487790567912,1.34831531904473,0.182243911747746,0.429454266220777,-5.58046221378463
"ENSG00000105122",-0.16278704661221,6.03089005244842,-1.13088332745168,0.262266014238084,0.510240562449752,-5.5806966110192
"ENSG00000163737",0.37555562358366,11.8809222684075,1.29960717286264,0.198333054347361,0.446445579602419,-5.58109796829705
"ENSG00000159459",0.138919736710756,6.30856658869675,1.13902032027549,0.25888152850435,0.507698548341145,-5.58148670994964
"ENSG00000178685",0.171054744518626,5.55408666634004,1.03485307721413,0.304578278296413,0.552460410344971,-5.58239075203086
"ENSG00000020633",-0.179053861029344,7.39571229921613,-1.28412253546568,0.203664424279871,0.449011642043787,-5.58261046696761
"ENSG00000188177",-0.222541560052859,8.09244711930163,-1.31322409290637,0.193731641286976,0.442165890964159,-5.58321200289971
"ENSG00000133835",-0.160579751002873,6.29878770155099,-1.15070396963095,0.254076192447065,0.502519789208772,-5.58344403904941
"ENSG00000144747",-0.113952002869836,6.89805319465725,-1.22287417226896,0.225799354463609,0.474371442551079,-5.58379270462119
"ENSG00000204120",-0.120309296766308,7.56555963526212,-1.2855546646196,0.203166905640532,0.449011642043787,-5.58384265568558
"ENSG00000121210",0.14431087181068,5.38244965446292,0.99209439354852,0.324836064407516,0.571991963357506,-5.58401752062102
"ENSG00000165702",0.314570971066125,7.84317175781802,1.28559054343888,0.203154453052804,0.449011642043787,-5.58473724406395
"ENSG00000055044",-0.129406771417742,5.753328875669,-1.05144917655963,0.296951689899499,0.545078438872126,-5.5857266683868
"ENSG00000135766",0.190126001327433,6.01418353150256,1.10718796626042,0.272299524797374,0.5211408023313,-5.58588809121239
"ENSG00000062716",0.161445051120799,6.52606220956356,1.1597515230236,0.250398934120332,0.500246935492324,-5.58590803399147
"ENSG00000158109",-0.136438145842905,5.61586543928028,-1.03553267448043,0.304263385610296,0.552174192140204,-5.58593613632105
"ENSG00000164970",-0.187675589960184,5.16559203974984,-0.967938461232604,0.336668491581451,0.582646106142232,-5.58661655411193
"ENSG00000107341",0.131465217381177,7.44950879882381,1.26304735648772,0.211091123849031,0.457216506313316,-5.5882847345981
"ENSG00000140332",-0.137535698394021,7.33146319123433,-1.26382136721954,0.210814870747658,0.457213143245717,-5.58885322617598
"ENSG00000163754",0.174759012680404,5.56943553689651,1.0188146184307,0.312073996847209,0.559453482995589,-5.58931747765768
"ENSG00000104856",-0.14727085780387,5.41140133982036,-1.00235703170294,0.319893892801669,0.566758350563737,-5.58936960558297
"ENSG00000129250",-0.221347804035577,8.46195201794599,-1.32788115482482,0.188868876255338,0.436924686980502,-5.58988931621386
"ENSG00000073910",-0.173521723797959,5.77988747541948,-1.05024803158859,0.297499240336297,0.545715778233046,-5.58991294018692
"ENSG00000086475",-0.173348510784112,4.91308315018611,-0.904046558087096,0.369314346696818,0.611186075578452,-5.59019119447057
"ENSG00000121964",0.240191495642792,7.03821540642708,1.21285037684137,0.229583330543771,0.4786760301989,-5.59114211304614
"ENSG00000067064",0.147856217674762,5.64334596820363,1.03475463071685,0.304623912018409,0.552460410344971,-5.5921413262125
"ENSG00000162734",-0.125359016512176,7.76608372534733,-1.28860254131134,0.202111095247448,0.449011642043787,-5.59215078924215
"ENSG00000146376",0.304881371810619,7.85132008007411,1.28267764386951,0.204167295579149,0.449052654951637,-5.59223164298587
"ENSG00000132376",0.132479405089608,5.19364189957614,0.939190443031124,0.351115387777374,0.59584562174222,-5.59327751063792
"ENSG00000204371",-0.177095370337026,6.33869697983278,-1.15540553974974,0.252160528929101,0.501376117374359,-5.59352877554754
"ENSG00000011566",0.176701416770101,5.16757269565037,0.916655382024866,0.362717035485529,0.606128435469788,-5.59432864992254
"ENSG00000122218",0.119214525739031,7.57081789542627,1.26768832836919,0.209438716198194,0.455592287973509,-5.59439895207309
"ENSG00000112511",-0.148460617149722,5.0607417158881,-0.926010285784304,0.357871372114109,0.601939868872388,-5.59472363865784
"ENSG00000133884",-0.13235462179059,5.81234568540733,-1.07698054081963,0.285476052607169,0.533541521304925,-5.59493425999877
"ENSG00000175040",-0.190965785358168,5.19986545738858,-0.964124185762257,0.338562477595385,0.584068517396978,-5.5956097194911
"ENSG00000141564",-0.161692712470487,5.25022338918957,-0.959726953965284,0.340754599942433,0.58617968439734,-5.59577331946183
"ENSG00000203666",0.198232228966449,5.01090661137984,0.856399772604476,0.394927779825926,0.631479481928066,-5.59749486332224
"ENSG00000154237",0.154338637252276,5.90335420264533,1.07554604942599,0.286112571121875,0.53436451404593,-5.59795918776665
"ENSG00000213079",0.134107502098066,6.69489914479565,1.18106606931654,0.241886650687799,0.491532440487552,-5.59831408543373
"ENSG00000117118",0.156970363905291,6.17039857121754,1.1190736634592,0.267233543982164,0.515541199580323,-5.5986988378864
"ENSG00000146535",0.152939241250754,6.05205001536342,1.08723622913223,0.280953895868651,0.53018248170849,-5.59904443333533
"ENSG00000211896",0.365201926079091,6.46808900620522,1.15807798241663,0.251076240922374,0.501017388953509,-5.59914737349323
"ENSG00000119616",-0.119643069266114,4.92902709517303,-0.891344351116777,0.376037206050249,0.616135548439626,-5.59938873999399
"ENSG00000147548",-0.116953512229774,7.56324370522213,-1.26901379963323,0.208968549415703,0.455340868170929,-5.59956573710184
"ENSG00000159314",0.143725883358919,6.40269430713585,1.1568025843846,0.25159329115566,0.501017388953509,-5.59980296921295
"ENSG00000165934",0.122135825041642,6.61264229269916,1.17000856968384,0.246276269399862,0.49600325560684,-5.60010485433456
"ENSG00000068831",0.165059236814485,7.23884012609203,1.23206987840378,0.222368230229452,0.46992324216061,-5.60029141499561
"ENSG00000076928",-0.131431257788866,7.83396926919186,-1.29437470215472,0.200122792374494,0.448301386865231,-5.60044086861356
"ENSG00000108960",0.363224439013959,8.08173298244563,1.29051069442706,0.201452180902521,0.449011642043787,-5.60048444259303
"ENSG00000204103",0.173689889258936,7.12343460109762,1.23404737511801,0.221635398064904,0.468920251905864,-5.60105641116092
"ENSG00000100697",0.119325004136885,7.61924812077562,1.26883418534969,0.209032215729716,0.455340868170929,-5.60112238581151
"ENSG00000014123",-0.156189177726164,5.39220438060611,-0.995537239465692,0.323172457122256,0.569787555469919,-5.60113136941006
"ENSG00000182004",-0.151614223560652,5.14277739883981,-0.955488891418238,0.342876156595451,0.587573643826477,-5.6011495683591
"ENSG00000187109",0.225172484778613,11.6465358673238,1.2911973679143,0.201215454737839,0.449011642043787,-5.60116130844681
"ENSG00000163812",0.133454725907179,5.69951589144646,1.01762694075391,0.312633974978462,0.559702613662318,-5.6015576722279
"ENSG00000167088",-0.162123161896762,6.18566315372575,-1.12074772553913,0.266525378976903,0.514747370988357,-5.60249784630024
"ENSG00000148484",0.31418907464977,9.97464480445212,1.32955454691959,0.188319604828736,0.436279349617873,-5.603994524715
"ENSG00000137642",-0.240486765775414,6.99616101678948,-1.22209071552586,0.226093457844591,0.474371442551079,-5.60414792431924
"ENSG00000179583",-0.189461912585941,6.34830838368379,-1.15181159941463,0.253623956049566,0.502086959505099,-5.60425328465295
"ENSG00000151693",0.265460255402104,7.56060414128443,1.24931072543948,0.216038523635802,0.462466749221158,-5.60516593863465
"ENSG00000043093",-0.218390642016806,6.96936903866809,-1.20726476695128,0.231711820138732,0.48072845913497,-5.60546220589359
"ENSG00000198700",-0.124646646999352,5.74137010406826,-1.03983219047252,0.302276324527968,0.550496205775323,-5.60577684937511
"ENSG00000129933",-0.133786534719043,5.48311001542258,-0.996540621156933,0.322688687426585,0.569118798672721,-5.60594575072775
"ENSG00000151500",-0.179954588751165,4.75039040487718,-0.853614415572955,0.396458375262862,0.63284653631177,-5.60598076907715
"ENSG00000155903",-0.116600957361511,6.1135081105665,-1.10395679417267,0.273688284680674,0.52216124064654,-5.6060507806442
"ENSG00000116171",0.13795681007034,6.66529497542089,1.16284768023392,0.249149317039733,0.498848026178782,-5.60746430320074
"ENSG00000070182",0.331636225787338,7.92732222739897,1.27648369210701,0.206333477866363,0.452538159185164,-5.60794277181641
"ENSG00000137996",-0.124110446171264,5.73869194789253,-1.03909162801296,0.302617951095442,0.550655510209742,-5.60799943989354
"ENSG00000163159",-0.15293726998259,5.04619370913785,-0.923817762897572,0.359003301366684,0.603284184181177,-5.60806689818497
"ENSG00000169062",-0.142331220424244,6.01677779501756,-1.07758710174305,0.285207201745701,0.533541521304925,-5.60833611149319
"ENSG00000146540",-0.173516568295031,5.67127389753117,-1.02352827511951,0.309858227554097,0.557683390721744,-5.60836243985369
"ENSG00000163811",-0.144090997259233,5.74306086809276,-1.04388818824744,0.300409922754972,0.548766871867508,-5.60855159367117
"ENSG00000132507",0.112210141500125,7.5028833737281,1.26114485715948,0.211771285401066,0.457466281865586,-5.60865611382019
"ENSG00000168256",-0.152099643208024,5.84187720849841,-1.03563737431077,0.304214892416837,0.552174192140204,-5.60921355668207
"ENSG00000078304",-0.125432444024494,7.83979163553376,-1.28422337440452,0.203629363375187,0.449011642043787,-5.60965860543473
"ENSG00000105835",0.251500901412458,8.72863457337803,1.31674790071245,0.192554045271265,0.441141479662679,-5.60988111417881
"ENSG00000143190",-0.12939017276224,6.00050173634172,-1.07859270927351,0.284761864344186,0.533541521304925,-5.60999659407296
"ENSG00000005844",-0.164710202793197,7.45052101269178,-1.26323405429302,0.211024464809172,0.457216506313316,-5.6101619126396
"ENSG00000023287",-0.13512260659135,6.68694661252912,-1.17566036777832,0.244025524642239,0.493669163851066,-5.61039123636266
"ENSG00000123104",0.175053348942348,7.24786126027694,1.21969879856605,0.226993094774029,0.475637838588043,-5.61092890882224
"ENSG00000168286",-0.163049246207551,5.15743626979553,-0.907444524780108,0.367528957354384,0.609685896951149,-5.61145016605545
"ENSG00000165671",0.123651685911177,7.65386764745924,1.2623559819826,0.211338109574884,0.457216506313316,-5.61169174519557
"ENSG00000005339",-0.111632074577059,8.64557540535439,-1.31528302836029,0.193042925028505,0.441518831047564,-5.61216492697554
"ENSG00000175756",0.141147874111049,6.04966935893397,1.08920483074948,0.280091581806135,0.529472219875025,-5.61438458508303
"ENSG00000166710",0.276926216733186,12.9569150854923,1.23115297332361,0.22270862398836,0.469981778318319,-5.6155173974977
"ENSG00000171132",-0.154433768447181,5.00033619213544,-0.892527014879418,0.375408016167601,0.615474833608514,-5.61604000202283
"ENSG00000124541",-0.138009951747952,5.32995764435009,-0.964190172012291,0.338529652612437,0.584068517396978,-5.61604921816199
"ENSG00000159131",-0.137526596298563,5.27170205115653,-0.953959423645575,0.343643918718339,0.588178469738457,-5.61616551960748
"ENSG00000155926",0.133247586843989,7.70825142041503,1.26756603035469,0.209482136816013,0.455592287973509,-5.61687230349234
"ENSG00000100941",-0.135902504500828,7.77173785769806,-1.26793286059487,0.209351917615522,0.455592287973509,-5.61696197280756
"ENSG00000069424",-0.134114511949484,7.20288910352877,-1.23150170762811,0.222579114190322,0.469981778318319,-5.61744764499941
"ENSG00000204590",-0.135143541402897,6.03857928950556,-1.07828227030294,0.28489929212004,0.533541521304925,-5.61749743929795
"ENSG00000163125",-0.152964590837048,6.62624031329859,-1.16910151857234,0.246638871104293,0.496192234038475,-5.61878747206697
"ENSG00000120802",-0.111528245131989,7.33759033879175,-1.24192960465127,0.218731949620396,0.466150500282675,-5.61915321818179
"ENSG00000090487",-0.116073898964844,5.33816665332261,-0.952784498221642,0.344234470093698,0.588668386185509,-5.62103424491425
"ENSG00000160007",-0.123576615894502,6.41042880248219,-1.13197482170569,0.261810212402998,0.510136637042751,-5.62105876963973
"ENSG00000132819",-0.253395610247063,8.11019034572608,-1.28670946106379,0.202766391765755,0.449011642043787,-5.62156769183306
"ENSG00000115232",-0.166494780378578,6.75553209624822,-1.18228914333668,0.241404595046832,0.490735908139978,-5.62165794537519
"ENSG00000183255",0.212686498205776,7.21093722288801,1.20211235963793,0.233687911044644,0.482557830242731,-5.62168571128743
"ENSG00000125386",-0.101381373063672,6.8538973658164,-1.17841175662602,0.242935190097451,0.492671362891781,-5.6220379588705
"ENSG00000154642",-0.132113697140694,5.32276432125119,-0.954123245031262,0.343561629989812,0.588178469738457,-5.62204146043594
"ENSG00000111424",0.206523124735303,5.43612201183758,0.928491277958777,0.356593290229967,0.601275222894726,-5.62214954969345
"ENSG00000185104",0.148368584899982,6.24805230802877,1.0877738536025,0.280718215319821,0.530104969519023,-5.62297849084797
"ENSG00000128989",-0.109480205810515,7.65535685280162,-1.25185606227398,0.215115400182807,0.461454543372607,-5.62358756477197
"ENSG00000117448",0.142504992056638,5.67689002570492,1.01762186703733,0.31263636863688,0.559702613662318,-5.62373594404925
"ENSG00000163902",0.14100558361954,5.77887962287826,1.01689708264812,0.312978431532522,0.559702613662318,-5.62386050801619
"ENSG00000120279",-0.159900686262046,4.85682784102693,-0.819817555164985,0.415320848570928,0.647696100536729,-5.62388751905749
"ENSG00000134697",-0.14223395431989,6.00768798468843,-1.07845862313823,0.284821217109555,0.533541521304925,-5.62452402764603
"ENSG00000095261",-0.15004626071605,4.93067927866397,-0.861044354339319,0.392383657211032,0.630234486029123,-5.62466790677884
"ENSG00000120800",-0.172684124795439,5.1827529443162,-0.920920239309072,0.360502728245902,0.60415959129441,-5.62570486207208
"ENSG00000101361",-0.130459250932401,5.7199527076841,-1.03390706722331,0.305016982259647,0.552621389873814,-5.62691328197282
"ENSG00000197961",-0.130764792243107,5.63471110242308,-1.00991245607925,0.316287755821292,0.563157488867611,-5.62713151828777
"ENSG00000010803",-0.167556741796821,5.75854676315764,-1.01696231568349,0.312947634397608,0.559702613662318,-5.6273936325771
"ENSG00000114850",-0.117191233480779,5.94897860686616,-1.05229245569873,0.29656768739146,0.544924371301408,-5.62739913413106
"ENSG00000128524",0.12314178418596,6.21171560855658,1.0898355334582,0.279815702295426,0.529318036842182,-5.62787794028371
"ENSG00000168298",-0.198316242577725,8.42333816912462,-1.29656740483682,0.199371326973706,0.447505455254181,-5.62812844300324
"ENSG00000095319",-0.163273360307181,5.33731811867633,-0.961924993498725,0.339657665753478,0.585216623347548,-5.62821303455425
"ENSG00000110693",-0.225962431069599,4.76968677244684,-0.841470692285795,0.403174240911935,0.64000386494412,-5.62968146165897
"ENSG00000133243",0.143247637455246,6.38363360701094,1.10385502810622,0.273732104127481,0.52216124064654,-5.62975320295548
"ENSG00000069869",0.163374597941933,5.40021612265439,0.913793400212471,0.364207847340386,0.606763332237777,-5.63003155730379
"ENSG00000078269",-0.170577896251417,4.81111507962896,-0.826200620323891,0.411717381725528,0.64529237504047,-5.63020524540894
"ENSG00000166337",0.136397499486086,5.88660923983334,1.01966123356952,0.31167523945612,0.55892254922875,-5.63027135127273
"ENSG00000165629",0.139538069103617,6.57595210811306,1.13418107898013,0.260890602917836,0.509620654247533,-5.63067157658689
"ENSG00000083544",0.160645376159246,5.75486129239137,0.99128605735677,0.325227483396414,0.57211156893159,-5.63113433833754
"ENSG00000119138",0.150012687705315,5.3971035423815,0.938554656768252,0.351439373416188,0.595904670517084,-5.63230952001639
"ENSG00000166801",0.152527922344086,5.59971486618881,0.992080644870385,0.32484271927829,0.571991963357506,-5.63274109254556
"ENSG00000169499",-0.146432629699371,8.16341129666984,-1.28203914735832,0.204389808296499,0.449179377006586,-5.63306142806148
"ENSG00000197771",0.148677829537695,5.62326335788331,0.996541323989579,0.32268834873285,0.569118798672721,-5.63322557149681
"ENSG00000100023",-0.131422892962559,5.34954508207792,-0.948209424514351,0.346540344937708,0.59127835866603,-5.63451821615617
"ENSG00000198873",0.195729480995704,7.28306216558408,1.20040888769342,0.234343920880359,0.482745313092969,-5.6346603922359
"ENSG00000162599",-0.180611432544626,5.95665443806847,-1.06179126867927,0.292265708812111,0.541402101872962,-5.6346955404375
"ENSG00000157557",-0.129189736356482,6.34544941752441,-1.10766204349725,0.272096181960335,0.5211408023313,-5.63538619694782
"ENSG00000164307",-0.158614535889177,4.86917693617004,-0.82870077935526,0.410311141584283,0.644865007895469,-5.63673424141297
"ENSG00000160712",-0.137760428886288,4.86793989384763,-0.821852820901703,0.414169803315298,0.647313094476152,-5.63825050810531
"ENSG00000204469",-0.110718626993849,8.39782938815762,-1.28663503098328,0.202792188324877,0.449011642043787,-5.63882290754078
"ENSG00000093167",0.16771287567915,8.1106772088308,1.26269806137002,0.211215878872513,0.457216506313316,-5.63902714666817
"ENSG00000162419",-0.140861809853078,5.27701907967469,-0.93950525147345,0.350955038579206,0.595825194820666,-5.63912790103583
"ENSG00000108349",-0.116037784910162,8.11518985896215,-1.2735015852263,0.207382466878454,0.453378683609076,-5.63922285130626
"ENSG00000143870",0.148348754593328,5.75347330889859,0.990026369348363,0.325838085199967,0.572144100294759,-5.64061269752139
"ENSG00000069248",0.129385489520264,5.29686087450134,0.904772884171852,0.368932251121794,0.610739259833344,-5.64209513886324
"ENSG00000198408",-0.0904189363959533,7.89712858347169,-1.25413101401557,0.214292802253675,0.460357723453478,-5.64243047476877
"ENSG00000149428",-0.172256132331047,4.70663839306317,-0.796104148365203,0.428873954436521,0.657713420020958,-5.64320723569071
"ENSG00000057657",0.174352754660545,5.80847894464463,1.02526314659238,0.309045392004683,0.556956432564179,-5.64328648529489
"ENSG00000164405",0.13984135418634,6.47416154519652,1.12469584932833,0.264860471487653,0.512911512788541,-5.64341531022727
"ENSG00000244509",0.131865928246511,7.10689258331897,1.19509078957323,0.236400515664716,0.484175579650359,-5.64403853099857
"ENSG00000103274",0.143956549664382,5.07991260032177,0.874114383929008,0.385279145313883,0.624213970612002,-5.64404889802431
"ENSG00000142798",0.209590427094274,4.73872152056025,0.800986441685353,0.426062220052991,0.655181678968217,-5.64445051908895
"ENSG00000143751",0.156457174109611,5.62668250795978,0.973752789801868,0.33379481737463,0.580064762354865,-5.64468604507781
"ENSG00000162129",-0.147588620450571,4.86646948260537,-0.824474821169549,0.412689779903978,0.646337928658576,-5.64492558837739
"ENSG00000132382",-0.149731834809607,5.32168781229103,-0.939553809722916,0.350930309429352,0.595825194820666,-5.64511195620274
"ENSG00000123066",-0.106225891193516,8.56425072255685,-1.28488102006429,0.203400815419286,0.449011642043787,-5.64574617714446
"ENSG00000134759",-0.12763491605573,5.12435015531894,-0.887978107537749,0.377831727387493,0.617303292475659,-5.64579803073802
"ENSG00000145833",-0.151165510464846,7.073860676906,-1.19557161394138,0.236214037801393,0.484158795313013,-5.64587923535346
"ENSG00000178974",0.159972458948732,4.83220099459875,0.796228081028133,0.428802444760379,0.657713420020958,-5.64714318662912
"ENSG00000107554",-0.141276155711489,5.35873076558584,-0.917738594551454,0.362153809303423,0.605590531947529,-5.64741337304758
"ENSG00000135297",-0.137696959521097,4.9349369999247,-0.829855012896498,0.409662917614036,0.644668854754843,-5.64808541154064
"ENSG00000092841",0.127305290371925,9.77760707644493,1.29612999775793,0.19952106292445,0.447505455254181,-5.64815501408032
"ENSG00000026025",-0.154985063010427,10.3033159949811,-1.28385818626239,0.203756357758216,0.449011642043787,-5.64834757913227
"ENSG00000160216",0.132754099130679,6.01222303911548,1.0242003877908,0.309543152781401,0.557484659951429,-5.64904997465352
"ENSG00000140280",-0.150795740955261,5.17287557739142,-0.907347043378423,0.367580100110098,0.609685896951149,-5.65003829225544
"ENSG00000136044",-0.129902084065576,5.03225965627968,-0.828305026382212,0.410533542158126,0.644921204635949,-5.65016410262921
"ENSG00000135597",-0.120408950400363,6.11871387959747,-1.05607227927121,0.294850653432303,0.543418930953716,-5.65145207345713
"ENSG00000283907",-0.322240892002394,5.47238904422588,-0.955320843301969,0.342960458479774,0.587573643826477,-5.65261417196903
"ENSG00000086061",0.148096436436971,7.89400478435853,1.25274485140216,0.214793746943406,0.461070265306412,-5.65288799803746
"ENSG00000198087",0.131012688969306,7.1666994041098,1.18299120934767,0.241128199435376,0.490357010273957,-5.65305212528014
"ENSG00000123106",-0.159897803763344,6.88695563507274,-1.15018687876885,0.254287513020192,0.502519789208772,-5.6531163665752
"ENSG00000131236",0.0946402448239851,10.0381097622491,1.28865582385209,0.202092674184747,0.449011642043787,-5.65372269139708
"ENSG00000117859",-0.133718251150106,6.00763483753017,-1.02905322002963,0.307274657911864,0.555482207694495,-5.6546784308441
"ENSG00000173889",-0.127180333887321,8.82485892088866,-1.28231274700532,0.204294438148614,0.44915096813303,-5.65505729362646
"ENSG00000146834",-0.152143624729925,6.21578774823213,-1.0565413473545,0.294638049510542,0.543334040904849,-5.65509801260703
"ENSG00000223609",-0.331643132664255,5.27427445580277,-0.888998309151375,0.37728729556703,0.6172616878767,-5.65536252634902
"ENSG00000152689",-0.132890763385281,5.48913305599665,-0.929721343589565,0.355960715215321,0.600580358158274,-5.65566673316132
"ENSG00000105821",-0.156067811575094,6.31608735901647,-1.07377853035301,0.286898210441137,0.534973274966537,-5.65609343070339
"ENSG00000196705",0.179840123595098,4.87908678423041,0.772381922949314,0.442691979489156,0.669568546434458,-5.65635047830037
"ENSG00000196843",-0.138313189108387,5.65523316585155,-0.968941347839768,0.336171666168406,0.582218236334388,-5.65674696610186
"ENSG00000107738",-0.165699857114938,6.10158741910659,-1.03668495734539,0.303729978820289,0.551758496402889,-5.65677275148645
"ENSG00000218739",-0.14752477947262,4.93621988869698,-0.80365732117616,0.424528716478807,0.653527111437282,-5.65705067690475
"ENSG00000060491",0.142177150848523,6.86023326891501,1.16016148794979,0.250233214460366,0.500246935492324,-5.65715051140554
"ENSG00000157500",-0.122651422227339,7.3362737561831,-1.20008792149215,0.234467674805256,0.482745313092969,-5.6572377776732
"ENSG00000125971",0.230503027934803,6.77337488287918,1.11807654833914,0.267655974143873,0.516173361817989,-5.65732525985823
"ENSG00000170345",0.270413990927023,5.92573126652367,1.01146101269954,0.315552027654135,0.562173788966555,-5.65797420865545
"ENSG00000164022",-0.139393887516851,5.58345887431629,-0.966412979412896,0.337425134324301,0.583120385708107,-5.65992941927811
"ENSG00000124214",0.108734753024744,7.15465054286178,1.17666741574803,0.243626039165927,0.493410654786607,-5.66023815990949
"ENSG00000196116",0.136425272767418,4.92812548839341,0.799784753659555,0.426753254693927,0.656024754958384,-5.66073578835229
"ENSG00000101347",0.211172334399055,9.60910220876192,1.28530712073247,0.203252837065621,0.449011642043787,-5.66106755295098
"ENSG00000102606",-0.159742630605007,5.94981091653684,-1.02777717631204,0.307870060411382,0.55575748479828,-5.66125821566628
"ENSG00000171634",-0.10723339924864,9.12500653973373,-1.28367817709028,0.203818977748584,0.449011642043787,-5.66169511324729
"ENSG00000237550",-0.356409906540511,4.51878969013223,-0.68646944942947,0.494862533770291,0.707284490735035,-5.66196007635285
"ENSG00000114626",0.183348937114992,6.87835699916739,1.13464891274395,0.260695895127968,0.509581964136996,-5.66266494835223
"ENSG00000139154",-0.138014812405522,6.37047945743612,-1.08014594884019,0.284074952196985,0.532934001229054,-5.6627219519651
"ENSG00000127831",0.218806754747127,4.55276496258957,0.660344318622777,0.511369917598772,0.71827327187189,-5.66272511555327
"ENSG00000158411",-0.211029658641509,6.99582447360209,-1.152075175444,0.253516424578495,0.502086959505099,-5.66300289340272
"ENSG00000124207",-0.124459534577633,5.47366376279136,-0.903093943958401,0.369815866256059,0.611251004481914,-5.66306383921442
"ENSG00000100347",-0.164976381134322,4.69645474731412,-0.775858103964978,0.44065098102815,0.667222497121001,-5.66310727642171
"ENSG00000163430",-0.253437715258686,5.56625157097534,-0.900265773982507,0.371307353268617,0.612252560716534,-5.66323384882944
"ENSG00000160584",-0.109216726682066,6.87986796098044,-1.1543384694157,0.252594402351535,0.501444561870267,-5.66326631235029
"ENSG00000135363",0.115987415937457,6.50365948810073,1.09783984231914,0.276330902612017,0.525462742558557,-5.66450088530071
"ENSG00000211592",0.255967434034377,6.65310596509387,1.12876389475355,0.263152678637007,0.510831760538988,-5.66458730112998
"ENSG00000088053",0.244198849790143,5.04301674954026,0.782692908130477,0.436654142742685,0.662930040545082,-5.66503299487846
"ENSG00000166669",-0.184542056195614,5.88680685141879,-0.983647791469968,0.328941640389733,0.574382710526688,-5.66521230616861
"ENSG00000164332",-0.117142002112426,5.23780706687548,-0.893494787051351,0.374893646286374,0.615400435636866,-5.66524655852603
"ENSG00000115993",-0.341554517383287,10.5999453427011,-1.26217195385603,0.211403887555661,0.457216506313316,-5.66617818596588
"ENSG00000112992",0.172518213787691,5.77234422786282,0.957645222868435,0.341795628664756,0.587228818973696,-5.66622376787659
"ENSG00000182578",0.224146477975066,5.64443034956566,0.966409580902982,0.337426821241103,0.583120385708107,-5.66644326515828
"ENSG00000023445",-0.168895609550158,6.6384706785355,-1.13610344234755,0.260091191385887,0.508952876695807,-5.66715452346893
"ENSG00000163590",0.23520811174884,5.2246909941946,0.808603459644469,0.421697589830666,0.651134327667495,-5.66776166156593
"ENSG00000123329",-0.143864450923443,7.00506131680593,-1.16436221476088,0.248539674305439,0.498150648723669,-5.6679731352533
"ENSG00000103018",-0.139729154989645,4.9547236096866,-0.838518383670036,0.404817441584497,0.642051068923534,-5.66820356864721
"ENSG00000199568",-0.484438185605987,5.84165124271458,-1.02213460637367,0.310512245754773,0.557754934016487,-5.66837451832982
"ENSG00000153310",0.107907363169957,7.49133478287535,1.20744097970816,0.23164445302767,0.48072845913497,-5.66857165528314
"ENSG00000143776",0.16238689673641,6.23257300533633,1.02969281583467,0.306976515960369,0.555289370119407,-5.66885596709078
"ENSG00000023909",0.169187366841695,5.36502761949437,0.857755217973154,0.394184266543823,0.631250994747427,-5.66920081996327
"ENSG00000112234",0.163979278901177,5.1726267626547,0.826226358225644,0.411702890288985,0.64529237504047,-5.66956892174276
"ENSG00000114316",-0.128732932965898,7.47418342148577,-1.19789686550397,0.235313738833229,0.483194903104005,-5.66968373609595
"ENSG00000168807",-0.119939793922832,5.0527152335902,-0.836778893551798,0.405787525503352,0.642654197366937,-5.67044573897175
"ENSG00000130479",0.126748558235635,5.2226334803218,0.881456456691455,0.381323706249386,0.621122495234868,-5.67092154037771
"ENSG00000163444",0.125094163331415,4.95856380768153,0.792451528218165,0.43098471635629,0.659165949174408,-5.67144422015492
"ENSG00000108953",0.177380324003973,9.19267244847135,1.2743627593832,0.207079133586659,0.453176229714036,-5.67161702120416
"ENSG00000072274",-0.241271600794478,6.09131421281324,-1.0222188005371,0.310472708837479,0.557754934016487,-5.67215102756551
"ENSG00000239900",-0.171743445949526,4.92808651649624,-0.751978440288087,0.454782632707165,0.67683407161316,-5.67256940624301
"ENSG00000100348",-0.122739708907059,5.21277557301977,-0.873815409137812,0.385440755681275,0.624213970612002,-5.67319459068701
"ENSG00000099624",-0.12904932191251,5.88413009475459,-1.00162635426579,0.320244092204542,0.566825800627143,-5.67346365934833
"ENSG00000197405",-0.180374307567352,5.02479779780293,-0.819693622164675,0.415391001335413,0.647696100536729,-5.6739335582162
"ENSG00000079819",-0.176773085530324,6.88995581191671,-1.15285525381055,0.253198365288768,0.502086959505099,-5.67417184614995
"ENSG00000187994",-0.156873185493891,4.79436145768561,-0.785752982191526,0.434871628454196,0.661634949083231,-5.67418743174225
"ENSG00000111775",0.143977891559021,5.25449590465632,0.856448790253306,0.39490087666983,0.631479481928066,-5.6745157397016
"ENSG00000156265",-0.457134921546508,10.0658487168867,-1.26932783824621,0.2088572694199,0.455340868170929,-5.67469918964008
"ENSG00000041357",0.139785837151352,6.51363736301859,1.09954024847822,0.275594520489868,0.524428553136151,-5.6748484535211
"ENSG00000065485",0.210482126164855,5.05890196977053,0.764758024540843,0.447187580679168,0.672819094045874,-5.67509554025792
"ENSG00000111011",-0.128533404851455,7.23126116122564,-1.17136453453143,0.245734923668394,0.495786662666702,-5.6754701962384
"ENSG00000100385",0.17195276340698,4.69716048823321,0.765034178805981,0.447024277779798,0.67275918932164,-5.6756793284324
"ENSG00000052795",-0.124273628585999,4.86652912826138,-0.791117823197611,0.431756966734454,0.659437049276508,-5.67596305420995
"ENSG00000104660",-0.129065930372805,5.00101332769568,-0.795615873554571,0.429155760128928,0.657861727963533,-5.67614224209978
"ENSG00000074266",-0.11337235158279,5.05498698771975,-0.805035468643947,0.423738736506177,0.652864433395264,-5.67618663918717
"ENSG00000127947",0.22111630099937,9.99772524730299,1.27193395369075,0.207935483762108,0.454405341169661,-5.67619488677382
"ENSG00000198356",0.130646765639053,5.14844291806347,0.833169205122505,0.407805115343533,0.643557926245067,-5.67632837503372
"ENSG00000143390",0.159099074662485,6.08381030615095,1.0422844693624,0.301146946112154,0.5496310091856,-5.6774889867209
"ENSG00000120451",0.133370474809735,5.22734936796347,0.834209286034717,0.407223148755825,0.643488374808417,-5.6784516396923
"ENSG00000166847",-0.1246970121686,5.62247169157211,-0.94758789174546,0.34685437729997,0.591443708147179,-5.68151145140462
"ENSG00000104067",-0.220429346129735,6.10723453918648,-1.02179107358184,0.310673601295281,0.557860837131407,-5.68159610276866
"ENSG00000020922",-0.121270737514363,5.79031291177501,-0.961189496883032,0.340024457994953,0.585478270277023,-5.68209920667777
"ENSG00000178177",0.1306873183698,5.29150473662847,0.847344066405537,0.3999174101818,0.636875197506708,-5.68238203867609
"ENSG00000266094",-0.150755972943973,7.90874164346355,-1.2327080594118,0.22213153565691,0.469787502429676,-5.68269673895431
"ENSG00000111554",0.196754928970181,5.82295779130402,0.94326217177914,0.349045099642997,0.593507397894834,-5.68282668707031
"ENSG00000158435",0.134028160304812,5.86197894268319,0.978802572675633,0.331312186720795,0.577226988568881,-5.68291397199422
"ENSG00000147874",0.116894052786034,5.22990811307543,0.833010757121052,0.407893817790789,0.643557926245067,-5.68296325912009
"ENSG00000169710",-0.128348242324337,5.14923842550906,-0.842925987093245,0.402365757227398,0.639279278324546,-5.68395215778532
"ENSG00000135241",-0.127809128106762,5.0528746876666,-0.816133521669235,0.417409267103078,0.648800481363072,-5.6841248776333
"ENSG00000172057",0.170585777048376,5.71481426727596,0.913583468522596,0.364317355253927,0.606763332237777,-5.68416277085121
"ENSG00000198839",-0.112937333718396,5.28381835286215,-0.868808483766713,0.388153536709024,0.626751768817654,-5.68423233282046
"ENSG00000165929",-0.21737874039937,7.10778861593878,-1.14298108905105,0.25724534571619,0.505035186833082,-5.68443127052596
"ENSG00000173575",-0.114576835921637,8.3387672370306,-1.24401676811179,0.217967837179707,0.465134656073263,-5.68443652656449
"ENSG00000108774",0.114284955153407,6.07963988443263,1.00781764524687,0.31728484441888,0.563342308015729,-5.68468762214436
"ENSG00000188921",0.248013372773991,6.53636006431841,1.05659698491907,0.294612838901267,0.543334040904849,-5.68502476360526
"ENSG00000106153",0.113640235005802,6.63926123881345,1.09570134779924,0.277258951709644,0.526859703144103,-5.6852863596185
"ENSG00000149657",-0.112162136577387,5.42624876110887,-0.897101137082436,0.372980802943267,0.613526393247259,-5.68531747168511
"ENSG00000115806",-0.142075327659162,5.31454621014268,-0.879825377365151,0.382200216869992,0.621564452431927,-5.68627486101577
"ENSG00000178209",-0.15962065843132,8.41417042348722,-1.24876677534826,0.216236177282301,0.462708049424185,-5.68629038728569
"ENSG00000007341",0.175732262801073,5.25380574568938,0.80723693303253,0.422478643029191,0.651667037060901,-5.68638124844828
"ENSG00000148180",0.205083806076427,7.74560618253689,1.19445108997822,0.236648775117233,0.484321009330836,-5.68742154119826
"ENSG00000138778",0.184147385367543,5.31636591811804,0.827080964494064,0.411221889684103,0.645141926610247,-5.68863815793141
"ENSG00000117133",-0.114848751511384,5.01242066449496,-0.821201853508858,0.414537747940387,0.647313094476152,-5.68927903478677
"ENSG00000115756",0.155032949293394,6.25227286756328,1.01258968130417,0.315016515924914,0.561770860477556,-5.69027703769946
"ENSG00000105926",-0.159269908500526,6.4853295777689,-1.05950719941515,0.293296218643206,0.542204886042818,-5.69047563174143
"ENSG00000104218",-0.151771385419556,6.13845488030279,-0.999323226571495,0.321349613963531,0.568413213270557,-5.69085453667801
"ENSG00000177548",0.151934061014994,4.85551619111934,0.785500246011452,0.435018685982569,0.661634949083231,-5.6911924718387
"ENSG00000138172",-0.138937947241835,4.94511856432516,-0.806888157804414,0.422678128159438,0.651667037060901,-5.69217625429249
"ENSG00000108829",0.153063126624033,6.12908905375732,1.01393832624693,0.314377435319425,0.56118226330938,-5.69250054199355
"ENSG00000174799",0.113874958587332,5.70701748359101,0.9145708020195,0.363802510002055,0.606665644627628,-5.69458390709469
"ENSG00000197265",0.126799175369268,4.95218842314525,0.777216975975259,0.439854638464738,0.666572481322919,-5.69525233705233
"ENSG00000131844",-0.138296008017189,5.43231646961919,-0.893195423756664,0.375052709926018,0.615400435636866,-5.69542112868938
"ENSG00000170638",-0.147747660157595,5.27053154648645,-0.860292538379835,0.392794781814565,0.630322819241753,-5.69570608085278
"ENSG00000169018",-0.123876403019794,5.8138707424469,-0.977032679012024,0.332180927492109,0.578458135973732,-5.69578404189878
"ENSG00000140299",0.120777674782831,8.15622693679274,1.2200988465675,0.22684244891612,0.475505064138139,-5.69592993788776
"ENSG00000114268",0.154324024302649,4.84936011144274,0.714861716379263,0.477258174800989,0.694872152036842,-5.69657181686459
"ENSG00000090273",-0.115654634141767,7.58570065266727,-1.19236159560634,0.237460995854,0.485254128061737,-5.69743172592412
"ENSG00000134539",-0.198395769750671,5.52703909334137,-0.922486562875733,0.359691679524166,0.603921338072864,-5.69859507096115
"ENSG00000115919",-0.165565855732678,5.08792344280201,-0.812059521654808,0.419726110629035,0.650896512153759,-5.69876724896512
"ENSG00000115234",-0.10789540588617,6.09423460870182,-1.00213754658436,0.31999906078637,0.566760365137887,-5.69898159376326
"ENSG00000108064",-0.144415009081304,5.16098502654186,-0.852280332862562,0.397192769702244,0.633462005075476,-5.69918744264924
"ENSG00000213676",0.151189391560584,5.05516189959865,0.78471007631267,0.435478644971356,0.66178177344601,-5.69937808315469
"ENSG00000151748",0.173207781266043,5.7837288820816,0.921585839153931,0.360157934544555,0.603921338072864,-5.69950975264969
"ENSG00000064726",-0.114144994033738,6.03712915402939,-0.986472223174842,0.327564976450961,0.573772722290894,-5.70077125488021
"ENSG00000183808",-0.10812917287501,4.80042227474955,-0.722576695081715,0.472535859789355,0.690551331580582,-5.70097339225363
"ENSG00000137574",-0.138044340789317,5.15698679856167,-0.821177914984276,0.414551282420575,0.647313094476152,-5.70137132642429
"ENSG00000160593",0.157668962325973,6.78010078397757,1.10163867782773,0.27468765955094,0.52343419700368,-5.70147486339042
"ENSG00000170759",0.0833159774755554,8.42198887857687,1.2308653359912,0.222815485673175,0.469981778318319,-5.70206717174931
"ENSG00000175221",0.116021856823906,5.91086127043484,0.955740333007051,0.342750045414593,0.587573643826477,-5.70217030807719
"ENSG00000168303",-0.134912986193796,4.66276202499826,-0.692262954768519,0.491241721221674,0.704417255783255,-5.70243528011618
"ENSG00000253819",0.171433067555828,4.70114699917069,0.637971278587632,0.525737057293031,0.729736430097435,-5.70294848451156
"ENSG00000146909",-0.149370372649781,5.14004681006728,-0.800947573194393,0.426084561047062,0.655181678968217,-5.70304890407219
"ENSG00000175215",-0.0988703065057921,7.90701612224928,-1.20685449276475,0.231868725381459,0.48072845913497,-5.70318105545448
"ENSG00000196505",0.122801885713325,5.72546817587515,0.926302763057356,0.357720549395412,0.601939868872388,-5.70391118719658
"ENSG00000186635",0.127763972409083,8.61819657398731,1.23841063863633,0.220024701201916,0.467175667508574,-5.70425935720481
"ENSG00000114450",0.122094007146836,6.92876807725716,1.11536633402419,0.268806535128766,0.517659244744262,-5.70511401279581
"ENSG00000168411",-0.129232001437911,4.83554085537336,-0.738106566879671,0.463110390690083,0.683006336892143,-5.70556196018441
"ENSG00000162852",0.240686080195178,7.6204054606312,1.16979189930392,0.246362850527186,0.49600325560684,-5.70587688096571
"ENSG00000105939",-0.101158355287267,7.70426925319206,-1.19073721171343,0.238093811330825,0.486182565266242,-5.7059483997484
"ENSG00000262879",-0.167029120910645,5.83067648798291,-0.930157666844579,0.355736505169073,0.600574056449058,-5.70634155700018
"ENSG00000112739",-0.111630987341385,6.62845990558208,-1.08746318106041,0.280854389300972,0.53017834820225,-5.70644286479999
"ENSG00000104064",0.117338324544053,5.2924383503366,0.817797472251832,0.416465217411473,0.64865966391152,-5.70651131118862
"ENSG00000177868",0.156373128751544,5.16808863190279,0.792079102926839,0.431200277884195,0.659165949174408,-5.70697308124821
"ENSG00000151276",0.175535570511981,4.6928174032407,0.702744576975895,0.484728102631976,0.70066296183046,-5.70716658801772
"ENSG00000010256",-0.124621881865055,5.62855476096644,-0.923604455419287,0.359113547962474,0.603284184181177,-5.7085484169925
"ENSG00000159176",-0.11839419241142,5.76703043735604,-0.940678374846796,0.350357920879885,0.59533609547727,-5.7088624708117
"ENSG00000108883",-0.111518366866198,6.22004836403953,-1.01656003889418,0.313137585617244,0.559702613662318,-5.7089188008739
"ENSG00000124789",-0.128960550263442,7.06906242661022,-1.1262010397547,0.264227673753652,0.511917626817176,-5.70911938429857
"ENSG00000138081",-0.111408369163292,7.11360011440196,-1.13204550066094,0.261780716592249,0.510136637042751,-5.71077490264107
"ENSG00000161929",-0.14187852549674,5.41755428125546,-0.879264885542399,0.382501705999128,0.621864904292226,-5.71085892700009
"ENSG00000105438",-0.100760659093691,5.10500703602217,-0.783319001795405,0.436289088789171,0.662643701065906,-5.71118406687313
"ENSG00000161533",-0.104345473175822,5.66839191194287,-0.91040070260722,0.365980179636855,0.608792536089827,-5.71120949781813
"ENSG00000125977",0.117744923792399,6.28726407863019,1.02245848119598,0.310360175302015,0.557754934016487,-5.71123447911833
"ENSG00000118518",-0.126772523231864,4.83151066599365,-0.732284906635923,0.466631082108894,0.685600360121158,-5.71166759027192
"ENSG00000171611",0.170852450784613,4.70207488251325,0.611191572153629,0.543207659899667,0.742340407206681,-5.71241974351798
"ENSG00000137216",0.165039248676957,4.70237820594561,0.662283458785946,0.510134623981812,0.717779287717175,-5.71242988731968
"ENSG00000141385",0.116878920328945,6.14167868485105,0.986092647581326,0.327749763540613,0.573772722290894,-5.71304314948639
"ENSG00000199990",0.361129670445113,6.65267512645689,1.06891612960799,0.289067168476039,0.537303969245125,-5.71332161014162
"ENSG00000033178",0.123845764540525,5.31813856262083,0.833765121717274,0.407471614312963,0.643488374808417,-5.71336275876386
"ENSG00000121892",-0.102312905851834,8.00756024675829,-1.20306701664721,0.2333208539642,0.48240304075786,-5.7138788375193
"ENSG00000090372",0.148803824662844,7.30938364357792,1.13550965369558,0.260337932006421,0.509088676802219,-5.71406634886379
"ENSG00000102978",-0.137598009430508,5.07029064246089,-0.793717999038272,0.430252155739033,0.658430827097261,-5.71452762653061
"ENSG00000099901",-0.139722958334396,5.78032046493078,-0.9405005413094,0.350448395410353,0.59533609547727,-5.71458420582003
"ENSG00000188026",0.147586712843975,4.87378223903846,0.694385038782987,0.48991911772389,0.703314717617853,-5.71491200156773
"ENSG00000133872",-0.134710165370714,6.98394332708974,-1.11047247510904,0.270892906288543,0.520573034730153,-5.7149954493948
"ENSG00000126067",0.114759520823505,4.98230558941692,0.760460126109215,0.44973359929186,0.674135734616493,-5.71581046208585
"ENSG00000100297",-0.141584600442581,5.66798715280951,-0.906899410942278,0.367815004746917,0.609685896951149,-5.71582408752611
"ENSG00000159228",0.136302833371962,4.77832176150326,0.692907573325851,0.490839750870954,0.704382812560536,-5.71602244321417
"ENSG00000164741",-0.206296684735091,5.55893061137839,-0.883564378022315,0.380192821622342,0.620146853951653,-5.71687576486498
"ENSG00000163755",-0.125871437939282,5.38975255543139,-0.85906460017342,0.393466844352459,0.630658243022123,-5.71714532867011
"ENSG00000124406",0.25080227204259,7.1593195988913,1.11134703367862,0.270519229690456,0.520221942588636,-5.71732812715327
"ENSG00000111880",-0.108458606731019,4.97189392222404,-0.740870447875869,0.461444231761341,0.681471448803411,-5.71752496095603
"ENSG00000159082",0.125213865686038,4.94211787878353,0.720527564378829,0.473787552813202,0.691638421148533,-5.7175562281572
"ENSG00000040341",0.174268145591096,6.89764087882975,1.0801830307863,0.284058566937729,0.532934001229054,-5.71815111452361
"ENSG00000142046",0.176138434266456,5.00566211454909,0.699093499523649,0.486991550728947,0.701886235018864,-5.71821418870961
"ENSG00000139644",0.175874704954088,6.70324442806772,1.05238419643705,0.296525932086198,0.544924371301408,-5.71851778564154
"ENSG00000197971",-0.112672771116279,7.94459640816067,-1.19331853695068,0.237088767279156,0.484675273597314,-5.71864216660388
"ENSG00000138073",0.144135217640099,4.66460666320828,0.666552130554158,0.507420982938915,0.715432069112631,-5.71897151818747
"ENSG00000039319",-0.133923482325901,4.83020999820668,-0.71443985374351,0.477517155564463,0.694872152036842,-5.71900513301441
"ENSG00000175054",0.129499301469372,5.04796792407142,0.748548254213195,0.456833820479932,0.677497065445256,-5.71990096954756
"ENSG00000108262",-0.140035578627347,6.01293793588131,-0.981354004408425,0.330062481034626,0.57582731000597,-5.72045004177884
"ENSG00000104613",-0.123048440451228,5.67762308669709,-0.906835976805844,0.367848300895453,0.609685896951149,-5.72047763526378
"ENSG00000132467",-0.1443601729297,5.72414108637494,-0.932808663938801,0.354376217611559,0.599171069681049,-5.72048169653336
"ENSG00000035687",0.127368299257034,5.9164104925399,0.950180680988885,0.345545584185818,0.589950593119503,-5.72060820062292
"ENSG00000078699",-0.124073363210227,5.50975621381486,-0.855805147638198,0.395254227858793,0.631479481928066,-5.72089659079245
"ENSG00000187735",-0.0995910428894735,6.76644884331341,-1.07617426132794,0.285833697654741,0.534026743766471,-5.72127378518844
"ENSG00000160087",0.130862111464298,5.16727010184222,0.791451831845966,0.431563489944615,0.659437049276508,-5.72317134004671
"ENSG00000170144",-0.100680438214516,8.10101881561529,-1.20186929986297,0.233781432211637,0.482557830242731,-5.72385387538267
"ENSG00000082212",0.12292980037946,6.89276674439762,1.08428247762764,0.282251195425651,0.531893639805931,-5.72424954944307
"ENSG00000065615",0.137678810649303,6.03278616065419,0.959775944557448,0.340730125859641,0.58617968439734,-5.72425856011906
"ENSG00000234456",0.24897460619594,5.63214740539331,0.866876000843014,0.389203742909358,0.627227518684363,-5.72445628207987
"ENSG00000196502",-0.165872579569796,4.58427113967038,-0.621838451214913,0.53622653663887,0.737717720103173,-5.72511150640579
"ENSG00000051523",-0.143237726091667,6.66158887444129,-1.07439561038842,0.286623757205044,0.534849864757887,-5.72538753407657
"ENSG00000007047",0.124614994873252,6.14415991789469,0.966097500208823,0.337581752229454,0.583120385708107,-5.72548683604555
"ENSG00000148908",0.228184377820375,9.34601746167107,1.23083363913307,0.222827263839247,0.469981778318319,-5.72648033174398
"ENSG00000100650",-0.124768284767924,6.53532283147551,-1.05530208692678,0.295199969258091,0.543511129610706,-5.72681482931508
"ENSG00000254838",-0.138254357949624,6.76482862593078,-1.09238444148294,0.278702694286775,0.528320288040821,-5.7270585725524
"ENSG00000140632",-0.105279130638703,7.08102907703605,-1.10816522638804,0.271880471408158,0.521000636029421,-5.7279642557875
"ENSG00000011485",-0.12070274115406,5.56046147605684,-0.893226008255279,0.37503645720699,0.615400435636866,-5.72803287596531
"ENSG00000006534",-0.162924217491667,5.71399853832263,-0.898923739328034,0.372016433914348,0.612697651034366,-5.72804787309126
"ENSG00000126934",-0.122579611045274,7.16912588080088,-1.1299667734207,0.262649195036693,0.510493333770924,-5.72842952531351
"ENSG00000276180",-0.167679195561691,5.23596194199984,-0.777743305717175,0.439546419545926,0.666290732800835,-5.72851572326067
"ENSG00000060971",0.148673498272098,5.59288902783062,0.884315949327273,0.379790119565612,0.619675523028887,-5.72889224008644
"ENSG00000008952",-0.214415501781851,8.18165720506506,-1.20212394445097,0.233683454278641,0.482557830242731,-5.72900240042402
"ENSG00000156011",0.196253814715623,5.76382165998539,0.864162432138681,0.39068141274778,0.628412263551788,-5.72907874176467
"ENSG00000164096",0.121298720001276,6.78871401372763,1.06571544540007,0.290501043771531,0.539049620731369,-5.7291425032723
"ENSG00000197959",0.280626406642914,8.23165085382967,1.19202086024679,0.237593636150969,0.485343130765084,-5.73054763308876
"ENSG00000156858",-0.109778640976018,5.66664388069354,-0.886003040360244,0.378887131100323,0.618572697103553,-5.73120549572049
"ENSG00000008083",0.146084761405167,7.68686129046159,1.15661704049818,0.251668574486638,0.501017388953509,-5.73273715287629
"ENSG00000211895",0.223567947587308,5.6962213249393,0.898857932016427,0.372051226104061,0.612697651034366,-5.73311077197822
"ENSG00000198189",-0.128950965739103,5.23914566709874,-0.799406993606518,0.426970624894407,0.656173755832082,-5.73317863458168
"ENSG00000147862",-0.158799888497223,6.26586836444545,-0.974492375986355,0.333430448206649,0.579620000583862,-5.73464737920672
"ENSG00000188342",-0.124568932732053,4.99115852628592,-0.702168398730727,0.485084910406523,0.700920565019817,-5.73507246062988
"ENSG00000197471",-0.15104631000905,5.72514922607881,-0.92088341158445,0.360521811912285,0.60415959129441,-5.73549236735881
"ENSG00000158864",-0.136772617780457,5.60291089800895,-0.88658800210927,0.378574355592776,0.618247328917699,-5.73626923059357
"ENSG00000241839",0.127068337632782,7.06040069518333,1.1038767663603,0.273722743441364,0.52216124064654,-5.73660493436177
"ENSG00000134001",0.134221321308694,5.70050932653309,0.896086701257122,0.373518243412629,0.61403964698612,-5.7368761747842
"ENSG00000115649",-0.123304241597992,5.48801659253675,-0.846185059460126,0.40055880333928,0.637523914867776,-5.73689840801102
"ENSG00000213341",0.113014556007276,5.05844839005075,0.728200241526557,0.469110358968562,0.687392389254905,-5.7370143990454
"ENSG00000277224",-0.219522247634639,7.43068709243422,-1.13203350748488,0.261785721430676,0.510136637042751,-5.73805910777247
"ENSG00000138768",0.107812125890489,6.60763429420965,1.03842054007873,0.302927755447181,0.551035195885223,-5.73896647710127
"ENSG00000179456",-0.137931641780034,5.58673741468598,-0.88249983612263,0.380763676865408,0.620780160977355,-5.73936934951239
"ENSG00000214960",0.200155582645347,5.63162355430165,0.833670476692882,0.407524570698045,0.643488374808417,-5.73991878004175
"ENSG00000108588",-0.122691973361998,5.53396715803322,-0.829584545567317,0.409814757640591,0.64470978891749,-5.7404852042419
"ENSG00000122484",0.111201865359092,5.42367862196501,0.807039199768442,0.422591731419111,0.651667037060901,-5.74079279466092
"ENSG00000177272",-0.165419529508315,4.56535496038269,-0.561829201770574,0.576167605871365,0.766386429398156,-5.74107957163982
"ENSG00000147687",0.111085217568567,4.92139742886081,0.672149959302753,0.503874170767514,0.712557235176549,-5.74199074881817
"ENSG00000237854",0.151875926412028,4.85266600828753,0.62727934718817,0.532676881791421,0.735093485614816,-5.742035535693
"ENSG00000005007",-0.0971873637236644,6.89624283525455,-1.08167770489784,0.283398665882145,0.532789686865971,-5.74265632939321
"ENSG00000048828",0.106024479885931,7.92065005455097,1.16994524452803,0.246301571770762,0.49600325560684,-5.74272806533603
"ENSG00000198053",-0.167058711744487,5.07240756919106,-0.727951533240652,0.469261558343628,0.687392389254905,-5.74312458146075
"ENSG00000110958",0.0980339122100222,8.48686871380111,1.19976339635068,0.234592849091384,0.482745313092969,-5.74367824164648
"ENSG00000138592",0.0964651754408106,7.18885104573426,1.10484204765574,0.273307310377756,0.522082127257368,-5.74432869259687
"ENSG00000112130",0.124988649514223,4.93015285508828,0.671213698202352,0.504466456695292,0.712557235176549,-5.74448790039157
"ENSG00000068878",-0.137523542345985,6.84996653814765,-1.06999199215183,0.288586290048662,0.537084203630629,-5.74568185708766
"ENSG00000187742",-0.115323858295468,6.53605953348638,-1.01660482801823,0.31311643278324,0.559702613662318,-5.74731221595661
"ENSG00000153487",-0.125381766356344,5.43365002155523,-0.816784907608836,0.417039546791129,0.64865966391152,-5.74747881533776
"ENSG00000044459",0.221855718074574,7.04043976177215,1.06919352220831,0.288943129444667,0.53728181853107,-5.74827321923613
"ENSG00000137198",0.237825417645546,6.76065330925784,1.0211772237262,0.310962064291216,0.558010977028505,-5.74877270714739
"ENSG00000134297",0.151351554114367,4.80050981565235,0.593247304121018,0.555077531117515,0.748394977357464,-5.74933119932262
"ENSG00000170791",0.156198934751044,5.10218015895695,0.742169274057831,0.4606624412745,0.680783971152221,-5.74981002762256
"ENSG00000135070",0.177046072829887,6.43919428416869,0.986405404860987,0.327597500292932,0.573772722290894,-5.75003438348481
"ENSG00000087302",-0.113063908956712,6.76671970329273,-1.06053670287065,0.292831426278611,0.54152939930953,-5.75026177179445
"ENSG00000100403",-0.106804751091721,6.58447733270362,-1.03816701828973,0.303044848636864,0.551064197387728,-5.75043533365886
"ENSG00000156802",0.122691927045825,5.94455745864222,0.898984871690398,0.371984115210009,0.612697651034366,-5.75044885676891
"ENSG00000107185",-0.132566167651721,5.88072462863822,-0.905443528421827,0.368579671378072,0.610526618932118,-5.75162438647265
"ENSG00000115128",0.117542954699503,5.22654114860087,0.756557099636025,0.452052969497477,0.675576384960499,-5.75199654957359
"ENSG00000163479",-0.127384686507627,5.50860606504847,-0.852001384597807,0.397346433002158,0.633521617499491,-5.75263854850413
"ENSG00000184887",0.14749177789869,5.17349291738551,0.708467471411847,0.48119201937025,0.697488463879266,-5.75425279170402
"ENSG00000128739",0.143168230434429,5.03770879112077,0.658096758655582,0.512803681764617,0.718817560320718,-5.75427202153978
"ENSG00000119685",-0.111564342939274,5.02877711316446,-0.662415323567437,0.510050679982119,0.717779287717175,-5.75561692822214
"ENSG00000067334",-0.115772906851723,6.56573736108488,-1.02395971185472,0.309655952588493,0.557503512789858,-5.75602590339037
"ENSG00000163931",0.133718241564909,8.5920811985229,1.19486313711472,0.236488843144201,0.484175579650359,-5.75603832873318
"ENSG00000138375",0.100601784175525,5.40802891981763,0.786123505596566,0.434656088134226,0.661634949083231,-5.7564068569459
"ENSG00000091409",-0.135828444578147,5.40673471320178,-0.761505735509156,0.449113421116982,0.673670131675474,-5.75668919796466
"ENSG00000250479",-0.131353545393965,5.6832512251649,-0.89424414848696,0.3744956678143,0.615275150257028,-5.75670615265817
"ENSG00000112159",-0.137442055163839,6.58650494825186,-1.02639926844121,0.308513869446534,0.556458316897986,-5.75700386175206
"ENSG00000139722",0.141614813856406,6.05086503423147,0.916047255132787,0.363033482419848,0.606131293969762,-5.75724545517636
"ENSG00000133069",-0.272650148789051,6.87335231098983,-1.05535103132663,0.295177762401141,0.543511129610706,-5.75729181535216
"ENSG00000169902",0.179927794373786,5.39404437050708,0.749480667748645,0.456275728598874,0.677327021636693,-5.75766876634928
"ENSG00000185361",0.106695901195659,4.94084347816996,0.6620684555774,0.510271509054446,0.717779287717175,-5.75787475208302
"ENSG00000163348",0.111407952153569,4.64421123730228,0.59861318608391,0.551514520870849,0.745990126402338,-5.75820340542875
"ENSG00000174238",-0.111353132732324,6.8164267169496,-1.05655176154631,0.294633330497693,0.543334040904849,-5.75883861465682
"ENSG00000182973",0.104613925363955,5.59267810408948,0.821248509272092,0.414511370245027,0.647313094476152,-5.75914215409394
"ENSG00000143319",-0.114586928012613,5.16968978453854,-0.748826536528136,0.456667214789269,0.677497065445256,-5.75935817089565
"ENSG00000175634",0.108276152893,5.44634685579418,0.802115559279858,0.425413526396004,0.654519314263042,-5.75947843935803
"ENSG00000107021",0.131550808962504,4.97764595593726,0.644699022409265,0.521394644273686,0.725794985646286,-5.75973529957884
"ENSG00000129347",-0.127409515146979,6.16820970748649,-0.971712946602533,0.334801140817743,0.581075697730189,-5.76012870021118
"ENSG00000180354",0.273144820937175,9.4933329087333,1.20317048218821,0.233281097527803,0.48240304075786,-5.76020155070386
"ENSG00000067596",-0.117026537649425,6.67382217705148,-1.03950298787524,0.302428155527157,0.550496205775323,-5.76034672417966
"ENSG00000143995",0.230289196826598,6.87647753974252,1.03973058466177,0.30232318044266,0.550496205775323,-5.76073601650092
"ENSG00000118873",0.112802368232422,5.77332505367362,0.858394901109861,0.393833677297839,0.630874999682043,-5.76128764180559
"ENSG00000134882",0.149827214106354,6.44501823204192,0.972442576430492,0.334440960253812,0.580820641205855,-5.76141028146038
"ENSG00000103942",0.226545403327441,6.14911095388367,0.902480673396065,0.370138961781541,0.611251004481914,-5.76152898818797
"ENSG00000166947",-0.206225436077729,4.53913705199309,-0.57216518008186,0.56918677611395,0.761397068363264,-5.76155945107167
"ENSG00000176953",0.0993634349916519,5.15490887592004,0.731660256873954,0.467009744410225,0.68597171408652,-5.761757800186
"ENSG00000053770",-0.126652544100703,5.51719881583014,-0.813717597907173,0.418782247058282,0.649994008434959,-5.76233856438494
"ENSG00000201822",-0.335094133869852,9.05346187891493,-1.20031961533695,0.234378336586835,0.482745313092969,-5.76240122859159
"ENSG00000149547",-0.135635878556164,5.04979805586727,-0.70978493784641,0.480380017740516,0.697156688442151,-5.76249398521119
"ENSG00000077147",-0.135359686771124,5.79074989876833,-0.856408719801618,0.394922869105113,0.631479481928066,-5.76270570362468
"ENSG00000080200",-0.116808132499997,5.06138513846668,-0.711027343762539,0.479614979183927,0.696598882056527,-5.76298390957113
"ENSG00000257923",0.145082428690467,8.81052844910908,1.18880470210789,0.238848249974251,0.487262261449699,-5.76341931778044
"ENSG00000174839",-0.0997943121186049,5.29397965691834,-0.759299268020396,0.450422716064787,0.674705239791301,-5.76410519480168
"ENSG00000144560",0.159795742201489,5.96238174631681,0.882415405509124,0.380808975401307,0.620780160977355,-5.76428248246515
"ENSG00000171700",0.13164024318271,7.23437017694224,1.09913400971875,0.275770322579601,0.524579859432146,-5.76456060181357
"ENSG00000105656",0.125061983085737,4.79770832944919,0.619919332106206,0.537481475247617,0.738884450453954,-5.76483838353952
"ENSG00000138495",0.100472572819009,5.21567114861049,0.727836441164348,0.469331536595609,0.687392389254905,-5.76501837091421
"ENSG00000148488",0.144634152615452,4.78601349784451,0.560419949778234,0.577122596337981,0.766386429398156,-5.76537871802276
"ENSG00000135315",0.14640199891826,5.78446915036031,0.838194119762856,0.40499817034407,0.642150766017024,-5.76541573902963
"ENSG00000082258",-0.112098075304869,5.02676771449347,-0.686041596950318,0.495130509634029,0.707284490735035,-5.76600921400736
"ENSG00000118705",0.157843730117493,5.29558309192169,0.71662846125057,0.476174428013828,0.694192743863884,-5.76631613045406
"ENSG00000110756",0.117646220998346,5.71000753804996,0.855846204080782,0.395231682583378,0.631479481928066,-5.76730019913244
"ENSG00000205413",0.178223451834022,7.42786706640269,1.11638947053562,0.268371777723709,0.517101456589594,-5.76795357800517
"ENSG00000100226",0.113707869140771,6.24990563152469,0.947633360708546,0.346831397610018,0.591443708147179,-5.76801057664599
"ENSG00000213551",-0.107273588192602,5.19839599122555,-0.710679790580588,0.479828924096081,0.696723874860194,-5.76850213706788
"ENSG00000204842",0.199522546196879,7.91277898579529,1.13656817950656,0.259898191891559,0.508776625736692,-5.76926425353388
"ENSG00000106443",-0.116871862302543,6.63657498495257,-1.00950654356094,0.316480797612833,0.563228151027891,-5.76977990052863
"ENSG00000121390",0.11999310312573,6.12150692235062,0.915192716029613,0.363478451942309,0.606502482750904,-5.77021517389517
"ENSG00000276168",0.122148656972501,14.5023688098994,1.03442721475818,0.304775715261096,0.552551779282014,-5.77031387942838
"ENSG00000129534",-0.105555135616686,6.25911250951375,-0.95473779296898,0.343253052659616,0.587878852841745,-5.77090686448739
"ENSG00000130592",-0.13847179418554,9.39761750244632,-1.19406782173245,0.236797607073356,0.484443621230057,-5.77159879676173
"ENSG00000213722",-0.104959501928759,5.57629714759729,-0.824385063663323,0.412740391667252,0.646337928658576,-5.77178563388026
"ENSG00000090061",-0.0924044318537289,7.0044248678167,-1.0652443402729,0.290712506994735,0.539258337796158,-5.77207720360873
"ENSG00000240972",0.11447411854974,5.34902406696193,0.789935228773058,0.432442405928812,0.660113821098395,-5.77243482924472
"ENSG00000074319",0.0948264711734748,5.29777952421844,0.741415804454904,0.461115877965454,0.681171177645281,-5.77297094530231
"ENSG00000169217",-0.107646388630624,5.95399301245846,-0.91246087636896,0.364903297014234,0.607206219344394,-5.77318705252789
"ENSG00000128609",-0.135087482454889,6.57411728958583,-0.989891555390653,0.325903477996553,0.572144100294759,-5.77320249162833
"ENSG00000109920",-0.119645072679473,6.10790718548356,-0.922237088459526,0.359820779816562,0.603921338072864,-5.77329041887563
"ENSG00000111670",-0.121547631778739,5.63031386707145,-0.830744032090637,0.409164064575339,0.644640230344341,-5.77340998449768
"ENSG00000131966",0.156478370976574,6.90455129815956,1.02815515030456,0.307693616225335,0.555623076299512,-5.77357064707661
"ENSG00000116001",0.151002232588219,6.02044749081906,0.86424407763341,0.390636901986673,0.628412263551788,-5.77455557809895
"ENSG00000119383",0.119094054025809,5.73301899049224,0.816712660483537,0.41708054381095,0.64865966391152,-5.7746330993558
"ENSG00000099260",-0.178447071975138,4.9925924926432,-0.698033965749954,0.487649489921248,0.701969344933702,-5.77521504250386
"ENSG00000164938",0.124851094632616,5.73126641109178,0.843312298935646,0.402151310292424,0.639124952880141,-5.7754976905132
"ENSG00000088930",-0.115404007945276,7.42126453581246,-1.10430884381227,0.273536733483382,0.52216124064654,-5.77551991697879
"ENSG00000131143",-0.0854574733544879,8.6432164315399,-1.17934407234259,0.242566523315121,0.492363047325179,-5.77563015664582
"ENSG00000114107",0.209296547658072,6.45761719653824,0.952745049717258,0.344254309542406,0.588668386185509,-5.77608019866798
"ENSG00000131748",-0.142256332612921,5.41338691980521,-0.78966488678466,0.432599188342461,0.660151011443192,-5.77627375034693
"ENSG00000072062",-0.105085380922223,7.25191277414828,-1.08882537915041,0.280257651121858,0.529602387551815,-5.77721199050909
"ENSG00000197894",0.0968063132003261,5.70295073480769,0.852402558460166,0.397125451252014,0.633462005075476,-5.77779637638428
"ENSG00000150316",-0.116885409009456,5.55655851218318,-0.813783610892479,0.418744695492491,0.649994008434959,-5.7791762321141
"ENSG00000143416",-0.263444889012369,5.33497498807779,-0.761842872940713,0.448913562021812,0.673555793416368,-5.77981969059683
"ENSG00000155744",0.112739743816465,5.71280822431286,0.832302391808345,0.40829051908827,0.643997321364475,-5.78073060976402
"ENSG00000173786",0.115401605616498,5.57958752090385,0.811349873171432,0.420130470288618,0.650896512153759,-5.78078284570335
"ENSG00000167851",0.146407065991101,5.53001185167328,0.815492167381804,0.417773486609643,0.649088652167413,-5.78133496704182
"ENSG00000104872",0.104963991676705,4.98442329610092,0.646511823821583,0.520227812371635,0.725045055461925,-5.78171330170954
"ENSG00000133103",0.112108686503089,4.92976907379045,0.610308470216745,0.543788780262061,0.742340407206681,-5.78190118103422
"ENSG00000125827",-0.129168704108408,5.48726475528361,-0.738638505059633,0.462789454331654,0.682819715327403,-5.78248152233365
"ENSG00000132405",0.106668017658352,7.16857314565233,1.06320725277532,0.291628106405861,0.54058860962883,-5.78277976180026
"ENSG00000168906",0.10307903255312,5.57412206337576,0.816431420731434,0.417240157974689,0.648722711371606,-5.78278799659463
"ENSG00000107438",0.27658129262508,8.61155622287323,1.16309168058337,0.24905102781982,0.49883455866264,-5.78320420093426
"ENSG00000137502",-0.148831839639892,5.53573177204671,-0.797085628849432,0.428307830435552,0.657517430813503,-5.78347381232277
"ENSG00000155158",-0.119191761388805,4.98612814116363,-0.607070838776308,0.545921989167345,0.743985888216051,-5.78369192979105
"ENSG00000117748",-0.107324711061903,5.43737847411558,-0.793999118159962,0.430089649283154,0.65841553372149,-5.78381630416971
"ENSG00000103404",0.123953898581197,5.06332382383421,0.614303214342136,0.541162585742085,0.742072430687863,-5.78404863146001
"ENSG00000103275",-0.109088599905995,6.44964535955045,-0.976257834564074,0.33256172838067,0.578663780331488,-5.78557668794274
"ENSG00000137845",0.158884951784088,6.62016166792566,0.972196156046958,0.334562576677351,0.580846691439836,-5.78580809944678
"ENSG00000164111",0.120606799476409,7.57284765281072,1.10985737675935,0.271155938856219,0.520579212311897,-5.78595389946872
"ENSG00000169621",0.246194982608361,7.71115671229221,1.1059829899936,0.272816846281088,0.521409295778604,-5.78605184295552
"ENSG00000128595",-0.139425814622849,5.02028470397243,-0.596565926554336,0.552872568041825,0.746480731274315,-5.7860868451138
"ENSG00000037474",-0.112204611753594,6.05048023286628,-0.906295616286258,0.36813201033227,0.609970557265877,-5.78739313322238
"ENSG00000189319",-0.134474028637231,6.21072435426891,-0.951212919311755,0.345025426503361,0.589431960987868,-5.78743551839397
"ENSG00000100060",-0.103067806219899,5.4671898523394,-0.743977766017274,0.459575135687869,0.680186182892558,-5.78796571831421
"ENSG00000132823",-0.112104369392846,5.43094874313266,-0.758193219203153,0.451079865556541,0.675216733174229,-5.78805125759132
"ENSG00000128585",0.106137658142122,6.55810446767381,0.973540920859425,0.333899246465649,0.580064762354865,-5.78818063454301
"ENSG00000140379",0.170587369456088,6.41486185353689,0.958521315156382,0.341357260345953,0.586660679610332,-5.788740542829
"ENSG00000131149",0.228999371650538,9.30414947442366,1.17688216845793,0.24354090984662,0.493410654786607,-5.78886468610825
"ENSG00000130956",-0.153169691554478,6.11476467121668,-0.888991346230209,0.377291009660318,0.6172616878767,-5.7901131833814
"ENSG00000136238",0.1181813440728,7.83616069380795,1.11627127954748,0.268421974896361,0.517101456589594,-5.79052275430633
"ENSG00000120899",-0.0980815827288746,7.80972019278474,-1.12661965099705,0.264051874959245,0.511835454291672,-5.79059422332562
"ENSG00000066427",-0.109471046960151,6.20114993033719,-0.914977566730798,0.363590537950907,0.606503750997104,-5.79083263218804
"ENSG00000121691",-0.152730479146849,7.42322686130945,-1.09400229568058,0.277997841871701,0.527770843554442,-5.79098264268378
"ENSG00000146247",0.107416355509848,7.3991920301596,1.07940441165797,0.284402749872375,0.533365294769259,-5.79110099777307
"ENSG00000177302",-0.114389060710003,5.49344810625559,-0.752823060420835,0.454278381229445,0.67683407161316,-5.79127352204783
"ENSG00000133706",-0.104406624761661,6.43994231533301,-0.970671623908568,0.335315630883553,0.581598076107481,-5.79157791436961
"ENSG00000144021",-0.119738819813562,6.51799710437785,-0.989153975671909,0.326261402615595,0.572454789516832,-5.79226030172108
"ENSG00000140416",0.243850965245605,8.09039254004329,1.12824716015285,0.263369175121716,0.510981220107945,-5.7922682375902
"ENSG00000175105",-0.099192668780856,5.17054401587592,-0.700773418232669,0.485949377303195,0.70149767025644,-5.79260503680819
"ENSG00000124702",-0.104955313899842,5.00136162270162,-0.624556860086481,0.534451517670013,0.735864753899852,-5.79267434692256
"ENSG00000100823",-0.121785256020995,6.10519666699675,-0.909704611665811,0.366344494606041,0.608860526727795,-5.79342943867945
"ENSG00000112237",0.0894380907872829,5.07088514385531,0.644041962075956,0.521817909273818,0.725794985646286,-5.79366495421172
"ENSG00000030582",-0.152417884823299,5.27305704351952,-0.694482746405177,0.48985826802111,0.703314717617853,-5.79369644002646
"ENSG00000189403",0.170518085945872,8.48091540187536,1.15014705760039,0.254303792005981,0.502519789208772,-5.79419769530987
"ENSG00000162517",-0.0962062755026194,5.16242387189311,-0.660471911079707,0.511288588073146,0.71827327187189,-5.79432932103712
"ENSG00000115350",0.114167783710951,4.66338035504952,0.537685712272427,0.592633080192637,0.776105982446587,-5.79433916950331
"ENSG00000070367",0.090858561464592,6.83856606933662,1.01172044790992,0.315428881069626,0.562138221808087,-5.79474522970717
"ENSG00000206418",0.112852901613508,5.46876830891443,0.768869543944255,0.444759838834543,0.670590505083264,-5.7953787703326
"ENSG00000155876",-0.108769837889527,4.98363604910184,-0.642933743959908,0.522532210493923,0.726213133359922,-5.79538194273655
"ENSG00000163214",-0.105068135461045,4.81718568125201,-0.605241114333646,0.547129432050805,0.744383289178792,-5.79550751328819
"ENSG00000138385",-0.114671934277937,6.31944532086896,-0.953023823189993,0.344114124745669,0.588668386185509,-5.79644515881368
"ENSG00000107960",-0.114376885026424,5.33165982611979,-0.728602580114166,0.468865820191672,0.687392389254905,-5.79662276660621
"ENSG00000160179",0.146600450137054,4.66068127202933,0.504994392474551,0.615273356727592,0.790140167300285,-5.79672331701553
"ENSG00000178951",-0.109379962626173,7.40815413954476,-1.08837027643029,0.280456919874048,0.529795180122681,-5.79672496783516
"ENSG00000071537",-0.127684300958454,5.06139922907606,-0.611249099780649,0.543169815141909,0.742340407206681,-5.79715763929925
"ENSG00000136826",-0.137393105597739,5.99398528451185,-0.902222569367896,0.370274994968034,0.611290355329045,-5.79733750838405
"ENSG00000122958",-0.116165175789379,5.79215735019601,-0.830098235753006,0.409526401839531,0.644640230344341,-5.7980903802734
"ENSG00000119318",0.107154884685526,8.25711930482596,1.13818533188572,0.259227399612585,0.508193908992214,-5.79811375801827
"ENSG00000074416",0.192716052426269,7.22622004926456,1.04145059096384,0.301530659368631,0.5499267927957,-5.79840477577724
"ENSG00000168958",0.107057170271404,6.29714743683959,0.921728894790762,0.360083856602119,0.603921338072864,-5.79909781464725
"ENSG00000203326",0.13928929680254,5.16528523859543,0.635081596328532,0.52760799182362,0.731774017172882,-5.79965491498249
"ENSG00000176095",-0.11151941391168,5.09590741190321,-0.662247556713784,0.510157480216655,0.717779287717175,-5.79979773839799
"ENSG00000166037",0.101213830851118,5.56577968734421,0.769363297742951,0.444468808716728,0.670486402497157,-5.79981142379181
"ENSG00000023191",-0.112342910105173,6.75289651972353,-0.99827825926135,0.3218520476545,0.568932496957078,-5.79995981110792
"ENSG00000148120",-0.104518314084487,5.04888815372869,-0.598611658279544,0.551515533712243,0.745990126402338,-5.80062719294398
"ENSG00000171161",0.128288171268105,5.48133818839472,0.743025037416445,0.460147753945967,0.68047151235179,-5.8007918290303
"ENSG00000137841",-0.14349000319623,7.26670115183828,-1.07506112552643,0.286327965314826,0.534583534967502,-5.80093848874613
"ENSG00000125875",0.111441277692459,5.89157403231346,0.843909321927371,0.401820032745024,0.638882677370123,-5.80136474842334
"ENSG00000112941",-0.118595809586231,5.18786075782515,-0.672564392764122,0.503612116945969,0.712557235176549,-5.80179381873139
"ENSG00000141456",-0.127044039102429,5.77991891782319,-0.834289343602989,0.407178374380765,0.643488374808417,-5.80240753522852
"ENSG00000114439",0.108428999132316,7.09988988456614,1.03950038050443,0.302429358275614,0.550496205775323,-5.80262881005268
"ENSG00000149136",-0.11978516041161,6.95365555053566,-1.03767400760864,0.30327264183989,0.551294411993234,-5.80275860915363
"ENSG00000197256",-0.205572510303827,5.57222389082605,-0.78615380847383,0.434638463182752,0.661634949083231,-5.80342550028237
"ENSG00000251600",-0.188026989762148,5.30324271562459,-0.663354428199554,0.50945306786714,0.717739931145637,-5.80427057481893
"ENSG00000125970",0.0807513132295643,8.27672230304506,1.13590154995833,0.260175066372581,0.508952876695807,-5.80510223544687
"ENSG00000116747",-0.112194401230703,7.19365132455546,-1.04539314444582,0.299719407663045,0.548311394542736,-5.80579603140383
"ENSG00000145743",-0.134938375294995,5.74178788165448,-0.789347332308354,0.432783394213298,0.660151011443192,-5.80640961636582
"ENSG00000116478",-0.0913818838749298,6.38947510831161,-0.943439513597183,0.348955110061871,0.593507397894834,-5.80652034679217
"ENSG00000163156",0.10847599752107,5.84070967192187,0.818824530172726,0.415883155503784,0.648092514640908,-5.80663033430899
"ENSG00000167005",-0.0959019790610594,5.60245220036612,-0.756352652256178,0.452174652594304,0.675576384960499,-5.80703904344069
"ENSG00000173065",0.120399799684683,5.23398192279703,0.64718624743063,0.51979406313607,0.724625909919476,-5.80727233448393
"ENSG00000143222",-0.111104183428318,5.94982849297217,-0.861885718307122,0.391923880708805,0.629982635363105,-5.80766610310752
"ENSG00000205730",-0.117014687435833,4.92546421334413,-0.612819300014915,0.542137372286304,0.742340407206681,-5.80772718363692
"ENSG00000088832",0.1460479961145,7.50414164053646,1.06651661301504,0.290141669847791,0.5389334528915,-5.80785073088458
"ENSG00000133318",0.168457591914271,6.26839032435089,0.877551421921785,0.383424304578751,0.622993024558614,-5.80837569922923
"ENSG00000220804",0.13031874606793,4.75560849322077,0.442173546396791,0.659833672592804,0.819975786561495,-5.8083826836056
"ENSG00000175489",0.113137588915786,4.70686987397333,0.515368094350136,0.608046935816968,0.784822111111141,-5.80849761548004
"ENSG00000100596",0.114866650957382,5.66879607433154,0.768516806604001,0.444967818626285,0.670590505083264,-5.80870562660227
"ENSG00000154188",0.228055155180325,6.14768876994339,0.870176904719876,0.387410938900524,0.62629519143325,-5.80903997277354
"ENSG00000032444",0.133031217108066,4.88121123963197,0.566184196108334,0.573221243035916,0.764482088631498,-5.80927769455271
"ENSG00000134909",0.20372750192416,6.37778727115059,0.892242480095103,0.375559330921591,0.61553767595091,-5.8094559002312
"ENSG00000198826",0.10937291965608,4.86018276751499,0.555612670725786,0.580386014844264,0.769280960880019,-5.80962445007851
"ENSG00000143324",-0.103477813552154,4.87994543559518,-0.517955017210981,0.606250908106346,0.783967469110698,-5.80972783354111
"ENSG00000115827",-0.100500910502522,4.96378892011625,-0.568364541398401,0.571748886477061,0.763427947821561,-5.81099083369044
"ENSG00000100906",0.124045022472272,6.99875793344168,1.02459594644064,0.309357823017199,0.557335125594478,-5.81116892767439
"ENSG00000198478",0.318244594521861,9.10844155188657,1.15299576018442,0.253141107233981,0.502086959505099,-5.81121543626805
"ENSG00000115694",-0.132127323690386,5.19533661926994,-0.67990651420216,0.498981791365004,0.709593526326428,-5.81136253353152
"ENSG00000145332",0.135709665790811,6.2097413676127,0.878349653149614,0.382994331015993,0.622480046352962,-5.81168848628468
"ENSG00000233276",0.222071104815381,9.02109692748102,1.15048754740899,0.254164622934177,0.502519789208772,-5.81173326232785
"ENSG00000166548",-0.109018361384345,5.32890308600166,-0.703306734684944,0.484380117594801,0.700345775121145,-5.81215230243465
"ENSG00000181274",0.161148674098659,6.55752005773091,0.961352827715442,0.339942982459108,0.585478270277023,-5.81222930017052
"ENSG00000114978",0.108258427220443,8.96031886477187,1.15154806457935,0.253731503196367,0.502117409885145,-5.81227184593901
"ENSG00000132694",0.13627287463344,6.33545871338996,0.928010051257188,0.35684096358687,0.601506673768957,-5.81235961147006
"ENSG00000187778",-0.106448652190817,5.01397902750342,-0.648342077263102,0.51905114613356,0.723960738385979,-5.8124903386648
"ENSG00000174243",-0.105580432164128,6.84897234575586,-1.01706575047653,0.312898806036226,0.559702613662318,-5.81325303843466
"ENSG00000122783",0.110129516641867,5.26051755191771,0.656582677493437,0.513770751927547,0.719173447199711,-5.81388251470397
"ENSG00000120549",-0.130766809781121,4.64837669807389,-0.502060337467161,0.617324237647698,0.790660303957094,-5.81413551972042
"ENSG00000099917",-0.100649769787686,7.0248453717629,-1.02893471604886,0.307329919033203,0.555482207694495,-5.81421386478517
"ENSG00000101079",0.11677853555584,6.19564085625331,0.866571817295568,0.389369212222929,0.627227518684363,-5.81454269167634
"ENSG00000070366",-0.0976060101459373,5.54097483892945,-0.758087914054317,0.451142460650073,0.675216733174229,-5.81457733905707
"ENSG00000116161",-0.129145388364059,5.81869472660016,-0.827743055529074,0.410849477771567,0.645091566115354,-5.81487663154421
"ENSG00000100722",-0.0978500463113932,5.78257409276469,-0.811361865151723,0.420123635280501,0.650896512153759,-5.81493460482426
"ENSG00000113068",-0.10760537739394,5.12345033270178,-0.656061601139359,0.514103797000357,0.719359675461984,-5.81505352378487
"ENSG00000158615",-0.108405617109456,4.97978734655718,-0.597714090267865,0.552110728376001,0.745990126402338,-5.81522807729451
"ENSG00000182551",0.163256012941474,7.0568176246661,1.00672661356159,0.317804988315265,0.563522063312575,-5.81530168131233
"ENSG00000139496",0.108281862440473,5.42230282249092,0.712879281933226,0.478475871433296,0.695686295054335,-5.81611131263452
"ENSG00000143774",0.153290781416352,7.54052677738409,1.07704914345219,0.285445636522548,0.533541521304925,-5.81714196430611
"ENSG00000204764",0.108698569081395,4.72943128080524,0.415281853442365,0.679305361426716,0.834089612137198,-5.81726965158128
"ENSG00000073050",-0.108565654945975,5.3512029337082,-0.698361045927858,0.487446330421492,0.701969344933702,-5.81734626228498
"ENSG00000176018",0.106141928617536,5.50301618105133,0.725194053766488,0.470939783290215,0.689143147828388,-5.81735854763767
"ENSG00000090686",0.0911561729040322,7.03620899498661,1.00778051195901,0.317302538133726,0.563342308015729,-5.81800480030939
"ENSG00000171055",0.100365686241046,5.64066313492518,0.742058980402637,0.460728799860176,0.680783971152221,-5.81846328438291
"ENSG00000173875",-0.0932075909905929,4.67254613108301,-0.511362198123416,0.610832894922369,0.786904140822196,-5.81981698320708
"ENSG00000146192",0.128869043368692,6.5751033919449,0.968498863901723,0.336390811137293,0.582350536725761,-5.81996295286954
"ENSG00000198742",-0.096505650894855,5.17090340538712,-0.633936964407165,0.52835004708355,0.732271438783725,-5.82001901194162
"ENSG00000233968",-0.186948044311206,5.20827557361126,-0.598124024616261,0.551838852966765,0.745990126402338,-5.82068722171413
"ENSG00000122203",0.137254341496474,6.31397184412177,0.887956237902093,0.377843403564825,0.617303292475659,-5.82078852612737
"ENSG00000120837",0.0972985226327632,5.33879034757726,0.677842109716241,0.500281369223103,0.710514311659924,-5.8209158784918
"ENSG00000135828",0.117918540346402,4.86995257190263,0.569444276533284,0.571020438301113,0.762854180447391,-5.82107829671288
"ENSG00000131558",-0.0836545004763209,5.89455909210851,-0.820261032381618,0.415069875218209,0.647566059618787,-5.82119150189969
"ENSG00000178980",0.109534870040853,5.35076681535,0.68515066250541,0.495688781048522,0.70737664971963,-5.82153434132523
"ENSG00000117640",0.174855188868119,5.52054832209943,0.684511416253159,0.496089553039432,0.707537645531691,-5.82197101527123
"ENSG00000239899",0.255812053082695,6.97308747937867,0.997064720506811,0.322436190805158,0.569118798672721,-5.82223072776954
"ENSG00000167670",-0.124177178563371,5.41131710386371,-0.696853291185812,0.488383231901428,0.702405450738908,-5.82229505909532
"ENSG00000204308",-0.0994138152743353,5.04243564239077,-0.581723527234166,0.562768150202254,0.755162778892089,-5.8224358717486
"ENSG00000175137",-0.117570507481702,5.67104022648694,-0.763313623844651,0.448042287643318,0.673070945924848,-5.82273332820981
"ENSG00000146007",0.109471749675974,7.3981707511324,1.04937207610714,0.297898985972708,0.546184953180801,-5.82391407454164
"ENSG00000116717",0.13441782722577,5.4595646988594,0.662542512096292,0.509969719851498,0.717779287717175,-5.82399679758216
"ENSG00000169756",0.270339821685978,9.42832444951275,1.14657059421843,0.255768885413179,0.504499959352281,-5.8241168553987
"ENSG00000111790",-0.119065140323175,7.0639328946246,-1.01262314248476,0.315000649158211,0.561770860477556,-5.82441477975833
"ENSG00000164985",-0.137334024861872,7.4321809425495,-1.05684716184404,0.294499496493057,0.543334040904849,-5.82485941593988
"ENSG00000211897",-0.199099982267716,5.42895401464442,-0.733183973404283,0.466086374550208,0.685169608351196,-5.82523609602645
"ENSG00000070614",0.157651961576619,6.20924605592409,0.842377616018963,0.402670285900077,0.639576594047702,-5.82563132780914
"ENSG00000136146",-0.0815366180664467,5.51689376838879,-0.72578982498182,0.470576905214685,0.688797146590436,-5.82634363696255
"ENSG00000197329",-0.11003096042008,6.3765433549921,-0.920484172549106,0.360728734222304,0.604320462497882,-5.82660295397836
"ENSG00000110048",-0.102230681574867,6.09751275382396,-0.873834448034613,0.385430462971209,0.624213970612002,-5.82776194665687
"ENSG00000076984",-0.111516021803971,5.85842339359523,-0.829037513254598,0.410121965549286,0.644832458387449,-5.82854117655948
"ENSG00000196865",0.115877926817697,5.7695087335638,0.761878378851705,0.448892516700165,0.673555793416368,-5.82937979652043
"ENSG00000275700",-0.115716744830427,7.32107409756594,-1.04788594919148,0.298578025324422,0.54695799662658,-5.83039053731224
"ENSG00000140598",-0.0857820740133644,4.81129416076079,-0.525321863851955,0.601149666721123,0.780706408652367,-5.83072021450781
"ENSG00000177981",0.119912313754396,5.80489702875034,0.766847494547155,0.445952842197714,0.671703368618509,-5.83078391701805
"ENSG00000166170",-0.139148020303501,5.95069060088571,-0.834329542021701,0.407155893453456,0.643488374808417,-5.8307967342434
"ENSG00000087191",-0.0922162442036676,6.42249505537904,-0.921879419895574,0.360005921343786,0.603921338072864,-5.83131085276261
"ENSG00000164733",-0.183724143003039,7.41114289987198,-1.04691767908603,0.299021014676832,0.547585374103993,-5.83210656416678
"ENSG00000188677",0.185642783933407,6.94397346454795,0.966091470605897,0.337584746057887,0.583120385708107,-5.83212730898129
"ENSG00000139645",-0.105278584784599,5.09707554685248,-0.610385953951709,0.543737779854581,0.742340407206681,-5.83285756291308
"ENSG00000188895",0.142231872751664,7.1929863422746,1.02270722538113,0.310243415448096,0.557754934016487,-5.83298517313803
"ENSG00000198089",-0.0985499248477613,5.26718733909968,-0.623540748535049,0.535114645108132,0.736373979931575,-5.83347435845059
"ENSG00000198945",-0.113337778168856,5.63910237078511,-0.748458262627682,0.456887705294763,0.677497065445256,-5.83353190680904
"ENSG00000140350",-0.129677107624422,8.77705728835023,-1.13165445999066,0.261943935533006,0.510214716047128,-5.83414788035452
"ENSG00000100139",-0.12600309765409,5.24222607815538,-0.649445242227009,0.518342603463068,0.723342854422848,-5.83460322473435
"ENSG00000205352",0.0971877351457104,5.24644290707905,0.650593197637814,0.51760583625608,0.722684929759899,-5.8348291118872
"ENSG00000104320",0.120549539785181,6.31406154408228,0.89275382447667,0.375287427102436,0.615462342821815,-5.83491723938185
"ENSG00000204356",-0.126330400161067,5.35616551656732,-0.711027364572197,0.479614966375624,0.696598882056527,-5.83528191160007
"ENSG00000087088",0.101430767793009,5.4007510679148,0.697842383098531,0.487768509477502,0.701969344933702,-5.83636371737346
"ENSG00000162385",-0.0994197890614572,5.35583365499001,-0.697530171887384,0.487962503156212,0.701985666014007,-5.83648303098246
"ENSG00000170145",-0.109458581264575,5.00749541524787,-0.560209887566901,0.577265011941304,0.766386429398156,-5.83659149245197
"ENSG00000101333",0.128830579222122,5.36565555508479,0.628310579769256,0.532005477034733,0.734879776593616,-5.83712987721568
"ENSG00000106355",0.102675270347772,4.94102981949939,0.562940284844637,0.575415210259662,0.766058539482653,-5.83722009144378
"ENSG00000115539",-0.104613828803289,4.88297267425416,-0.53897267309424,0.591749845362217,0.776105982446587,-5.83745762250317
"ENSG00000112972",0.0896373821138399,4.97040022512405,0.538017114794669,0.592405581157506,0.776105982446587,-5.83787949087322
"ENSG00000104972",0.138609293841067,5.37176541662409,0.680831285263224,0.498400228048872,0.709030001095874,-5.83856271625725
"ENSG00000242802",-0.108492637723745,4.79918229773086,-0.496282302944168,0.621371965856075,0.793791935996368,-5.83896793412322
"ENSG00000078142",0.179758478558123,7.45266563914196,1.02964416075157,0.306999189206985,0.555289370119407,-5.83899842455037
"ENSG00000177853",-0.0924944485078516,5.56982995179953,-0.728087158872128,0.469179102864146,0.687392389254905,-5.8391423775104
"ENSG00000229754",0.340958438677619,8.61159012796226,1.11659629185204,0.268283954031169,0.517101456589594,-5.83937309449119
"ENSG00000114853",-0.104934446620807,4.75369126454199,-0.487267512895845,0.627710607062674,0.797429122450047,-5.83993910043266
"ENSG00000174373",0.0862586686742768,5.11816242586197,0.555863701452543,0.580215384055727,0.769280960880019,-5.84021011561859
"ENSG00000110799",0.17329474802357,5.97365925754223,0.762765901654328,0.448366643915314,0.673291476309435,-5.84098696752408
"ENSG00000111145",0.168125254854444,7.27325769970359,1.00875382124864,0.3168389827622,0.563228151027891,-5.84138711763284
"ENSG00000169139",-0.0867500424336836,5.10935861668182,-0.574063659749341,0.567909065403314,0.760188842338392,-5.84144821767914
"ENSG00000171223",0.146518849744608,7.10500300521285,1.00747367768154,0.317448767549246,0.563342308015729,-5.84148214164754
"ENSG00000104885",-0.103609197686348,5.42722078249662,-0.673484231155552,0.503030749545082,0.712557235176549,-5.8415312691768
"ENSG00000160691",0.0993271235925404,5.79136176177588,0.763670327666608,0.44783112413357,0.673057282094537,-5.84181602948923
"ENSG00000113810",0.0937183986002994,6.8921469395802,0.96930034105355,0.335993939971888,0.582218236334388,-5.84185578495241
"ENSG00000081014",-0.0915775678165129,4.94819106270418,-0.527231082646067,0.599830852961425,0.780212440888877,-5.84214947835461
"ENSG00000144566",-0.0841095567820922,6.43790642912097,-0.901453087146264,0.370680737503744,0.611774813062829,-5.84246049881336
"ENSG00000198862",0.101779696425078,5.03494029061041,0.560741641787008,0.576904532064958,0.766386429398156,-5.84276945590364
"ENSG00000182827",-0.107558071595642,6.7456266090226,-0.963795892217825,0.338725818904393,0.58416532491014,-5.84287455054386
"ENSG00000171475",-0.0924843650197893,6.77165471805667,-0.957422801714545,0.341906979673126,0.587234938606303,-5.84290928948127
"ENSG00000028310",-0.108969110660919,5.02926218128607,-0.585656348318417,0.560137597540951,0.752745345684041,-5.84295667010346
"ENSG00000105185",-0.107573289433374,5.29616884194105,-0.668460355258456,0.506210417039201,0.71427981145547,-5.84307055030001
"ENSG00000197892",-0.110433483283363,6.03707073564926,-0.837366403276641,0.405459722572797,0.642508600516753,-5.84364497319463
"ENSG00000186951",0.101883447219298,5.00735046079645,0.535366683447589,0.594226177756243,0.777086945851179,-5.84384663819066
"ENSG00000132357",0.121685554191706,6.1307620883393,0.833622122158018,0.407551627954747,0.643488374808417,-5.84405655629715
"ENSG00000090266",0.106711266745795,5.68792604657103,0.77509820547683,0.441096674386862,0.667711776065469,-5.84427049571859
"ENSG00000176386",0.0973811671303553,4.77619813749627,0.463280509745204,0.644713210195201,0.808004961845746,-5.8444030634531
"ENSG00000105968",-0.106982937641481,6.91311780350147,-0.980113751087981,0.330669573563162,0.57666063917161,-5.84536181949197
"ENSG00000168495",-0.0821649302456091,4.84310947366651,-0.497322701535354,0.620642256979817,0.793164207371814,-5.84722160594475
"ENSG00000102786",0.0971911483024925,6.25349751523454,0.858838984504609,0.39359040345645,0.630670740597276,-5.84823771436057
"ENSG00000100364",0.1189155730544,7.55566122390963,1.05152508119825,0.296917111412842,0.545078438872126,-5.84915248143567
"ENSG00000064393",0.101625166195042,9.72030103270847,1.12430940027298,0.265023110958103,0.512911512788541,-5.84968224266879
"ENSG00000278730",0.142938909836033,5.87985967883948,0.7510632862595,0.45532935804234,0.677029023639374,-5.84987470393961
"ENSG00000104859",-0.111961537902022,5.1884333067067,-0.606199377509529,0.546496901494828,0.744142744149918,-5.85022224632857
"ENSG00000161847",-0.0810517793342438,4.80961770571121,-0.499679429706377,0.618990721300133,0.791796536661922,-5.85082969946291
"ENSG00000132182",-0.0984574545311077,4.94359768748482,-0.501910640658474,0.617428956620048,0.790660303957094,-5.85101970894889
"ENSG00000155096",0.109322678039192,7.8556535621078,1.05914635292308,0.293459250694478,0.542322251622631,-5.85125584164957
"ENSG00000169813",0.0851212994097903,8.5611998684065,1.10835757036645,0.271798046715079,0.521000636029421,-5.85126362900025
"ENSG00000186660",0.0832390233406235,5.39403261492461,0.65739368483663,0.513252626587297,0.718817560320718,-5.8514693770107
"ENSG00000140829",-0.115753183947156,7.14795653135589,-1.00847672405135,0.316970908783317,0.563228151027891,-5.85162052191698
"ENSG00000149308",0.107656434064772,6.0714450549494,0.806342363605847,0.422990413341065,0.651895833630021,-5.85181924397854
"ENSG00000179094",0.114632176740746,5.13489476452993,0.561711063061882,0.576247634165798,0.766386429398156,-5.85185143383956
"ENSG00000112079",-0.0908547546571574,7.70502987125865,-1.05233931261989,0.296546360212136,0.544924371301408,-5.85246828086793
"ENSG00000079739",-0.0894074287198032,4.92363863372127,-0.487161735301867,0.627785151649826,0.797429122450047,-5.85268700265662
"ENSG00000105507",-0.0581876348494239,4.45780892532542,-0.16704312734201,0.867855500571521,0.939975500420208,-5.85272966752138
"ENSG00000148943",-0.104536125086163,5.70380324524315,-0.725856475519543,0.470536318888857,0.688797146590436,-5.8530860913716
"ENSG00000136485",0.0970568328990851,7.19147176681613,1.00853494214622,0.316943188080053,0.563228151027891,-5.8536756702961
"ENSG00000173757",-0.0986127030274453,7.79467189634375,-1.06067211059964,0.292770331102828,0.54152939930953,-5.85372776528198
"ENSG00000140563",0.0978485688686552,6.72742609223752,0.926918144998377,0.35740334706701,0.601895961304813,-5.85381501706944
"ENSG00000196922",-0.0871579508249196,4.88851806019346,-0.507848516140952,0.613281293891367,0.78838048351113,-5.85390769687377
"ENSG00000168090",-0.106023129734798,5.66543673609656,-0.747750420743367,0.457311671517394,0.677756797178118,-5.853919852323
"ENSG00000127914",0.13477624443723,6.80334605809231,0.934610418693464,0.353453617203995,0.598017175940175,-5.85396459788695
"ENSG00000166439",-0.113613350779479,6.2286747580235,-0.866875417824797,0.389204060016855,0.627227518684363,-5.85403487739251
"ENSG00000100591",-0.116862420262525,6.49134385678171,-0.913397472916607,0.364414394838841,0.606763332237777,-5.85416772067033
"ENSG00000142867",0.10112053616767,5.17465991995403,0.593444277847588,0.554946534937653,0.748394977357464,-5.85488422695279
"ENSG00000101445",-0.14236463382273,6.6311316360891,-0.950566518735942,0.345351095935479,0.589803376381345,-5.85550120504822
"ENSG00000143155",0.105154551344341,5.39062475377608,0.657852728679124,0.51295948234784,0.718817560320718,-5.85584552294478
"ENSG00000136040",0.130236899704459,6.04587875575583,0.82164643471351,0.41428643704037,0.647313094476152,-5.85618005651623
"ENSG00000171148",-0.118131012793193,6.9272331324692,-0.959298778689811,0.340968551214812,0.586269643089083,-5.85621338269609
"ENSG00000105559",0.125765232431112,4.78186897248623,0.467810136842237,0.641487532727584,0.806373806714323,-5.85645653837308
"ENSG00000116667",-0.120145991229648,6.39005290656833,-0.873706499278732,0.385499637270104,0.624213970612002,-5.85668740839497
"ENSG00000120533",0.0943700668295318,5.04258112619171,0.537495367689306,0.592763765227652,0.776105982446587,-5.85728195787917
"ENSG00000168924",0.0901260106936874,4.76559944556095,0.47943789544385,0.633238830654118,0.800497477614414,-5.8573740406725
"ENSG00000152778",0.0824542800666856,4.99492158893932,0.526424214794397,0.600388042277151,0.780572256615275,-5.85747630531262
"ENSG00000165632",-0.107168602102368,5.69915225762622,-0.751565943709765,0.455029016860078,0.676951961729575,-5.85754580422499
"ENSG00000164975",-0.0776980127234363,5.00394896475913,-0.533187235225989,0.595725211850797,0.778299989007948,-5.85819063249122
"ENSG00000059804",0.139035163375627,6.49883299974114,0.867877667642819,0.388659167246721,0.627227518684363,-5.85822106079636
"ENSG00000198431",0.105178055903162,6.6405169732184,0.907184952792713,0.367665149544757,0.609685896951149,-5.85825966461752
"ENSG00000083097",0.0892816711771145,5.28124557671098,0.592778606731772,0.555389297624124,0.748394977357464,-5.85842838272114
"ENSG00000201185",-0.312675780854112,7.02681456028385,-0.990843554712149,0.32544188848163,0.572122429315237,-5.85846399611482
"ENSG00000135049",0.09285566854681,7.73854013453503,1.04617165812119,0.299362629704635,0.547842662623733,-5.8594307574194
"ENSG00000171109",0.0849564584469427,5.09812379104826,0.538716741864475,0.59192544041261,0.776105982446587,-5.85984594441827
"ENSG00000189043",0.0999211757850604,5.51355091883916,0.667602277883352,0.506754583580035,0.714677445338864,-5.86000609104512
"ENSG00000183684",0.0973994394593305,5.27362428445263,0.624521702208524,0.534474455062723,0.735864753899852,-5.86092861356425
"ENSG00000145632",-0.135510682471823,4.99791950181913,-0.534955721183975,0.594508704370826,0.777123670561698,-5.86102605715812
"ENSG00000010810",-0.110825477578048,8.14612060568349,-1.07714142058423,0.285404727502246,0.533541521304925,-5.86127149290047
"ENSG00000133812",0.111867943085255,6.01593989467225,0.808448997296077,0.421785831013123,0.651134327667495,-5.86153942819396
"ENSG00000003393",0.07376291591775,4.65716361728063,0.308062351937875,0.7590214580335,0.881319033113067,-5.86158214909285
"ENSG00000132953",-0.0778819426861643,5.29931273347139,-0.610778937826089,0.543479152258881,0.742340407206681,-5.86210616112592
"ENSG00000049323",0.251780090043219,8.21784465486803,1.0699975233017,0.288583819216286,0.537084203630629,-5.8622560938517
"ENSG00000225630",0.498651641389573,9.19228807563025,1.10716609255331,0.272308909510674,0.5211408023313,-5.86225719233582
"ENSG00000146386",0.119393832983962,6.42674712154133,0.889795682094365,0.376862121251601,0.6172616878767,-5.86236916971416
"ENSG00000119669",0.0866938294163226,5.22674212032682,0.597699964395376,0.552120098093417,0.745990126402338,-5.86261609515417
"ENSG00000109272",0.354461297524139,9.70922855936193,1.11200721158388,0.270237392080947,0.519863457647245,-5.86276867561101
"ENSG00000112297",-0.104114787205649,6.94389828914869,-0.974524342927503,0.333414705095937,0.579620000583862,-5.862855367123
"ENSG00000078668",0.154576185238221,6.9113921549629,0.939052215330644,0.35118580973096,0.59584562174222,-5.86328950296809
"ENSG00000141759",-0.0967334246086553,5.80877729936407,-0.751075355938093,0.455322144990953,0.677029023639374,-5.86362749518873
"ENSG00000166794",-0.120408259968522,6.1647814343059,-0.843798350669604,0.4018815960623,0.638882677370123,-5.86371604745077
"ENSG00000168216",0.0911704400635438,4.99048603303144,0.428099449002345,0.669996080014647,0.827474590675836,-5.86407666684384
"ENSG00000064042",0.156363467070169,5.7809697127869,0.750262802421796,0.4558078881331,0.677327021636693,-5.86427920797408
"ENSG00000183864",-0.108819247526903,5.91137636036983,-0.798749641555386,0.427349034937386,0.65657009090211,-5.86467510779437
"ENSG00000188994",0.101573804948011,6.72183010191035,0.917471699270973,0.36229253184822,0.605636610466125,-5.86536828529975
"ENSG00000011260",-0.0946139345845127,5.54652188803604,-0.67187990821991,0.504044968600414,0.712557235176549,-5.86661180423013
"ENSG00000107521",-0.130591341641774,6.65668592319724,-0.907569612218462,0.367463337980278,0.609685896951149,-5.86689392804643
"ENSG00000181826",0.104188118630097,5.62695900940487,0.655079963843899,0.514731520805949,0.719778574268688,-5.8669395805303
"ENSG00000172869",-0.103639786231474,6.32756569346374,-0.851701762498185,0.39751152568376,0.633599412500036,-5.86728692513797
"ENSG00000205937",-0.100218149874815,7.22892536262218,-1.00053248411207,0.320768841981777,0.567570201726768,-5.86783656353665
"ENSG00000144802",-0.129210440585718,6.10641287868508,-0.820317410581906,0.415037976146739,0.647566059618787,-5.86827020665218
"ENSG00000110047",0.119948391728519,8.28524439285854,1.07370820758279,0.286929498798132,0.534973274966537,-5.86871404273866
"ENSG00000138069",0.103664419989202,7.34541529030944,0.990590892538186,0.325564352655988,0.572144100294759,-5.86872484030626
"ENSG00000170606",0.114477134126671,7.36238714992593,1.00689972794669,0.317722418752714,0.563522063312575,-5.86881368781785
"ENSG00000043143",-0.112697268753578,7.08641487796746,-0.991073013178242,0.325330697604638,0.57211156893159,-5.86913137740256
"ENSG00000130699",0.0849954130260562,5.31046340276751,0.606919987087903,0.546021485676337,0.743985888216051,-5.86926945189113
"ENSG00000057663",0.0741996467660879,4.82713128172424,0.398148634696787,0.691827390738251,0.841361683544603,-5.86953581308793
"ENSG00000178996",-0.111815659406704,6.67745402715562,-0.924730880848507,0.358531608320145,0.602678248111123,-5.8700030876491
"ENSG00000204642",0.148349015354998,6.92309273545149,0.943622442565453,0.348862301161196,0.593507397894834,-5.8706016625504
"ENSG00000100991",-0.0958967813111551,5.48956662215791,-0.669037762489134,0.50584442006339,0.714001260094918,-5.87071101045826
"ENSG00000113384",-0.0977582529170844,6.55374962863269,-0.898265525301619,0.372364523233258,0.612697651034366,-5.87078755231897
"ENSG00000071246",-0.123098390194698,6.99469906301267,-0.955307814982874,0.34296699474453,0.587573643826477,-5.8709978615491
"ENSG00000164258",-0.110490630755564,5.4267031178812,-0.628582426143072,0.531828559058929,0.734879776593616,-5.87132180220496
"ENSG00000198824",-0.0750180003957945,5.18715149130075,-0.571577694481552,0.569582448807103,0.761493295975729,-5.8718062446766
"ENSG00000141858",-0.102587936406467,4.99703810932566,-0.479163010281946,0.633433301394225,0.800497477614414,-5.87234321304213
"ENSG00000170248",0.0940424257498833,6.74308001356539,0.926156138951702,0.357796154413032,0.601939868872388,-5.87242613985281
"ENSG00000122550",0.0781999570730516,4.66078986874664,0.284769174489593,0.77672772228433,0.890303520093632,-5.87370454615431
"ENSG00000049656",0.0706918670093062,4.926845894302,0.430254771314022,0.668435724461356,0.826898292663862,-5.87396455401016
"ENSG00000087274",-0.0937248979277712,8.55318905873482,-1.08590892592271,0.281536339451548,0.531097637580344,-5.87409065803027
"ENSG00000137822",-0.0644737824847672,4.86628916998336,-0.338820082102026,0.735839086641687,0.865925739454263,-5.87417061035625
"ENSG00000136147",-0.111820125381461,6.27271326092777,-0.841604645902172,0.403099781884517,0.64000386494412,-5.87447942593795
"ENSG00000151694",-0.0836017558535334,5.14793149273623,-0.494638925573619,0.622525365020916,0.794308553463297,-5.87470798622801
"ENSG00000092108",0.107555360969934,6.82900767337457,0.915360678011306,0.363390964416288,0.606502482750904,-5.87534468420569
"ENSG00000184752",0.112445266303135,5.09926425365581,0.554717664042605,0.580994565140768,0.769280960880019,-5.87536167953243
"ENSG00000119285",-0.0972956839366939,5.39869327380433,-0.643607130577287,0.522098118345778,0.725794985646286,-5.87569818039515
"ENSG00000166923",0.416656820702303,6.74448050341894,0.918543512870599,0.361735648015872,0.60508192342163,-5.876029048358
"ENSG00000025293",-0.0964206883264351,6.5991274756594,-0.893049044279726,0.375130502704034,0.615400435636866,-5.87610721719702
"ENSG00000166200",0.0969307697838255,6.21206122781083,0.821209658531902,0.41453333515606,0.647313094476152,-5.87660527649105
"ENSG00000143119",0.114030727878794,6.39262474864026,0.860374358593499,0.392750026127763,0.630322819241753,-5.8769770712762
"ENSG00000041353",0.265248702550259,8.21720642664237,1.05648393028716,0.294664068002955,0.543334040904849,-5.87717793162778
"ENSG00000239713",0.117957521272954,5.98615188118332,0.78905766862032,0.432951461800023,0.660151011443192,-5.87739979476756
"ENSG00000065548",-0.0979997486060373,6.42975726153497,-0.873612128667788,0.385550662832119,0.624213970612002,-5.87795028676927
"ENSG00000167613",0.102908815442337,5.10231605973522,0.531314392342246,0.597014769345529,0.778707696736878,-5.87821751897283
"ENSG00000157191",-0.0978860663456711,6.57363753306149,-0.898286136754526,0.37235361995919,0.612697651034366,-5.87837544914372
"ENSG00000166503",0.0992385188893001,5.22835543400665,0.54411461144558,0.588227146984668,0.773402544096508,-5.87846640263578
"ENSG00000143106",0.12404699343566,6.1042665097997,0.81082555294663,0.420429379778799,0.651032317456324,-5.87849839071755
"ENSG00000100647",0.0802029743291026,5.04518570237933,0.438789313682137,0.662271540214162,0.822577110698643,-5.87981614263124
"ENSG00000188243",-0.127131669291282,6.57494590319472,-0.908056966365954,0.367207749063486,0.609685896951149,-5.88009457160698
"ENSG00000110046",-0.10700699912385,5.30060866440866,-0.594746693327689,0.554080760750973,0.747926656236695,-5.88098299408472
"ENSG00000151023",0.274678284014022,6.6462118635361,0.880379336331522,0.381902388322792,0.621564452431927,-5.8811697721883
"ENSG00000011523",-0.0961862930199429,5.21626830872493,-0.554627857501694,0.581055645011248,0.769280960880019,-5.88180752170815
"ENSG00000164024",0.0731556616544786,5.30144231549577,0.576614300944685,0.566194652403887,0.758639563771859,-5.88194861384092
"ENSG00000122390",-0.0879674544739482,5.51605378928468,-0.602780877824135,0.548755081407774,0.744959522894574,-5.88206041862736
"ENSG00000106400",-0.06284537884809,4.76691223297165,-0.367906054550053,0.714140484681518,0.856214207866397,-5.88213500226394
"ENSG00000169251",-0.0867482385497915,5.09960728154479,-0.508087952478026,0.613114309522686,0.7883518428793,-5.8826830309696
"ENSG00000196428",-0.0763805914577107,5.04623928123765,-0.483647571829182,0.63026389161387,0.798866645654358,-5.88273947134544
"ENSG00000168769",0.109694375505329,8.26643409103983,1.05752476032501,0.294192661384729,0.543334040904849,-5.88310949389537
"ENSG00000105819",-0.0885984229704011,5.45028735876918,-0.652589605540661,0.516325847258202,0.721279654423059,-5.88337161761922
"ENSG00000113391",0.10128666173541,5.54455315537416,0.607999718999124,0.545309534966934,0.743985888216051,-5.883458101954
"ENSG00000168724",-0.0982088335976279,6.72164524169153,-0.913574546101417,0.36432200997596,0.606763332237777,-5.88347425809947
"ENSG00000086232",0.194609857301348,9.36636279112302,1.09130157398747,0.27917516289559,0.52884085099276,-5.8835181066425
"ENSG00000167283",-0.107045497476059,6.76258442581639,-0.907875836744839,0.367302727780324,0.609685896951149,-5.88362319047742
"ENSG00000122591",-0.101782801181711,6.1886780475125,-0.793944347418676,0.43012130773032,0.65841553372149,-5.88370954533186
"ENSG00000116754",-0.0989937375429166,6.55122696128239,-0.881174725924713,0.381475012675453,0.621122495234868,-5.88482512685275
"ENSG00000077238",0.127662152484731,5.11886109027685,0.529414117547536,0.598324541871439,0.779266579994167,-5.88561976764841
"ENSG00000183020",-0.104640522035008,5.70670688004707,-0.704658472128258,0.483543936974604,0.699722097267813,-5.88566103834546
"ENSG00000126804",-0.101280460791958,6.13210009595176,-0.808251434332892,0.421898710841824,0.651134327667495,-5.8865563296941
"ENSG00000133805",-0.125730831645399,5.56959852071557,-0.652576016126172,0.51633455437774,0.721279654423059,-5.88661734611372
"ENSG00000104731",-0.0853720438685128,5.06016788559738,-0.500620612870262,0.618331712859356,0.791139307575803,-5.88686533007435
"ENSG00000106348",0.130076118097524,6.86365437020364,0.926551804133169,0.35759215783804,0.601939868872388,-5.88693742103997
"ENSG00000040633",0.096819793348847,5.72639593369718,0.703650769600278,0.484167222591661,0.700223793119025,-5.88696256739849
"ENSG00000114982",0.125062023790254,6.68860714421584,0.872148327364313,0.386342671059555,0.624939094991822,-5.88767248257803
"ENSG00000116266",0.100611877299027,6.19449084279261,0.781462274437187,0.437372208001225,0.663733646014116,-5.88779407643635
"ENSG00000119414",0.092735271467113,6.28227764413862,0.808295063405014,0.421873781319959,0.651134327667495,-5.8878153073999
"ENSG00000110442",0.0589896355352488,4.65147104915853,0.285835799939273,0.775914250006187,0.88989808146275,-5.8878418734542
"ENSG00000068903",0.090949494149112,5.3250958251964,0.548076467167892,0.585519695285326,0.772188646796044,-5.888249333115
"ENSG00000113369",0.114893766783696,6.50716257671893,0.869876119921376,0.387574089040365,0.626373075375826,-5.8884892443596
"ENSG00000004478",0.111202405831301,5.69872580978317,0.705721249116777,0.482887069678711,0.699114737074042,-5.88889551979459
"ENSG00000125826",0.0995900110516157,6.26259534219582,0.823760046721663,0.41309292568951,0.64670409745875,-5.8889428229959
"ENSG00000200275",-0.2318909629734,5.56900616161628,-0.694413983812112,0.489901091097466,0.703314717617853,-5.88936621569688
"ENSG00000091140",-0.0840578216179102,5.42854349800075,-0.598343242541364,0.551693491542283,0.745990126402338,-5.88947069795355
"ENSG00000141480",0.115213440514683,8.18171551570609,1.05355172498897,0.295994889228456,0.544422740214932,-5.8895296624998
"ENSG00000147459",0.114906125545719,7.67992193616439,1.00765987505846,0.317360025221344,0.563342308015729,-5.88987143292087
"ENSG00000117036",-0.103095970850961,5.91126784624706,-0.765618466575755,0.446678875600201,0.672610976857351,-5.88989744259448
"ENSG00000117697",0.0918436708693422,5.40425087921503,0.606787943987017,0.546108584246694,0.743985888216051,-5.89005836780133
"ENSG00000110931",0.104234146886871,5.9601973677063,0.748682787635192,0.456753271890552,0.677497065445256,-5.89007313270787
"ENSG00000121022",-0.0950503738304631,5.66985621096558,-0.670447793157299,0.504951253293435,0.713057135288397,-5.89053271048793
"ENSG00000099337",0.0845716906692999,5.15060620884491,0.453727220653164,0.651538802829548,0.813751352089724,-5.89062456531038
"ENSG00000058729",-0.0740260464871625,4.73505963929646,-0.374440924915493,0.709296994780477,0.853144601749549,-5.89078494971059
"ENSG00000171310",0.0882206604274565,5.42421597437732,0.605869530982777,0.546714584816603,0.744253137951238,-5.89083794796091
"ENSG00000149923",0.115131773240839,7.0687221967361,0.949868658170911,0.345702916965414,0.590034301888338,-5.89114969867335
"ENSG00000204389",-0.090907951496062,4.91616634696487,-0.430845737853584,0.668008147061446,0.826898292663862,-5.89122538942217
"ENSG00000113532",0.116105066643314,5.58031147484508,0.645042869886679,0.521173216753752,0.725794985646286,-5.89147886984995
"ENSG00000172794",0.22977489255531,7.83690617961782,1.00986373037535,0.316310924363966,0.563157488867611,-5.89167777093651
"ENSG00000141401",0.108104423787365,5.02220192063346,0.459000693475112,0.64776729214084,0.810341264657473,-5.8917649414953
"ENSG00000163785",0.0735632726319748,4.91551977885185,0.351641431561667,0.726246337991635,0.862310282833286,-5.89200285972648
"ENSG00000070495",0.0782945779715929,4.78961636581419,0.350507662194625,0.727092865622271,0.862310282833286,-5.89233690571161
"ENSG00000167081",0.112177062829459,5.75176275384784,0.655754842764359,0.514299914817259,0.719359675461984,-5.89239875959944
"ENSG00000131759",-0.125716547573526,6.87775575358384,-0.931517245426767,0.355038453693787,0.599953317532182,-5.89271822629659
"ENSG00000148719",0.0743714276747047,4.96502372622735,0.359315373833619,0.720525636719223,0.859707330014526,-5.89294171062145
"ENSG00000148690",-0.0800284377686955,5.34215785566245,-0.545770297161481,0.587094964962907,0.773143188087484,-5.89334454841182
"ENSG00000075234",0.11478935077436,5.01505742288721,0.483063228903171,0.630676476314132,0.798866645654358,-5.89371998716976
"ENSG00000148843",-0.0931602377111398,6.30318958212584,-0.809323959890611,0.421286129143173,0.651134327667495,-5.89409229707288
"ENSG00000163605",-0.090051615585705,6.36191969399973,-0.828579298702064,0.410379402050953,0.644865007895469,-5.89472523691409
"ENSG00000081665",-0.0703958583289443,5.03036295459494,-0.465164083188186,0.643371027548153,0.807251349166821,-5.89491823106867
"ENSG00000150457",-0.0656369934241834,4.91494220420125,-0.341419617236042,0.733890684984728,0.865925739454263,-5.89586624531321
"ENSG00000106609",-0.0907327250728782,5.52959480228024,-0.58756237983106,0.55886490457564,0.751591212078027,-5.8961888799928
"ENSG00000178163",-0.083640794744297,5.37652345850455,-0.58230836298983,0.56237658424066,0.755009273273316,-5.89651837506054
"ENSG00000071242",-0.113463166437606,6.03209777798536,-0.767312461474566,0.44567834803086,0.671475564179238,-5.89696335906065
"ENSG00000146232",-0.0684914720676888,4.89668502548901,-0.423438122049846,0.673375649315907,0.8301766321505,-5.89753337640608
"ENSG00000120705",-0.102366607934583,6.33248717855825,-0.827283889764417,0.411107726814582,0.645141926610247,-5.89770864432288
"ENSG00000131507",0.110499548241438,5.84232945695167,0.668978543740234,0.505881950067251,0.714001260094918,-5.89772596387005
"ENSG00000131389",-0.130696380547136,6.23162729285962,-0.776882992156875,0.440050285328089,0.666649416284232,-5.89848491142536
"ENSG00000132485",-0.0972263088186862,5.70211187590768,-0.68995182207385,0.492684380070653,0.705425624868572,-5.89955166370249
"ENSG00000132970",0.133442297664214,5.45822727411229,0.519900972561406,0.60490148832051,0.783237866056679,-5.89957055055798
"ENSG00000110876",0.107195840253709,5.50894202247142,0.629404618399799,0.531293660969512,0.734641590091853,-5.89980535105124
"ENSG00000196544",-0.0242826070009183,4.75541747329422,-0.118579189959147,0.905975018311593,0.95580013550766,-5.89988254303627
"ENSG00000111647",0.0801157372132346,5.88403735739065,0.719537862092939,0.474392770898105,0.69233640928285,-5.89992299033966
"ENSG00000021762",-0.113463889654568,5.60470888575592,-0.661281813135994,0.510772504442449,0.71827327187189,-5.89993523679241
"ENSG00000155629",0.136967602429877,8.36357127774896,1.05434999724019,0.295632175367042,0.544001038453384,-5.90052685042261
"ENSG00000176261",0.0976773562592728,5.60704541596389,0.625713666049006,0.533697088169595,0.735469752846199,-5.90074714332353
"ENSG00000253352",-0.100836101522431,6.18071958963759,-0.757890307242647,0.451259934927931,0.675216733174229,-5.90126137969389
"ENSG00000109686",-0.0588986658985586,4.58286043209208,-0.213511154956003,0.831597616583087,0.919907373633433,-5.90141993595382
"ENSG00000129562",0.174752136850855,6.85528992862977,0.881328964651334,0.381392172500369,0.621122495234868,-5.90166319505141
"ENSG00000143669",-0.0885172632473266,7.92384799151177,-1.02138261840039,0.310865524209617,0.558010977028505,-5.90166615573688
"ENSG00000187840",-0.0923339979712043,5.24133324629747,-0.527238674071043,0.59982561177704,0.780212440888877,-5.90252314426141
"ENSG00000121552",0.0707873318775594,4.80702900384336,0.314708453532041,0.753992590716969,0.87868037621986,-5.90279434442834
"ENSG00000129993",-0.0880018890892247,5.96971832361485,-0.742825832590015,0.460267533593309,0.68047151235179,-5.90306268438095
"ENSG00000178585",-0.0664334553670054,5.07851930990997,-0.403941654599434,0.687583618563285,0.839074367122627,-5.90319399445727
"ENSG00000108405",0.0592444656245403,4.92272738686807,0.231333069219215,0.817783853305553,0.914655395772665,-5.9032119419508
"ENSG00000196072",-0.0980946396229152,5.37532577053579,-0.575131058771241,0.567191304111619,0.759414653428385,-5.90376606287496
"ENSG00000108561",-0.116063535484696,5.76602643696966,-0.707960037736253,0.481504972719294,0.697669971110296,-5.90417620516064
"ENSG00000196576",-0.119848622099249,5.23412588195314,-0.523226287953921,0.602598748927985,0.781842815946573,-5.90422186231135
"ENSG00000175387",0.0996518752412978,7.96769414949756,1.01468142184329,0.314025678592004,0.560738084880118,-5.90500405305344
"ENSG00000136754",0.122991928277415,7.36734848233979,0.956158312913928,0.342540473651589,0.587573643826477,-5.90508357830737
"ENSG00000199994",-0.261954717852061,6.47604606714829,-0.859614484479084,0.393165799253865,0.630361175495897,-5.90515812870966
"ENSG00000198355",-0.0982578432064889,5.27438537505537,-0.532119302499918,0.596460384266465,0.778707696736878,-5.90544855808063
"ENSG00000147894",-0.0518821965894247,4.79232298657986,-0.266344536355109,0.790818267782422,0.899264855537181,-5.90571359200153
"ENSG00000107651",-0.090583135881511,6.26198775568991,-0.794119099673805,0.430020302706442,0.65841553372149,-5.90573029586781
"ENSG00000103490",0.123675421319468,6.60289770553596,0.864911157441269,0.390273347497455,0.628375269959083,-5.90576746879753
"ENSG00000130165",-0.0702642734751109,4.83003703996225,-0.393990670156261,0.694879502394816,0.84332892159656,-5.90577735517415
"ENSG00000129422",0.0304208690946179,4.50030527160434,0.10812759848071,0.914228074338499,0.958936185790555,-5.90611743420858
"ENSG00000103266",-0.109798519850002,6.03633191877235,-0.752127853069175,0.454693407448401,0.67683407161316,-5.90619605001551
"ENSG00000184588",-0.110198076285232,5.48181512976839,-0.627033230879564,0.532837185604247,0.735096730101782,-5.90623159259177
"ENSG00000278705",-0.178866821409191,6.13199813478346,-0.78508462600395,0.435260583244181,0.661634949083231,-5.90633445119086
"ENSG00000114933",-0.0867887392606157,6.36348271083451,-0.819378415869382,0.415569457378491,0.647788956737631,-5.90635318048977
"ENSG00000134369",-0.0766718111234947,4.95630317780228,-0.39539967897777,0.693844663702383,0.842636140849438,-5.90675184468982
"ENSG00000105339",-0.0940664285249575,6.83927031110028,-0.887882112036397,0.377882980985008,0.617303292475659,-5.90690397952603
"ENSG00000159593",-0.0770334554965402,5.25231524969827,-0.471915110039464,0.638570230569741,0.804593623233154,-5.90698984539708
"ENSG00000107581",-0.0863991582639159,9.33181569358923,-1.07097529633879,0.288147265287323,0.536876300029184,-5.90717165428924
"ENSG00000105323",-0.0796642881428866,8.94967698784042,-1.06585142877626,0.290440025114558,0.539049620731369,-5.90754066478171
"ENSG00000172661",0.102557614529443,6.2266454497456,0.783945408022986,0.435924032771205,0.662273879123683,-5.90779002481635
"ENSG00000196839",0.0562313932092202,4.70012156327035,0.21829653800495,0.827883042650878,0.919441921528981,-5.90779044175819
"ENSG00000134884",-0.0971703378917619,6.29059438573937,-0.808402792473228,0.42181222903657,0.651134327667495,-5.90803364971424
"ENSG00000137959",0.231000131768729,6.59098232180392,0.855968638690647,0.3951644549347,0.631479481928066,-5.90806595086206
"ENSG00000168214",-0.093305124256263,6.31563139255526,-0.806810871984284,0.422722340119901,0.651667037060901,-5.90853069453518
"ENSG00000079313",-0.0977678394932671,5.35834093936062,-0.575776388963644,0.566757574402126,0.759097025292516,-5.90860157181771
"ENSG00000135723",0.0469089902953996,4.90433492288357,0.211482064750263,0.833173832106294,0.920684504394967,-5.90871208571394
"ENSG00000181472",-0.0537205809683234,4.75716495090084,-0.285331081164324,0.776299147399398,0.889999527574058,-5.90888400542892
"ENSG00000100479",0.118041873201091,5.34811710296616,0.491802361287232,0.624518429567336,0.795692378599047,-5.9098355632716
"ENSG00000196305",-0.0931356595438722,5.73811599915632,-0.665085524519991,0.508352444873646,0.716559927470018,-5.91030583702151
"ENSG00000197579",-0.0860650914803367,5.20184319236375,-0.501375288619193,0.617803522136789,0.790660303957094,-5.91056959531777
"ENSG00000149658",-0.0730653635612075,5.01253405807162,-0.438022969649039,0.662824094323603,0.822577110698643,-5.91068784771061
"ENSG00000112624",-0.0927468389522206,6.74266850194921,-0.873977399145799,0.385353186969119,0.624213970612002,-5.91077325702514
"ENSG00000087263",-0.0711404566607508,4.97117412843564,-0.379352847443335,0.705664280739698,0.850544026873867,-5.91085614212109
"ENSG00000051825",0.0982626111983338,5.98230446924928,0.70112375888178,0.48573219167815,0.701369992118357,-5.91121470829682
"ENSG00000104472",-0.0907898036916306,5.50397890203696,-0.591937382001213,0.555949079987529,0.748778884492474,-5.91123873248644
"ENSG00000107672",-0.0601721126068719,4.8257031082251,-0.33809971915528,0.736379320986684,0.865925739454263,-5.91135752443692
"ENSG00000073921",0.0810529484337543,8.3509595088428,1.03646495608354,0.303831771146965,0.551758496402889,-5.91150447132936
"ENSG00000033627",0.0726557079785364,5.20577809634839,0.401899732647623,0.689078321803551,0.839467508315238,-5.91187801610588
"ENSG00000122515",-0.0957753520803237,6.04304693940643,-0.732909138857555,0.466252847141124,0.685229433834595,-5.91300165824083
"ENSG00000004487",-0.116807701395783,7.54572788558952,-0.975323290788228,0.333021397889544,0.579278600160357,-5.9133131977815
"ENSG00000132964",-0.0902745516294425,5.43269686838443,-0.51980520321847,0.604967867174469,0.783237866056679,-5.91423453145722
"ENSG00000153048",0.0727660533158634,5.0838133270151,0.395839329084464,0.693521884554522,0.842636140849438,-5.91431395423688
"ENSG00000096872",-0.0552099854375063,4.99644291550209,-0.294592314947626,0.769245593063132,0.886014797253264,-5.91434507234557
"ENSG00000108671",0.0859616651474102,5.75867876029437,0.679235384600614,0.499404077430259,0.710008719686861,-5.91435904428201
"ENSG00000196535",-0.109225994038104,7.65909412191202,-0.991184745535721,0.325276563546275,0.57211156893159,-5.91492356605367
"ENSG00000104164",0.145299035128136,7.21590444422891,0.922053636507801,0.359915733200013,0.603921338072864,-5.91497996365733
"ENSG00000162231",-0.0966043746459162,5.3427494371447,-0.536572313537616,0.593397698914142,0.776562734490571,-5.91533706205956
"ENSG00000104738",-0.042391822760683,4.69290901731855,-0.185939734085057,0.853071971513548,0.931930238781995,-5.91556065187331
"ENSG00000183648",0.0964680868930889,5.83292392810831,0.688985366996375,0.49328835053396,0.706104817054392,-5.91611013823097
"ENSG00000140307",0.041868201923946,4.82298312135145,0.232950495796989,0.816532977164057,0.914006915880374,-5.91623617123945
"ENSG00000197183",-0.0831677795920065,6.05296486120838,-0.733752519380353,0.465742102498023,0.684848306183328,-5.91664818656478
"ENSG00000114520",-0.0608305538679126,5.17180713935253,-0.444441193033118,0.658202212949249,0.818508481202353,-5.91701619454422
"ENSG00000116095",-0.0665566919964924,5.08739431743844,-0.421253943318648,0.674961559229751,0.831191359557794,-5.91775795843417
"ENSG00000102921",0.0968244412987183,6.30245145956495,0.794124228836129,0.430017338315767,0.65841553372149,-5.91783600284655
"ENSG00000180644",-0.05882924635804,4.57531559037936,-0.197529466997715,0.844030591387716,0.927446281137611,-5.91813135875966
"ENSG00000146063",0.0747021006160784,5.25831945196746,0.485871036673792,0.628695057845094,0.798026718345776,-5.91901208966566
"ENSG00000120685",0.0817643064786777,5.70459741860122,0.625582560750867,0.533782562913706,0.735469752846199,-5.91913803982015
"ENSG00000153071",0.195195170837344,8.1280022336587,1.00863665876275,0.31689475934305,0.563228151027891,-5.91932985685595
"ENSG00000100099",-0.0527971517919807,4.946823716695,-0.273092564245034,0.785649205019023,0.895817678724076,-5.91958033059837
"ENSG00000138760",0.0351827602019705,4.70709144377846,0.184115433815201,0.854496977887197,0.932254115674849,-5.91966258412582
"ENSG00000108591",-0.0322836029812574,4.67945204585755,-0.152568204329093,0.879212141247822,0.945370567193335,-5.91998861357688
"ENSG00000077420",0.114912690431241,8.1911911575207,1.02629052639305,0.308564716473718,0.556458316897986,-5.9199976990013
"ENSG00000141376",-0.0581766288137402,5.03796021143399,-0.332909040879395,0.74027598486023,0.867876816337106,-5.92019587753241
"ENSG00000110921",-0.107337857462026,4.68618866846523,-0.244738317774821,0.807431215041115,0.908297596436918,-5.92051204598808
"ENSG00000158773",0.108480456593913,6.30049647582209,0.792051096056455,0.431216490979734,0.659165949174408,-5.92052660569283
"ENSG00000168288",0.0654550217137517,5.01806907971916,0.363470903255895,0.717434453829827,0.856957444522012,-5.92080464848895
"ENSG00000114857",-0.125889655843348,6.1317768920775,-0.724053899107208,0.471634680014975,0.689449334906606,-5.92086151353133
"ENSG00000100266",0.152953245108034,7.84941766390502,0.986578116112908,0.327513437411956,0.573772722290894,-5.92098149451627
"ENSG00000137275",-0.0997347359415155,6.31767944247557,-0.785131580956699,0.435233250757706,0.661634949083231,-5.92104586241621
"ENSG00000225936",-0.042147608093611,4.87785860250853,-0.126785031922476,0.899502535931718,0.953711511072865,-5.92108793092682
"ENSG00000150637",0.287114623893771,8.91605558480076,1.04657920075826,0.299175976354603,0.547685053487862,-5.92142577447075
"ENSG00000156052",0.136017012466889,8.00524711567691,0.998278719900269,0.321851826057862,0.568932496957078,-5.92177742082897
"ENSG00000168014",-0.103707924002168,5.93934553665938,-0.691046677968129,0.492000657889762,0.704631857040858,-5.9219839659165
"ENSG00000120805",-0.0752909014196312,5.23796104970282,-0.492296666916368,0.624170911114203,0.795620758949503,-5.92222184099527
"ENSG00000165458",0.0841616164368064,6.29412625472896,0.763655230726979,0.447840060130818,0.673057282094537,-5.92279691785209
"ENSG00000100075",-0.0463551039665102,4.81819787440792,-0.270304816765013,0.787783492362429,0.897199345289973,-5.92287245036902
"ENSG00000187257",-0.0785089781760497,6.32929866032034,-0.788524638531421,0.433260835502594,0.660335720473223,-5.92338360915331
"ENSG00000106789",0.0224073409819381,4.79424646808023,0.087338810377102,0.930671130743502,0.965954719049457,-5.92350081248944
"ENSG00000109466",-0.0994274367790622,5.44304963586577,-0.522371227265109,0.603190481934811,0.781989598662414,-5.92391459844704
"ENSG00000154813",0.0763253743912857,5.32211834127071,0.495235613524602,0.622106471651568,0.794297274955743,-5.92443514803074
"ENSG00000162702",-0.0706611591570745,5.2619131153118,-0.485958683649506,0.628633250905558,0.798026718345776,-5.92448239109805
"ENSG00000137500",0.113152071075937,6.35756338053327,0.769639483622826,0.444306066759359,0.670486402497157,-5.92448739909854
"ENSG00000163541",0.0388483883866027,4.73742829516025,0.235716271564328,0.814395106703281,0.91270166914849,-5.92479545063148
"ENSG00000168291",0.0565601625031258,4.97486909019847,0.339680384057487,0.735194080514693,0.865925739454263,-5.9257003649805
"ENSG00000136104",0.0827791010856007,5.85716038130622,0.659672245133892,0.511798422339052,0.71827327187189,-5.92579989754754
"ENSG00000201861",-0.0298954395818072,4.52988700131391,-0.0835085478597585,0.933704229570169,0.967628046927579,-5.92581303648172
"ENSG00000176407",0.0940098247370909,6.84472017535078,0.864467165620536,0.390515296948399,0.628412263551788,-5.92631993849609
"ENSG00000096696",0.0893601623334463,4.82382402918773,0.304384386984592,0.761808947397441,0.882486741531205,-5.92643145234552
"ENSG00000048392",0.0853960248522831,5.63329184614997,0.617877815673846,0.53881810641452,0.740209761116246,-5.9271658125011
"ENSG00000240849",0.0990929457708933,5.43846952677363,0.445186294284771,0.657666512237339,0.818215838928755,-5.92780214516691
"ENSG00000130311",-0.0530476596105753,5.09994089251986,-0.374196765798679,0.709477745119395,0.853144601749549,-5.92799179192783
"ENSG00000085377",-0.0538659330254516,4.86049714899403,-0.281911591432939,0.778908318559546,0.892239806457612,-5.92828850442252
"ENSG00000105568",-0.0970852117634964,6.49624551152491,-0.826419894872011,0.411593931572484,0.64529237504047,-5.92829611253426
"ENSG00000067248",0.10476225320867,5.81101066792562,0.611748130041482,0.542841582662054,0.742340407206681,-5.92895507465689
"ENSG00000185432",-0.0630792895706014,5.32466812527059,-0.481349811360802,0.631886941274445,0.799842020460775,-5.92927116297491
"ENSG00000076641",0.0855088903405852,5.44365697100795,0.521379065497484,0.603877428879199,0.782569988709295,-5.92967441913938
"ENSG00000117614",-0.0974597591029784,7.75475993567295,-0.985054481180385,0.328255522948919,0.574104683475349,-5.92969913328363
"ENSG00000149091",-0.0927383425031971,7.41719099308016,-0.943661442704652,0.34884251653942,0.593507397894834,-5.92980486430146
"ENSG00000100092",-0.076616835072624,5.16296551689815,-0.458065154558037,0.648435704911724,0.81080507697018,-5.93008482616464
"ENSG00000163697",-0.0150911106960478,4.60451504670467,-0.0502879951276401,0.960047342738474,0.980418314090369,-5.93036311930537
"ENSG00000137815",-0.0775356585839404,6.59147326719733,-0.835979990426384,0.406233535860123,0.642799971933183,-5.93070687147375
"ENSG00000125898",0.120803688274044,6.02187462577624,0.681046825846028,0.498264733473122,0.709030001095874,-5.93117545626574
"ENSG00000196418",0.0964334523066022,5.69204909962572,0.592844192360488,0.555345666336787,0.748394977357464,-5.93126083438767
"ENSG00000200156",-0.366576442192143,5.78004404485285,-0.684073510601534,0.496364197690206,0.707718437324325,-5.93181098378854
"ENSG00000116030",-0.0764267618869701,6.22953460464045,-0.760356578338939,0.449795043195843,0.674135734616493,-5.93240752597935
"ENSG00000165672",0.071101065920673,5.32093609393,0.510278456183209,0.611587593434431,0.786945963398861,-5.93244360412273
"ENSG00000111674",0.0738189818758199,5.053171913643,0.220883688846485,0.825876443500108,0.91913131830711,-5.93245273366931
"ENSG00000223855",0.178128598042041,5.99381571210195,0.659689451153107,0.511787449628656,0.71827327187189,-5.93253743074477
"ENSG00000126267",0.0961890140655353,6.76067155803885,0.848734593274954,0.399148728540624,0.635836921955942,-5.93273283268272
"ENSG00000035928",-0.0975325412111596,6.57408224428696,-0.822274453265451,0.41393159066841,0.647313094476152,-5.93313439964323
"ENSG00000196975",-0.0860735755773252,5.32391674536607,-0.494891487780064,0.622348043277878,0.794308553463297,-5.93321203779186
"ENSG00000211460",-0.0971711082733338,5.94300048786104,-0.694492560890275,0.489852156051388,0.703314717617853,-5.93340428198203
"ENSG00000125944",-0.102965690938283,7.81593814846438,-0.989969266831806,0.32586578225475,0.572144100294759,-5.93340756041859
"ENSG00000121316",0.0364950595788534,4.87912160792216,0.147587709093439,0.883125718159933,0.947879150370268,-5.93356709084311
"ENSG00000127540",0.0317322598657901,4.91427353570135,0.144149108936586,0.885829414127027,0.948772694220852,-5.93374778838741
"ENSG00000033800",0.0809648609337916,6.96315505926867,0.876919956321534,0.383764662720406,0.623174331594866,-5.93424687715983
"ENSG00000180628",0.19717376123576,8.79504308713607,1.02977580953693,0.306937843551712,0.555289370119407,-5.93432715991185
"ENSG00000274618",0.0790679833158006,5.05017149076641,0.357802887449636,0.721651897696144,0.860297492045644,-5.93485776154397
"ENSG00000118503",0.117812298836607,5.98408082144945,0.687378419214362,0.494293484137007,0.707171980456516,-5.93487351899002
"ENSG00000146112",0.0975092976985383,8.75099729226593,1.03410931179831,0.304923157044865,0.552621389873814,-5.93511719726253
"ENSG00000140199",-0.0937912453444794,5.82327404116028,-0.625733932127625,0.533683876231436,0.735469752846199,-5.93532521700585
"ENSG00000171262",-0.0487035026099889,4.90158541226597,-0.299984680963733,0.765147592307852,0.883958695002254,-5.93542277132455
"ENSG00000064313",0.081651726432983,5.67343837194505,0.567561876216587,0.572290700973432,0.763427947821561,-5.93557707132167
"ENSG00000165283",-0.0203206319716775,4.6975419256776,-0.113139307194379,0.910269361330146,0.956741884460711,-5.93588224151492
"ENSG00000099875",-0.10490680854197,7.59689235818815,-0.966726352495431,0.337269609304802,0.583120385708107,-5.93644000899668
"ENSG00000110395",-0.0818812488100615,7.71724245013222,-0.968868940069724,0.336207520467692,0.582218236334388,-5.9367654431885
"ENSG00000273559",-0.0782576670466399,5.29427847313754,-0.49421120615061,0.622825714241138,0.794463706669567,-5.93678911878395
"ENSG00000074706",-0.04072088370292,4.89620927485148,-0.231453012087875,0.817691076231182,0.914655395772665,-5.93714632849701
"ENSG00000198728",-0.0949085290070766,6.58642000167205,-0.830162335046319,0.409490428890791,0.644640230344341,-5.93728329424047
"ENSG00000160888",-0.146391882753424,6.55504711990022,-0.829387131366914,0.409925607344014,0.64470978891749,-5.9373494251896
"ENSG00000115233",-0.045242851009605,4.93717100703238,-0.303601176116269,0.762402944386753,0.882987083549964,-5.93738392097791
"ENSG00000164713",0.107616976712096,5.96766840960922,0.681206035470876,0.498164662919714,0.709030001095874,-5.93781908010229
"ENSG00000139793",0.0902733512693441,5.6786063520499,0.594186398808598,0.554453130812294,0.748058607396082,-5.93785608136559
"ENSG00000137177",0.0863714919170846,6.08125555612638,0.713037555861005,0.478378589006385,0.695686295054335,-5.93815112996978
"ENSG00000170571",0.128889031612959,7.25835711102979,0.912665694365983,0.364796346484279,0.607206219344394,-5.93816974170648
"ENSG00000197147",0.158522418440191,5.89722406868568,0.604400942063225,0.547684317996592,0.744642916008344,-5.93872938246227
"ENSG00000067182",0.0113773276954765,4.76488492650853,0.0591694992721727,0.95299892159212,0.977351797922522,-5.93875504255225
"ENSG00000136450",-0.0738185191553038,5.07838631991044,-0.383844325198008,0.702348510475206,0.848989280024167,-5.93883456610507
"ENSG00000206053",-0.0423909287384223,5.01329547846523,-0.266734264586641,0.790519472962847,0.899112753382378,-5.93889907718701
"ENSG00000188986",-0.0777258149333635,5.12169274314249,-0.382363776690926,0.703440868067062,0.849169056607364,-5.93893500453164
"ENSG00000165322",0.108382287115401,6.18395378736755,0.724455420362462,0.471389896545194,0.689449334906606,-5.93901010506527
"ENSG00000124570",-0.0997474615095673,6.67480102197815,-0.817517635758889,0.416623893652217,0.64865966391152,-5.93935771376505
"ENSG00000123064",-0.100866756745929,6.48820525145503,-0.817702699775705,0.416518952349843,0.64865966391152,-5.93953594300376
"ENSG00000005175",0.0799391963634886,6.06592200720958,0.698659398218961,0.487261055473647,0.701969344933702,-5.93966834508951
"ENSG00000198252",-0.0835488473461208,6.09951330609964,-0.718761542819457,0.474867805978842,0.692842542239173,-5.93971977999778
"ENSG00000075142",0.0712108498578008,5.29505133965536,0.490863631520048,0.625178632851496,0.795862990314099,-5.93978906449789
"ENSG00000136930",-0.07567347503202,5.31826017630033,-0.476322641554156,0.635444269198031,0.802108521452936,-5.94006757002237
"ENSG00000014824",0.0692965178695255,5.79013058843111,0.607116929318634,0.545891591288868,0.743985888216051,-5.94028059745487
"ENSG00000177479",-0.0847977895470331,6.20753187548529,-0.736473211922184,0.464096642124074,0.683905465591549,-5.9403153480215
"ENSG00000213983",0.0606309351305496,4.91774765914212,0.304716013266971,0.761557481091813,0.882383061886048,-5.94033014999728
"ENSG00000181789",-0.092615038199094,6.70873947577785,-0.846203729518194,0.400548466340367,0.637523914867776,-5.94043520771667
"ENSG00000176915",0.065989139332209,5.19880381699183,0.382164001294603,0.703588311586938,0.849169056607364,-5.94114901725522
"ENSG00000130724",-0.115460946673136,7.34874985761616,-0.933464233043809,0.354040349150672,0.598823912503217,-5.9414865315229
"ENSG00000008838",0.0713454872759893,5.41707486311086,0.50968047272954,0.612004199218476,0.787296074933236,-5.94160640514154
"ENSG00000134440",-0.0944344419002308,6.4854546868927,-0.81172886895379,0.41991448831747,0.650896512153759,-5.94233744610098
"ENSG00000158092",0.0645276244300454,5.15526161762775,0.349188003731203,0.728078616535577,0.862310282833286,-5.94252231167858
"ENSG00000130811",-0.111653008217672,7.36152634900623,-0.944163683137443,0.34858779705792,0.593507397894834,-5.94274636500373
"ENSG00000185950",-0.0534346918779862,5.11381661906249,-0.312823996631911,0.755417418573069,0.879195491644111,-5.94286293241463
"ENSG00000170185",-0.037050589314827,4.91091257178995,-0.224575731993378,0.823014905278759,0.918432036861671,-5.94316417910993
"ENSG00000004779",-0.0499745599303365,4.92903652540299,-0.292280044804058,0.771004864012465,0.88654168407343,-5.94375226537453
"ENSG00000178950",-0.0926671758919433,6.61640635445061,-0.831686974986128,0.408635357849109,0.644168237720471,-5.94459334651141
"ENSG00000114487",-0.0702176959361802,5.07660713812522,-0.227700480388491,0.820594930556395,0.916294564802467,-5.94544777019062
"ENSG00000154144",0.053115861039811,5.16642102696265,0.31495578802535,0.753805645902686,0.87868037621986,-5.94547932461425
"ENSG00000215114",0.0922452758815071,5.76970090525538,0.615149755345663,0.540606892700153,0.741549738449631,-5.9455151527507
"ENSG00000169189",0.0751245720673888,5.30112413331288,0.478423774577661,0.633956410931617,0.800972756668703,-5.94562534978201
"ENSG00000143622",0.132574459089677,7.11424157369294,0.873335988975632,0.385699993979841,0.624270221985197,-5.94580888486671
"ENSG00000130589",-0.115586816077525,5.67145915422945,-0.596593353464653,0.552854363349107,0.746480731274315,-5.94585999754199
"ENSG00000130816",0.122937148777599,8.16770016355653,0.988600197600851,0.326530305732287,0.572742146049421,-5.94605427895516
"ENSG00000100084",-0.0705434952012896,4.96914772658004,-0.318197505691566,0.751356801176666,0.876716405730283,-5.94619367209517
"ENSG00000177125",0.0998789477163973,5.92834343540106,0.611522059794803,0.542990265720439,0.742340407206681,-5.9463658464726
"ENSG00000187699",0.276269785635247,8.38681613977069,0.99439814236324,0.323722246619589,0.570572241858143,-5.94670181980469
"ENSG00000225663",0.05608503030256,5.11833540593036,0.385066388042452,0.701447338739068,0.848088127263746,-5.94674023666906
"ENSG00000167657",-0.0597761385807383,5.04493616400168,-0.30587149835969,0.760681498762552,0.881930794904954,-5.9481653783768
"ENSG00000152291",0.137361398431189,7.77103387277702,0.946971908637104,0.347165788488873,0.591789491767015,-5.94823731200899
"ENSG00000163634",0.0746605617413874,5.85376972733683,0.610519783851266,0.543649697691195,0.742340407206681,-5.94828385341087
"ENSG00000102879",-0.0833001752588967,9.08037733289182,-1.02845987914178,0.307551413898556,0.555550432002431,-5.94876656046523
"ENSG00000127124",-0.125520183330329,6.15742918648045,-0.739205548932066,0.462447477311619,0.682583000919452,-5.9489148066976
"ENSG00000163166",-0.11899094383393,6.59227512229735,-0.827002324856588,0.41126613640187,0.645141926610247,-5.94909033885275
"ENSG00000125538",0.0681172997403223,5.07068631714262,0.299716597476994,0.765351168194866,0.883958695002254,-5.94935570845256
"ENSG00000111252",0.0924212258245038,7.53366090922925,0.935081036448171,0.353212890439961,0.59793541672147,-5.94966636799943
"ENSG00000144231",-0.000169288845565774,4.76441056160807,-0.000986822176965231,0.999215657026238,0.999582610995032,-5.94983650624584
"ENSG00000175550",0.0862197764990666,7.46300928159401,0.93556296907177,0.352966485953611,0.597749896013451,-5.95003851101251
"ENSG00000164308",-0.0175364201475094,4.70401228011778,-0.0647133663927519,0.948601141784444,0.974860080929663,-5.95019661695413
"ENSG00000127663",-0.100823737388502,6.55919361176521,-0.796841854738664,0.428448399300282,0.657517430813503,-5.95027286444788
"ENSG00000136811",-0.0896104847055703,6.25072249440501,-0.730320521342906,0.467822479093492,0.686795167367649,-5.95074794205869
"ENSG00000121274",-0.0406578964317124,5.01101553373227,-0.304739003664172,0.761540048837639,0.882383061886048,-5.95121262492816
"ENSG00000170871",-0.0885813083880214,6.24466885367044,-0.729407249729582,0.46837696381308,0.687392389254905,-5.95159676750822
"ENSG00000240225",-0.0187985713315202,4.91270612941359,-0.070469682392997,0.944036529552539,0.973499658584813,-5.95161005980031
"ENSG00000107862",0.08277120245313,6.65464014857789,0.809718549688845,0.421060890403685,0.651134327667495,-5.95180845975757
"ENSG00000100836",-0.109781002947552,6.63314400406224,-0.798161669662457,0.427687675044208,0.65690511802674,-5.95198711846546
"ENSG00000136875",-0.0233171633893203,4.81764734681756,-0.148265245109815,0.882593149644371,0.94764830099774,-5.95199154310837
"ENSG00000135899",0.104577735790593,7.95686750151245,0.979404040709322,0.331017302599983,0.577082324660707,-5.95199288892946
"ENSG00000181804",0.101768507667868,5.49948037811112,0.461519391463594,0.645969207465824,0.808834806314366,-5.95219678673304
"ENSG00000164466",0.0129395533774783,4.8425430054858,0.0657223070872042,0.947800948330354,0.974860080929663,-5.95256470802971
"ENSG00000075568",0.0759503605508192,5.39627438851308,0.471369256869659,0.638957826301765,0.804705243162839,-5.95283187758713
"ENSG00000075426",0.113693910666597,6.90558948496749,0.861027830495462,0.392392690273639,0.630234486029123,-5.95300656636424
"ENSG00000117751",-0.0501425579586918,5.0965314852252,-0.341100291730868,0.734129931450463,0.865925739454263,-5.95305070585086
"ENSG00000120594",0.199629110692872,7.2526475038276,0.879820553041914,0.382202811242099,0.621564452431927,-5.95311121763282
"ENSG00000172667",0.0844586043913624,5.82555926733946,0.594332578967867,0.55435596783964,0.748058607396082,-5.95315318607907
"ENSG00000180398",0.0712107710307706,5.30513693993278,0.370229749017043,0.712416854947547,0.855324174066797,-5.95355865228958
"ENSG00000137776",-0.109262548867417,8.92496302489204,-1.01713547800527,0.312865892726962,0.559702613662318,-5.95359326628431
"ENSG00000152804",0.0792058708192416,5.80477014542808,0.616496430554597,0.539723499608642,0.740844954867191,-5.95367858292249
"ENSG00000137764",-0.0370512529812892,5.0265044582253,-0.219453587568571,0.826985489845588,0.919319841760209,-5.95389768163518
"ENSG00000038210",0.0188537680854841,4.86907262859771,0.093352863042301,0.925910833018545,0.963935436881315,-5.95404146663088
"ENSG00000124784",-0.0586942286997818,4.96421107702343,-0.276275804672684,0.783214145399301,0.894218190169546,-5.95404786653801
"ENSG00000177885",0.0786396353354757,8.75606645207317,1.01337128369027,0.314646032670802,0.561477754991985,-5.95430161587563
"ENSG00000220205",-0.0697104445763914,5.46110628777261,-0.503841689932202,0.616078721010948,0.790298298108699,-5.95434918712281
"ENSG00000229124",-0.0976420565052587,5.71770821336869,-0.543276614106436,0.588800575051455,0.773534921885419,-5.95482636758254
"ENSG00000004534",-0.0989641687242653,7.21660483471082,-0.889186116956104,0.377187125665988,0.6172616878767,-5.95496134212675
"ENSG00000204178",0.0479023871144566,5.01428895581401,0.215076072955308,0.830382447046861,0.919802505633456,-5.95530964214271
"ENSG00000125844",0.0296506471751039,4.87016583958685,0.147410849247854,0.883264745485709,0.947879150370268,-5.95540222740237
"ENSG00000147872",-0.0678287496491272,5.11666812725976,-0.365721033418251,0.715762614576325,0.856707662351965,-5.95567227863602
"ENSG00000126860",0.074194354108772,5.27519368738053,0.40007002189014,0.690418740800121,0.840161112325008,-5.95569132172889
"ENSG00000083937",-0.0746317019353384,5.59019875056903,-0.540536479281937,0.590677446213781,0.775050753124441,-5.9557081216192
"ENSG00000151503",-0.0287590829640845,4.93005938318107,-0.18352477128779,0.854958463437916,0.932254115674849,-5.95601545203858
"ENSG00000088448",0.0216944893557702,4.99289990020206,0.116431641981359,0.907670003207533,0.956049256061734,-5.95620825366441
"ENSG00000117395",-0.0733769233644832,5.21888984665556,-0.44767330836475,0.655879742923809,0.816817782799812,-5.95634180803716
"ENSG00000130254",-0.0779405366588284,7.25378290783701,-0.903245791666382,0.369735894502019,0.611251004481914,-5.9568177787456
"ENSG00000142409",-0.0573584123399487,5.21701406542725,-0.404806969962377,0.686950577031185,0.838735026577054,-5.95687412196871
"ENSG00000117360",-0.0607746308241159,5.22411581972266,-0.396724954046831,0.692871855596557,0.842205682572522,-5.95729910049912
"ENSG00000170348",0.0229529808546927,4.94240046709747,0.134158700501322,0.893692258474607,0.952418156182023,-5.95730994315214
"ENSG00000163961",-0.100273083117417,7.49849723969581,-0.924833430254491,0.358478658877891,0.602678248111123,-5.95759813163544
"ENSG00000024862",-0.0438928359240593,4.99025408037182,-0.253574706902732,0.800625727712664,0.903440133508408,-5.95761044175683
"ENSG00000084623",-0.0873018208429093,6.54116682275988,-0.802692307025952,0.425082404653199,0.654194615974754,-5.95812526213045
"ENSG00000170633",-0.0810125075813151,5.64509723157402,-0.550564686378383,0.583822329452391,0.771398375996139,-5.95819179836198
"ENSG00000248309",-0.0818028692865456,5.3331830869972,-0.370694380868467,0.712072388316821,0.855324174066797,-5.95838596355988
"ENSG00000106554",-0.0720903758153568,5.4852275645355,-0.510523755623498,0.61141673429897,0.786945963398861,-5.95860575935095
"ENSG00000164125",-0.0181814597402941,4.80977692332962,-0.097102177399058,0.922944503276595,0.962151101004762,-5.95861631788561
"ENSG00000068745",-0.0345735566429974,5.03718553957231,-0.262720103449284,0.793598530332809,0.900295376442128,-5.95869926749118
"ENSG00000012061",-0.050293663327504,5.17133836476306,-0.355928345964012,0.723048617270585,0.860537180532152,-5.95895329247388
"ENSG00000254635",-4.15349829285816e-06,4.87641145545156,-2.32178090619333e-05,0.999981546089226,0.999981546089226,-5.95906767285474
"ENSG00000101751",0.0227323481623394,5.03490108738599,0.125777133618077,0.900297171727484,0.953780604713911,-5.95907357485987
"ENSG00000182253",0.113199741265845,5.54987404918854,0.418738680016063,0.676789697318166,0.832632677805886,-5.95958683409959
"ENSG00000162664",0.0637448491822381,5.66060509980255,0.527116385954883,0.599910043113712,0.780212440888877,-5.95980101395316
"ENSG00000155849",0.0967399904067712,7.21862066571186,0.875496250151314,0.384532730320588,0.624213970612002,-5.95981651779877
"ENSG00000187653",0.140816904509296,6.35208515962588,0.713440148133709,0.478131187153019,0.69555639722554,-5.95990939213993
"ENSG00000103549",0.0854334107658739,7.15722493372006,0.884963762042061,0.379443228174225,0.619294999129172,-5.96017637431381
"ENSG00000077235",-0.0745323177874848,5.58091948708403,-0.546943504573858,0.586293334205206,0.772478954095601,-5.9604237440739
"ENSG00000100142",-0.0737945738931707,5.19191785230483,-0.409324701832847,0.6836491811714,0.836407082645809,-5.96052307278909
"ENSG00000084070",-0.105639400444296,8.39043348166225,-0.996608916976639,0.322655776907614,0.569118798672721,-5.96060422836123
"ENSG00000103313",0.109209534731924,6.94626223024336,0.855202169410087,0.395585432193206,0.631823346405332,-5.96103535490444
"ENSG00000111786",-0.124297669611146,6.5179327156886,-0.785525526932239,0.435003974658564,0.661634949083231,-5.96118831378708
"ENSG00000154305",-0.0631403121144309,5.282305282293,-0.378150375097697,0.706552963608408,0.851238510778108,-5.96158371676173
"ENSG00000087157",0.0143923319903534,5.00957769369609,0.0868672846716792,0.931044466666056,0.966158143694605,-5.96172960490639
"ENSG00000134287",0.121109196231162,7.25578057033172,0.87460599945192,0.385013495434705,0.624213970612002,-5.96200928834625
"ENSG00000162980",-0.074665246253538,5.66316849610472,-0.563408034878772,0.575098604655364,0.766058539482653,-5.96283997947519
"ENSG00000008382",-0.0291557277713004,4.88913452713816,-0.139379528923343,0.889581876268713,0.950655563340908,-5.96339098620728
"ENSG00000110200",-0.0207587630138528,4.88195989695426,-0.116355710797956,0.907729940970953,0.956049256061734,-5.96365077547741
"ENSG00000130177",-0.0645569537237218,5.67986470976093,-0.517027231643978,0.606894764271278,0.784158244462077,-5.96382645010584
"ENSG00000182095",0.10434172408908,7.38064954803904,0.918699371436104,0.361654714085642,0.60508192342163,-5.96388360236023
"ENSG00000174021",0.0721131947342606,5.48923102425599,0.463655188450058,0.644446129848403,0.80798170491457,-5.9643269396728
"ENSG00000114126",-0.0900547712529844,6.08036607392459,-0.682106039996426,0.497599174572281,0.708864997366624,-5.96441810080707
"ENSG00000117400",0.188593067914917,5.88723449096613,0.545131212695088,0.587531857868812,0.773282333610942,-5.96447034067526
"ENSG00000154222",-0.0538014976488981,5.12448617573463,-0.27982875852879,0.780498833769795,0.893310429911312,-5.96464104514005
"ENSG00000196526",0.0721191687141145,5.27474385990282,0.296190347992439,0.768030452667636,0.885441318540296,-5.96493086160225
"ENSG00000143322",-0.0299900717098831,4.91093678643188,-0.165978987650883,0.86868947691354,0.940269920955159,-5.96518552262862
"ENSG00000158636",0.098719977269762,6.2222194956642,0.674952213690914,0.502103689588849,0.712174147586579,-5.9652720036812
"ENSG00000164104",0.18001159098608,7.7941386537281,0.943970506863809,0.348685755262303,0.593507397894834,-5.96533824325853
"ENSG00000139737",-0.0139701099934992,4.98701220860518,-0.0695793852747441,0.944742393501241,0.973880143764382,-5.96559972288215
"ENSG00000131381",-0.0353591113044063,4.93116516856909,-0.172446536073993,0.863623139076287,0.93762831042001,-5.9659244728969
"ENSG00000132780",0.102325399152317,6.64875598898712,0.795992666771337,0.428938285854344,0.657713420020958,-5.96598761673849
"ENSG00000065154",0.0325913589910272,5.00308880563774,0.184770526155271,0.853985212797169,0.932254115674849,-5.96620268615898
"ENSG00000128563",0.0331285123589398,5.03096204320535,0.229116265056442,0.819499043592998,0.915633878075195,-5.96651491303465
"ENSG00000119729",-0.0753714199615017,5.95467239535434,-0.63893839552602,0.525111670335157,0.729054123339942,-5.96683334364828
"ENSG00000168813",-0.0294845887675335,5.03179325660517,-0.199938655811281,0.842153730261556,0.925944202313815,-5.96684102193574
"ENSG00000186642",-0.0361227897557601,5.0524429109141,-0.176716618203689,0.860281309390034,0.935118230957084,-5.96736179598237
"ENSG00000155660",0.00261479345750892,4.96170877767904,0.0138893004481166,0.98896090742994,0.994079698063172,-5.96748357478401
"ENSG00000119509",-0.0262506104355991,5.0845763456836,-0.182061346498764,0.85610205789739,0.932435827953814,-5.96852417151427
"ENSG00000172932",-0.0738388064413424,5.28655121386338,-0.409749576507287,0.683339014970392,0.836215398373471,-5.96864923717111
"ENSG00000182199",-0.0580150172844078,5.14366886167729,-0.340550348192597,0.734542024484435,0.865925739454263,-5.9693243248351
"ENSG00000129566",-0.0896789034446499,6.34833756303885,-0.745588253453341,0.458608113794107,0.679003712321114,-5.96954376889136
"ENSG00000157978",-0.163503346363869,6.73701304540766,-0.780917988091938,0.437690016573023,0.663873638426682,-5.96962086122587
"ENSG00000104763",0.20312400122882,7.83082564970161,0.927128054442592,0.357295189440577,0.601895961304813,-5.96965458772816
"ENSG00000128872",0.0330957171166251,4.99193899333355,0.208532528954769,0.835466280561859,0.922314143161299,-5.96969459443576
"ENSG00000153933",0.0672984919637782,5.3306014688985,0.317985092527255,0.751517183326068,0.876716405730283,-5.96982787797737
"ENSG00000168386",-0.0626719137508891,5.03343013957232,-0.263470049238111,0.793023033607002,0.900294710608973,-5.96992031425582
"ENSG00000166974",0.159608268676626,8.59005877279544,0.985081454686741,0.328242375821971,0.574104683475349,-5.97005482015708
"ENSG00000204619",0.0847196356527595,6.59534365816881,0.780886905430457,0.437708169829046,0.663873638426682,-5.97013065401353
"ENSG00000095380",-0.0573215511409515,5.09493621114838,-0.27251624197141,0.786090300276098,0.895945597469494,-5.9701407663814
"ENSG00000120738",-0.115976918679403,5.43038621907741,-0.470356020095812,0.639677566123699,0.804841427307601,-5.97071106350031
"ENSG00000171777",-0.0925720572435411,5.60881364479434,-0.534488488781231,0.594829991629356,0.777316813239801,-5.97077143474707
"ENSG00000156675",-0.101264581986705,7.89183173969475,-0.956402950283839,0.342417853341353,0.587573643826477,-5.97097820749804
"ENSG00000102763",0.0710509502320598,5.30845623206273,0.335684959355285,0.738191235455869,0.866551573101396,-5.97102190389547
"ENSG00000160194",-0.062233907989337,5.32732997732193,-0.409972098576959,0.683176591649306,0.836204464458643,-5.97208295055461
"ENSG00000124209",-0.0746060784801381,5.90884478776462,-0.629893204806598,0.530975930936895,0.734464163449996,-5.97344360602909
"ENSG00000062598",0.0642472193963819,5.94798451779811,0.603660078845316,0.548173852091351,0.74495192779079,-5.97344899436695
"ENSG00000136718",-0.000317213334859012,4.8257591888731,-0.001846173888562,0.998532630341074,0.99908278606027,-5.97348592159338
"ENSG00000163374",-0.102280359134594,8.61206170777685,-0.986286670065825,0.327655299795098,0.573772722290894,-5.97359674986409
"ENSG00000100811",-0.0872750946101517,7.58159797928967,-0.919975607956115,0.360992429473939,0.604576315946517,-5.97394123941753
"ENSG00000129003",0.095980771058251,7.52267318197727,0.908079121019619,0.367196132929964,0.609685896951149,-5.97415360567303
"ENSG00000123384",0.170128964090556,6.23130705183151,0.699948681432795,0.486460866057143,0.701766426404926,-5.97424862020431
"ENSG00000168040",0.0176798908666456,4.99907197685539,0.0901632861509978,0.928435149139156,0.965129790551905,-5.97434259410314
"ENSG00000105379",0.00978033546417123,4.90449364879315,0.0562347275364904,0.955327587744734,0.978677484674324,-5.9743857168722
"ENSG00000115145",0.0526755849842377,5.35307573064239,0.387105108569325,0.699944905072003,0.846886666816782,-5.97448818674316
"ENSG00000105723",-0.0843549759130759,5.91599276387173,-0.611985756179418,0.542685321841956,0.742340407206681,-5.97475349497476
"ENSG00000111581",0.0840585317769307,5.75698069888914,0.526165467017665,0.60056677340565,0.780572256615275,-5.97485209897198
"ENSG00000115241",-0.0737548954537433,6.69953786594555,-0.795113179650826,0.429446002773935,0.65812146922993,-5.97528193803256
"ENSG00000177084",-0.0306708482353422,5.00275130574559,-0.151882637681978,0.879750669349936,0.945694781604267,-5.97544984613206
"ENSG00000129925",-0.0701580444669085,5.74478224593712,-0.520750180131591,0.604313038854177,0.782948260565412,-5.97569361502375
"ENSG00000242259",-0.0277562272369289,5.12299878630834,-0.183369701029841,0.855079628492514,0.932254115674849,-5.97605931917565
"ENSG00000160310",-0.0876678924090228,6.95309324071012,-0.836050551827555,0.406194130901128,0.642799971933183,-5.97612448941466
"ENSG00000129116",-0.026059364339285,4.90544654400195,-0.141061080436131,0.88825862388323,0.949688091889559,-5.97646956584909
"ENSG00000243156",0.0612464067961715,5.17359972837594,0.306976321861324,0.759844216889155,0.881754378588972,-5.97665927672457
"ENSG00000178741",0.065832790254305,5.69298710788002,0.544029119570938,0.588285635597638,0.773402544096508,-5.97678733169386
"ENSG00000169223",-0.00321674475665379,4.95587428320788,-0.0198211136249907,0.984246888114399,0.9912611998188,-5.9781536381964
"ENSG00000104853",-0.0493458862822935,5.20605909130465,-0.275862175372184,0.783530434080432,0.894325246275199,-5.97829735993202
"ENSG00000108819",-0.0930109145672446,8.4008307180543,-0.979178732554412,0.331127744969149,0.577090196606501,-5.97865288716364
"ENSG00000159399",-0.0771980433407613,5.73448393875173,-0.557229137724153,0.579287690270082,0.76862136789854,-5.97878095195605
"ENSG00000085760",0.0231803560124799,4.96747966542165,0.147327697500431,0.88333011131238,0.947879150370268,-5.97881887985109
"ENSG00000101608",-0.114716032259892,10.9214055448386,-0.970372120995435,0.335463703799767,0.581669719382919,-5.97883117187008
"ENSG00000129187",-0.0700809312987758,5.76503742164785,-0.53262104035691,0.596114931733957,0.778622428215439,-5.97904656266827
"ENSG00000095637",-0.0100239423638353,5.01049157640854,-0.0483560338650454,0.961581002954613,0.981212456283336,-5.97906496949691
"ENSG00000138468",-0.0743515507271688,5.47177023029535,-0.422998153801393,0.673694986575709,0.830382417842639,-5.97919621624981
"ENSG00000107959",-0.0145933728009604,5.03077486671136,-0.088890858697107,0.929442389263215,0.965129790551905,-5.97925390735039
"ENSG00000140406",-0.0249526250874128,4.9540197085526,-0.165464120920316,0.869093036570654,0.940269920955159,-5.9792918594393
"ENSG00000103326",-0.0190083548359468,4.94427078869369,-0.114525832769347,0.9091745527349,0.956741884460711,-5.97930894579146
"ENSG00000099804",-0.103749130552426,5.61381056379645,-0.524875733203253,0.601458029340198,0.780920720649523,-5.97931538703381
"ENSG00000169021",-0.0334941316509036,5.13619192469447,-0.241120513804423,0.810221866273299,0.910309079698275,-5.97943878188708
"ENSG00000230092",0.0413560169822471,5.14067319156423,0.203307474954246,0.839530816402717,0.924739969219976,-5.98001812906917
"ENSG00000050748",-0.0852544082536832,6.05843787106509,-0.6287476053686,0.531721075103136,0.734879776593616,-5.98040901257349
"ENSG00000108510",0.07178231430444,7.4640984723447,0.893037347593254,0.375136719300667,0.615400435636866,-5.98055068811177
"ENSG00000167553",0.130049322419872,6.69289277240197,0.752285132463106,0.45459949536585,0.67683407161316,-5.98090845324868
"ENSG00000145349",-0.0798234159491251,5.56251553721834,-0.490780029418639,0.62523744466673,0.795862990314099,-5.98099082082061
"ENSG00000124380",0.0815397325966334,5.48788822088631,0.468066594025857,0.641305108403947,0.806330540176483,-5.98135212238485
"ENSG00000141429",0.00156552986099534,5.07662177896816,0.00936645081660997,0.992555495613159,0.995486593707587,-5.98136836041183
"ENSG00000105229",0.0202602051628666,5.03257496262767,0.131942453357939,0.895438010456076,0.952988138496719,-5.98182570460482
"ENSG00000204257",0.00546942737590683,4.9551576146079,0.0287534508253082,0.977149463907314,0.988581296075589,-5.98220317396032
"ENSG00000183576",0.0943751767385681,7.56079314722951,0.894304396289892,0.374463682413647,0.615275150257028,-5.98221139709799
"ENSG00000143851",-0.0876061743589887,5.8138074009343,-0.57199329609147,0.569302526415944,0.761397068363264,-5.98276926207214
"ENSG00000178695",0.0996506619900428,7.58434366791411,0.916206087357933,0.362950814898888,0.606131293969762,-5.98277086110864
"ENSG00000004455",0.0742915646838034,6.07368352016693,0.654643139838526,0.515010985939653,0.719984565409091,-5.98288287512458
"ENSG00000111912",0.0892160206015431,6.65935444950836,0.757219061964266,0.451659112388925,0.675576384960499,-5.98295284762329
"ENSG00000263465",-0.0947992009602512,6.15869727620968,-0.645217924943682,0.521060505550002,0.725794985646286,-5.982961818659
"ENSG00000124491",0.317253599344797,10.8398521398832,0.970883606824573,0.335210853502689,0.581598076107481,-5.9829622858554
"ENSG00000116649",0.046869917895493,5.25505430972088,0.338790737155122,0.735861091200044,0.865925739454263,-5.98317343270188
"ENSG00000060749",0.0884848147474324,6.21013412280733,0.677526386971575,0.500480283921179,0.710611568100752,-5.98350925333975
"ENSG00000160799",0.0593313190524913,5.19978805256013,0.32606560932796,0.745423802960407,0.871848192041283,-5.98356485985704
"ENSG00000141965",0.0768254273712587,5.72271604379795,0.543052074519081,0.588954268718928,0.773534921885419,-5.98408989478654
"ENSG00000106012",0.0765128749697626,5.62153828279473,0.484513706085729,0.629652560652883,0.798683853419535,-5.98409382702088
"ENSG00000105443",-0.047225170169094,5.34835705715442,-0.335130265148122,0.73860766083065,0.86663674311288,-5.98423890844336
"ENSG00000109103",-0.0507615318535786,5.10411502584633,-0.267442313067499,0.789976710663044,0.899084981771798,-5.98435933132668
"ENSG00000162777",-0.10322057257841,6.31933390443664,-0.715791837767092,0.476687452825202,0.694754746653746,-5.9849394851293
"ENSG00000140694",-0.0873795455737723,6.61512855035013,-0.74356971024357,0.459820339358841,0.680364260952462,-5.98560032437735
"ENSG00000133657",0.0189208697775367,5.0645558909384,0.110431650466742,0.912407843517221,0.957949109940609,-5.98576247427366
"ENSG00000007520",-0.020785664863137,4.95837238929809,-0.112925910061719,0.910437876473918,0.956741884460711,-5.98614301509555
"ENSG00000137055",0.0505819113601742,5.20940295118018,0.300596015042472,0.764683422627538,0.883958695002254,-5.98623272279049
"ENSG00000134046",-0.0901964470963428,8.35924552153069,-0.966602364594163,0.33733113805484,0.583120385708107,-5.98652845581907
"ENSG00000138698",0.0731475861790294,5.51854811018196,0.4122948644293,0.681482055391992,0.835177649841447,-5.98662155574302
"ENSG00000100138",-0.0814892649616255,6.40635549384729,-0.728420563746554,0.46897643961543,0.687392389254905,-5.98698480779342
"ENSG00000072609",0.0772404150020698,5.83246226459526,0.567625208672615,0.572247941274908,0.763427947821561,-5.98712549314153
"ENSG00000099800",-0.0524676836984979,5.22092642665216,-0.30641736933277,0.760267778782409,0.881861589439034,-5.98712975535901
"ENSG00000189306",0.0690660660056279,5.3101659857368,0.40258345475587,0.688577693061651,0.839420736585338,-5.98719230712458
"ENSG00000112685",-0.0639183641096039,5.74210893841236,-0.529763481463762,0.598083641198419,0.779266579994167,-5.98721107670562
"ENSG00000077232",-0.0242456813679848,5.01315283376218,-0.136845465306148,0.89157658402732,0.951907975398029,-5.98760149362819
"ENSG00000156127",0.0634528824972378,5.22752054836903,0.354289645086683,0.724270386236255,0.861322638967274,-5.9876329190804
"ENSG00000173559",0.0102290305106445,5.04356820149139,0.0519550294555201,0.958724112410904,0.980316997825564,-5.98767026985888
"ENSG00000197776",0.0680024769980196,5.33254515935032,0.253629783704392,0.8005833573581,0.903440133508408,-5.98772552159891
"ENSG00000072135",0.131892638330447,9.82062987557775,0.989735240034512,0.325979311181155,0.572144100294759,-5.9878029002825
"ENSG00000198001",-0.0151940780650062,5.08846841099816,-0.0943384513688954,0.92513096526799,0.963508602328429,-5.98784982340143
"ENSG00000009335",-0.0816507621207538,6.24085161818087,-0.671520410043161,0.504272387074805,0.712557235176549,-5.98811838155624
"ENSG00000185619",-0.0178781986007657,5.13798019191496,-0.117283434243899,0.906997661286244,0.956049256061734,-5.98828630353492
"ENSG00000162869",0.0737234595001395,5.73503955070301,0.51031498923366,0.611562145591068,0.786945963398861,-5.98831850770081
"ENSG00000186141",0.0693504195618475,5.44457440235722,0.403265334139997,0.688078552574418,0.839252974893788,-5.98843671439932
"ENSG00000163798",-0.0667703418935082,5.66838209515301,-0.498073304016284,0.62011604072938,0.792677660697715,-5.98880117214213
"ENSG00000151838",0.125803878617186,5.82866357234296,0.511776641851455,0.610544395460504,0.786718511463772,-5.98931341180357
"ENSG00000196591",-0.0589784040799719,6.03789843520048,-0.620675204561404,0.53698701960323,0.738391035537202,-5.98966057090515
"ENSG00000109180",-0.0750987640508081,5.64869398067747,-0.470844686536862,0.639330404767479,0.804705243162839,-5.9897463208534
"ENSG00000196961",0.114928062065429,7.22050864462775,0.860446428795883,0.392710606320761,0.630322819241753,-5.98977049774062
"ENSG00000130560",-0.0651636443649091,5.3425034897103,-0.336763901454933,0.737381466865193,0.865974182255135,-5.99004638733784
"ENSG00000092020",0.0646074575286582,5.76264436938953,0.511049584364438,0.611050550187578,0.786917216191456,-5.99009236966323
"ENSG00000160305",-0.0463165438665056,5.21832579030682,-0.272605060872616,0.786022317066796,0.895945597469494,-5.99019627860787
"ENSG00000172543",-0.0595760543676436,5.35646308555067,-0.213286682010762,0.831771955220674,0.919913441340282,-5.99022074051011
"ENSG00000079432",-0.091948350333003,7.54632196247451,-0.896555646512093,0.37326973880804,0.613816340786659,-5.99028532871443
"ENSG00000198586",0.183538509510639,9.52293516868435,0.987394153175369,0.327116445572001,0.573585579490268,-5.99065955815486
"ENSG00000137200",-0.00648574410513181,5.03016961071203,-0.0341591159235477,0.972855112252453,0.986434887688696,-5.99070175520595
"ENSG00000265735",0.136196625936882,7.31248969312355,0.854057299062699,0.396214759454871,0.632643027406254,-5.99070894902002
"ENSG00000155749",0.0317945889944999,5.17562617788007,0.182362634553444,0.85586659074809,0.932435827953814,-5.99085611148527
"ENSG00000180263",0.0316489480703552,5.04472012397624,0.169135399457229,0.866216206709707,0.939133511274525,-5.99126303954814
"ENSG00000141068",0.0192615886317951,5.16248158291456,0.0978787911809466,0.922330208583872,0.961878823959597,-5.99138846212761
"ENSG00000106803",-0.0200739105305345,5.00320275513371,-0.117594689666381,0.906751996221041,0.956049256061734,-5.99154245227505
"ENSG00000141580",0.0557502285721405,5.47427434760184,0.40841579898162,0.684312880096807,0.836764196258882,-5.99161862116209
"ENSG00000173706",-0.040952432074163,5.11147856605208,-0.193721387712966,0.846999092900792,0.929121986989881,-5.99166740798079
"ENSG00000130813",0.00849367236657539,4.9782146758797,0.0512486628037295,0.95928478619959,0.980418314090369,-5.99181610083612
"ENSG00000165434",-0.0569552054178217,5.44096181437841,-0.313600328441338,0.754830334770846,0.878887724691508,-5.99321523716451
"ENSG00000174282",-0.0962500052371329,6.95083504978605,-0.823194814348952,0.413411895977293,0.647017526367219,-5.99357816258794
"ENSG00000149182",-0.0669372440160716,5.40400745055307,-0.415515572283178,0.679135159699973,0.834089612137198,-5.99362314918147
"ENSG00000184007",0.0807018056505644,9.35708807497306,0.983786135004567,0.328874120742165,0.574382710526688,-5.99372536118017
"ENSG00000007202",0.0880757740428582,6.34824871937052,0.692776097655517,0.490921721602855,0.704382812560536,-5.99391352382838
"ENSG00000104325",0.0843826905341789,5.99353332399367,0.605134365080221,0.547199918063894,0.744383289178792,-5.99444003627144
"ENSG00000138663",0.0455905612433343,5.36293307500508,0.338860242133991,0.735808972659109,0.865925739454263,-5.99496865444605
"ENSG00000018189",-0.0278342962194147,5.070087181445,-0.183769985863643,0.854766870735799,0.932254115674849,-5.99516257797841
"ENSG00000173598",-0.0833931452144956,5.99335367903966,-0.577022439729004,0.565920558038612,0.758637419823044,-5.99531529183524
"ENSG00000123124",-0.0865346333105492,6.78043083467408,-0.762212368266077,0.44869458011096,0.673555793416368,-5.9954778738517
"ENSG00000185052",-0.0221934394825158,5.28544329567086,-0.0722973764263241,0.942587600529901,0.973316385080914,-5.99585111366403
"ENSG00000137100",0.0182508923650255,5.03510153821255,0.101421271651708,0.919528744493511,0.961534088291871,-5.99598381283838
"ENSG00000108406",0.00415565783423588,5.08414106493259,0.0299169377967467,0.976225108606948,0.988013076665549,-5.99607724049868
"ENSG00000100412",0.0645649902465051,5.59897093501175,0.477693282791512,0.634473516883844,0.801440231853276,-5.99627484909999
"ENSG00000132300",-0.0156622853458614,5.07440640792342,-0.104218209770519,0.917317590164236,0.960006304096027,-5.99637784358269
"ENSG00000110619",-0.0553356075051994,5.42362195530979,-0.382423047124647,0.703397125929067,0.849169056607364,-5.99674655895642
"ENSG00000139370",0.0530259131814139,5.39245117607898,0.292632418908479,0.770736685078725,0.88654168407343,-5.99690598889407
"ENSG00000170949",-0.081798794506974,6.03053184297286,-0.612323005644096,0.542463588998135,0.742340407206681,-5.99698934572045
"ENSG00000100426",-0.0195401443996079,5.11424159075082,-0.1418694533929,0.887622609372497,0.949306630518525,-5.997028447381
"ENSG00000110446",-0.0749511192878174,5.37645989431747,-0.370542740287662,0.712184804310385,0.855324174066797,-5.99709087857873
"ENSG00000100325",-0.125365600121444,6.97220719025408,-0.825460249577959,0.412134371715186,0.645760154473492,-5.99717155248555
"ENSG00000135457",-0.0787821409043925,5.91540013760367,-0.572837615502257,0.568734054451736,0.761106148035632,-5.9976341418749
"ENSG00000141867",-0.103068248498969,8.40154652884478,-0.956357971026671,0.342440396271987,0.587573643826477,-5.99767104213869
"ENSG00000172239",0.0162709927879359,5.05454600592867,0.0968731731772283,0.923125652604321,0.962155836117915,-5.99783232057584
"ENSG00000143013",0.0156534140180105,5.05283912901433,0.0929261091275625,0.926248533787387,0.963935436881315,-5.99824108160698
"ENSG00000030066",-0.0348605548734504,5.18877725998666,-0.238840906401367,0.811981549190425,0.911534201522653,-5.99834513287293
"ENSG00000162441",0.109846935793607,7.22771856901355,0.830645339100498,0.409219425660436,0.644640230344341,-5.99844928491325
"ENSG00000114999",-0.0329754603963224,5.15135442164178,-0.222656585748724,0.82450205212048,0.918774223757901,-5.9985560469425
"ENSG00000177105",0.0679551642766505,7.0216643367396,0.808407717856983,0.421809414988841,0.651134327667495,-5.99882547129106
"ENSG00000117500",0.0507359750021248,5.40981567654391,0.304728621813885,0.761547920763421,0.882383061886048,-5.99915482298895
"ENSG00000136250",-0.0659914482085453,5.40454383645349,-0.365238579089608,0.716120959432182,0.856707662351965,-5.99925739346191
"ENSG00000170471",-0.0841619250967396,6.17422575445362,-0.647725213429529,0.519447569473428,0.724328220755372,-5.99957026733311
"ENSG00000109323",-0.0696787387079114,5.56470738210512,-0.393080935497065,0.695547961313572,0.843952181121679,-5.99961277609522
"ENSG00000173442",0.153944221523854,9.20803333297421,0.976930378302454,0.332231187125882,0.578458135973732,-5.99986829359389
"ENSG00000039560",-0.0970315636198151,5.38087540371561,-0.404614330548429,0.687091487447392,0.838735026577054,-5.99992501519911
"ENSG00000275126",0.159559162266473,5.99428618378846,0.603643100767437,0.548185073148546,0.74495192779079,-5.9999612393815
"ENSG00000106290",0.033349199467863,5.33690036706698,0.292956451110209,0.770490100869828,0.88654168407343,-6.00022635260083
"ENSG00000162378",-0.0179819481481065,5.14717777854704,-0.144402337130879,0.885630259545086,0.948772694220852,-6.00056031576785
"ENSG00000135596",-0.0883852576157196,5.79260784276605,-0.540654198916708,0.59059675558704,0.775050753124441,-6.0007101461167
"ENSG00000109906",0.0882827091329288,5.79328675009012,0.51349677360622,0.60934765201927,0.785548037908421,-6.00086195795256
"ENSG00000164576",-0.0704421275146014,5.72459448592471,-0.522233197675393,0.603286028483503,0.781989598662414,-6.00128418741515
"ENSG00000130559",0.0587174397506116,5.54347111728166,0.408801173071208,0.684031441775199,0.836686864569216,-6.00138524750195
"ENSG00000274180",0.0164484715704711,5.13175327020628,0.0704614212036141,0.944043079155382,0.973499658584813,-6.00144758723554
"ENSG00000161204",-0.0111579190380828,5.03832072677425,-0.082343135812572,0.934627290726828,0.96803222050946,-6.00161152129911
"ENSG00000127483",0.0870712307672097,8.25819151839713,0.936406370234152,0.352535536142015,0.597577349378251,-6.00222479928698
"ENSG00000120675",0.0278378903254195,5.25800270747691,0.134911206499711,0.893099624092075,0.952391067337721,-6.00227093367821
"ENSG00000141741",0.0188870257492155,5.06993884251463,0.106691414075734,0.915362912132069,0.9593249790344,-6.00235966961175
"ENSG00000197006",0.103743258373399,7.43179963850702,0.864839496197792,0.390312392353439,0.628375269959083,-6.00279630018453
"ENSG00000168710",-0.0720723909918046,6.47895992110055,-0.72402788312163,0.471650542877054,0.689449334906606,-6.00291542888666
"ENSG00000155111",0.0949127617693675,6.53844585251916,0.694868259123732,0.489618221581109,0.703314717617853,-6.00302376385448
"ENSG00000143811",0.0707308822685917,5.73667081540033,0.438010790424533,0.662832877380147,0.822577110698643,-6.00313903135005
"ENSG00000100201",-0.0750735105184575,8.57100885225212,-0.955450136347141,0.342895597000592,0.587573643826477,-6.00329469524094
"ENSG00000103966",-0.0648572602322171,5.49804209224981,-0.402974869198987,0.688291157963745,0.839259227526071,-6.00338072290528
"ENSG00000047579",-0.0282316970643501,5.17257213539382,-0.162796439553522,0.871184558549295,0.941335476988607,-6.00360996883808
"ENSG00000186716",0.118742410564669,6.7971154288602,0.749776565042163,0.456098702649203,0.677327021636693,-6.00370503882886
"ENSG00000017797",-0.0899452617723142,7.89045861212931,-0.914364011785503,0.363910302247263,0.606665644627628,-6.00383099131189
"ENSG00000159128",0.0919238376011258,6.62613671300946,0.734010336261617,0.465586034108264,0.684848306183328,-6.00399255152649
"ENSG00000120860",0.0769338416334966,5.7965053009466,0.466964288227422,0.642089362673284,0.806758036864403,-6.00413683848587
"ENSG00000131653",-0.066610865402942,6.01487500871164,-0.586332601087881,0.559685886398394,0.752323885787923,-6.00438701247768
"ENSG00000154845",0.0996798299081201,6.69395034591501,0.745515867456197,0.45865155310971,0.679003712321114,-6.00440018447838
"ENSG00000141101",-0.0738360750764819,5.62380988238416,-0.517425309086903,0.606618471830985,0.784070565726028,-6.00445836739584
"ENSG00000100567",0.0555279840763951,5.38323028934829,0.369120723692941,0.71323930164769,0.855887161977228,-6.00446833445606
"ENSG00000164167",-0.0892977214939137,5.83794917728528,-0.546923514298706,0.586306988837245,0.772478954095601,-6.00463011188365
"ENSG00000173517",-0.110003058158,7.03077324134896,-0.821530856264476,0.41435176184348,0.647313094476152,-6.00474820079315
"ENSG00000168209",-0.0789227047304024,5.43045609866795,-0.403192334519279,0.688131982167869,0.839252974893788,-6.00480895687603
"ENSG00000163162",0.0451379300886856,5.2516059856191,0.202515683078831,0.840147131351823,0.924937229801924,-6.00557568992119
"ENSG00000138758",0.159068940637984,7.62450897758656,0.867197856126462,0.389028708233163,0.627227518684363,-6.00564063864897
"ENSG00000126088",0.00901534838226947,5.19641838038991,0.0414353730132746,0.967076025082971,0.983503861238011,-6.00572240812844
"ENSG00000105186",-0.0618379228483175,5.79914808666372,-0.501362874725873,0.617812208873963,0.790660303957094,-6.00576165882041
"ENSG00000124571",-0.0398654503908977,5.39942565123353,-0.302464223223094,0.763265478575025,0.883610354287449,-6.006074899869
"ENSG00000145555",0.0722442456079477,5.38705022557426,0.345992638132468,0.73046737683119,0.863438114336369,-6.00622968229501
"ENSG00000141127",0.0527420443604827,5.53971103503357,0.364011877349927,0.717032385024093,0.856839671872761,-6.00649321667828
"ENSG00000121481",0.0361079915980396,5.30710836484976,0.277669971247067,0.782148342499173,0.893883819999055,-6.00651144762406
"ENSG00000167641",-0.0164185269307584,5.27234385790293,-0.0691354855423793,0.945094351976809,0.973908960088966,-6.00653425871738
"ENSG00000169564",0.0922113189194356,9.33798456978545,0.97002117258536,0.335637265955901,0.581785499499762,-6.00666554050456
"ENSG00000211893",0.0301337793075476,5.03671950372185,0.123463665193105,0.902121515835408,0.954414603483409,-6.00677728187147
"ENSG00000144744",0.0143682307998194,5.18425713378139,0.099264916490146,0.921233913672811,0.961791077644992,-6.00681047610737
"ENSG00000154781",-0.0323588653229354,5.15602029138253,-0.191086499918485,0.849054363524474,0.930388086073578,-6.00686938189274
"ENSG00000075407",0.031383203261699,5.18742808403613,0.188000611995944,0.851462758705302,0.931292734275544,-6.00707817147923
"ENSG00000134242",0.0739843412629142,5.9143537940336,0.545843939318731,0.587044631375642,0.773143188087484,-6.00713037536648
"ENSG00000202538",-0.273821058700713,7.5226288728755,-0.887899563459199,0.377873663053665,0.617303292475659,-6.00745195608511
"ENSG00000129315",-0.00588509783777358,5.05340332889888,-0.0376529042111816,0.970080008174212,0.985120717095905,-6.00765280142293
"ENSG00000143970",-0.0624576864172193,7.35906873402102,-0.855807408122402,0.395252986541104,0.631479481928066,-6.00796850368408
"ENSG00000147684",-0.0293291735217922,5.27297261525051,-0.236872920638305,0.813501466289097,0.91248836490488,-6.00798791835611
"ENSG00000180233",-0.0182974251241141,5.24634008224366,-0.113992228602939,0.909595868889534,0.956741884460711,-6.00810257556597
"ENSG00000185862",-0.100620456637045,7.83445712902547,-0.910209755144957,0.366080093287495,0.608792536089827,-6.00818241287456
"ENSG00000204569",-0.0786185412421263,6.16534613519466,-0.652837818440524,0.516166823987851,0.721279654423059,-6.00820763859159
"ENSG00000179855",0.0460518951305193,5.35643868238784,0.170468951456419,0.865171676304698,0.938561388392672,-6.00839933161915
"ENSG00000142197",0.0653335524424579,5.94689809142122,0.562773393577052,0.57552819421852,0.766058539482653,-6.00846293909948
"ENSG00000113448",0.0993629852222924,6.16878958945603,0.562943395021386,0.575413104798435,0.766058539482653,-6.00871019802633
"ENSG00000107077",-0.0871587713029198,6.49010548858377,-0.694871562483668,0.489616164964525,0.703314717617853,-6.00925190772477
"ENSG00000113649",-0.0784026882877589,6.06282207705141,-0.607292363083352,0.545775896139636,0.743985888216051,-6.0094782194917
"ENSG00000185043",0.00630138069072306,5.06185053778036,0.0424400897317935,0.966278171867903,0.98307637994869,-6.00957482788331
"ENSG00000130382",-0.0885362285774791,6.0644396565929,-0.601148138427465,0.549835291116468,0.745706414240109,-6.01001777494309
"ENSG00000170242",-0.0811381914754747,7.14944960318813,-0.817203672013915,0.416801964570668,0.64865966391152,-6.01020857805981
"ENSG00000076944",0.112957622922383,7.2413587498105,0.810379983142916,0.420683494899943,0.651103318242866,-6.01026171313635
"ENSG00000163743",0.0229040214298237,5.32739821375913,0.145638175372429,0.884658424913467,0.948183965950929,-6.01035306895871
"ENSG00000196776",0.0929159286304859,5.79777053039737,0.449988667295807,0.654218106335757,0.816231978270322,-6.01043155606777
"ENSG00000162408",0.00331447850675382,5.08836915121724,0.0219516952964061,0.982553840795396,0.990276681441884,-6.01046777004025
"ENSG00000165699",0.0476978140615296,5.37810181970454,0.31103262537049,0.756772654716864,0.879645279047893,-6.01052525248468
"ENSG00000178105",-0.0331853198342831,5.30844317928157,-0.219926162160905,0.826618968139773,0.919252937012755,-6.01114128630516
"ENSG00000001084",-0.097152980797957,5.62586680761024,-0.466148671829369,0.642669909958867,0.806883373778959,-6.01126072987771
"ENSG00000115421",0.00212387244843093,5.16340512090361,0.0119577630748187,0.990495995873024,0.994512013548883,-6.01133038491186
"ENSG00000157538",0.0533263113147555,5.66493571069281,0.41787737941137,0.677416154796875,0.832896233656821,-6.0115186649127
"ENSG00000162367",0.159823671906633,7.01771483079226,0.772388207314441,0.442688284714185,0.669568546434458,-6.01209467424517
"ENSG00000153879",0.0126800890687626,5.10948413122322,0.0806409443028764,0.935975667735534,0.96887619947239,-6.01253441750002
"ENSG00000011007",-0.0880168869304283,6.40773179727802,-0.685987777844763,0.495164223647065,0.707284490735035,-6.01276169765733
"ENSG00000006125",0.0886204804627218,7.99504406060553,0.904851140461149,0.368891098156379,0.610739259833344,-6.01278933929426
"ENSG00000127445",0.0631421214792143,5.59062096749407,0.441367697600187,0.660413840340358,0.820509601408044,-6.01309092445525
"ENSG00000125818",-0.0925264884595123,7.34802548729647,-0.849181592425595,0.398901821302272,0.635629459624094,-6.01319418806885
"ENSG00000112367",0.00404644648052077,5.18781752437127,0.0271050963274485,0.978459085284023,0.988610365668645,-6.01354632770817
"ENSG00000196154",-0.108932319556203,7.37364828155126,-0.859801003640272,0.393063718069709,0.630361175495897,-6.01447176630536
"ENSG00000071894",-0.0215613226754554,5.15090288159453,-0.126180833585632,0.899978878836255,0.953722025267442,-6.01451437514355
"ENSG00000136603",-0.0701373597972879,6.30134170714668,-0.659795372256309,0.511719903849188,0.71827327187189,-6.01452665468299
"ENSG00000185404",-0.034071562350098,5.29145843578742,-0.186688311470264,0.85248738073453,0.931852177014791,-6.0145593974563
"ENSG00000008294",-0.0807111991865961,6.8246685182658,-0.750622779506147,0.455592657632251,0.677235688616782,-6.01482593309411
"ENSG00000010278",-0.155251444622997,6.38588451157371,-0.615091240783621,0.540645293891691,0.741549738449631,-6.01501455075775
"ENSG00000109381",0.0912503084961633,6.86993614679376,0.746594696675919,0.458004385151506,0.678598827931848,-6.01517764426429
"ENSG00000169976",0.0241729145626843,5.23465602201566,0.154510481289553,0.877686750042683,0.944583077521389,-6.01518322243417
"ENSG00000122085",-0.0132096565814317,5.33296542699389,-0.0736143362665752,0.941543683116663,0.97242274608902,-6.01528192826735
"ENSG00000162607",0.0604341599097884,6.17387556425506,0.602710747338168,0.548801457238112,0.744959522894574,-6.0153054861331
"ENSG00000198825",-0.0370806047233145,5.20315458011868,-0.155197325533232,0.877147439331321,0.944583077521389,-6.01534120439387
"ENSG00000164442",0.0943782700577849,5.87135425794974,0.522579405428691,0.603046390465594,0.781989598662414,-6.01565281342689
"ENSG00000133574",0.123278899215673,9.18556908149981,0.960501614791402,0.340367739890342,0.585884185441574,-6.01591679045276
"ENSG00000076201",-0.0519331626641559,5.4542371756276,-0.368298239139035,0.713849471804323,0.856214207866397,-6.01601683191015
"ENSG00000110172",0.0389927149449214,5.31547406746634,0.288488459878526,0.773892265334552,0.888361791306919,-6.01625098804079
"ENSG00000180817",0.0226892827234773,5.15561948415448,0.135893181435183,0.892326363868894,0.951907975398029,-6.01642329206627
"ENSG00000085382",0.0341888081182615,5.38187453784547,0.184392710703401,0.854280358579832,0.932254115674849,-6.01694742985914
"ENSG00000167770",-0.0400361097409476,5.2399290131731,-0.25277631689052,0.801239993188086,0.903946051540421,-6.01696148245154
"ENSG00000151414",0.0923482295868885,7.57689420951672,0.855878264024707,0.395214078097621,0.631479481928066,-6.01721608412297
"ENSG00000197226",0.104252110550333,6.81691303358977,0.736210527344761,0.464255367786915,0.683954365522746,-6.01721888628432
"ENSG00000153561",-0.104360167892928,7.6031270286843,-0.85965157324965,0.393145499410402,0.630361175495897,-6.01831824548002
"ENSG00000110077",0.0362880997061339,5.27742454519333,0.177594314240761,0.859594726450091,0.934744924091836,-6.01835039186897
"ENSG00000142453",0.0118811462460711,5.13235123653611,0.074544009133177,0.940806819069773,0.972214633970433,-6.018432760167
"ENSG00000125651",-0.0878035713817491,6.9048631365736,-0.786165062114224,0.434631917876663,0.661634949083231,-6.01881391372245
"ENSG00000274383",-0.0347731482089619,5.10225783425216,-0.0824911558390487,0.934510046891151,0.96803222050946,-6.01911467459523
"ENSG00000127328",0.0358400991831482,5.43779064994966,0.207017189706402,0.836644595550739,0.922680112664054,-6.01961193487547
"ENSG00000088833",0.0674891345212218,5.78177448735492,0.483469128698878,0.630389871743965,0.798866645654358,-6.01961365423751
"ENSG00000145687",-0.0566080264074929,5.41605270797102,-0.239161241188299,0.811734216272569,0.911534201522653,-6.02005105567977
"ENSG00000144228",-0.0451481846286024,5.55094782128133,-0.355975869840533,0.723013195572666,0.860537180532152,-6.02118163732283
"ENSG00000163154",0.000759152955579268,5.15075554045558,0.00469724923717338,0.996266560104417,0.997731657986924,-6.02170315905258
"ENSG00000164609",-0.0861496672338218,6.97334347262011,-0.790882408111478,0.431893363425325,0.659460494378131,-6.02174887460073
"ENSG00000179562",-0.0532231323643018,5.41286014244969,-0.318697733094246,0.750979148868092,0.876651896943082,-6.02247437197814
"ENSG00000138279",0.080887951798994,6.52752682813957,0.671517627237629,0.504274147693006,0.712557235176549,-6.02279169293181
"ENSG00000197451",0.0937048667583475,6.76742704581488,0.749509779769991,0.456258310048222,0.677327021636693,-6.02294231909008
"ENSG00000113163",-0.0839690878052135,6.20545947768325,-0.610275205020268,0.543810676424718,0.742340407206681,-6.02308496813337
"ENSG00000132432",0.0073539815310113,5.22406227563241,0.0402541433578599,0.968014091642693,0.984274126776669,-6.02316526318679
"ENSG00000135870",-0.0854507448254358,6.89405731067864,-0.755844857209645,0.452476964252163,0.675576384960499,-6.02346179848075
"ENSG00000238201",-0.124580871548953,5.93275365161972,-0.485157583309551,0.629198270288638,0.798293473808221,-6.02354383122129
"ENSG00000184900",-0.0858221005959887,7.03659219516759,-0.771256037098951,0.443354214176756,0.670012138373084,-6.02360033719197
"ENSG00000268555",0.0154616829515737,5.36571687304615,0.0415442296134853,0.966989579582162,0.983503861238011,-6.02388132233438
"ENSG00000204256",-0.0699211754168303,8.24333323862384,-0.91950500506339,0.361236551434335,0.604799241614708,-6.02389329162024
"ENSG00000066044",0.0706380703047129,5.837020611447,0.462844426312955,0.645024120453396,0.808022857721338,-6.02406109324929
"ENSG00000114416",0.0787830585225828,7.4461810788113,0.844857211086941,0.40129441003649,0.638508161763667,-6.02428944509403
"ENSG00000137801",0.29614883779284,8.75175082975238,0.932634352255989,0.354465557559108,0.599171069681049,-6.02434642554113
"ENSG00000084463",-0.0825092524542939,6.71959237276766,-0.735991891762193,0.464387500667961,0.683964072354434,-6.02435626009343
"ENSG00000121774",-0.0879083498099815,7.68716874387395,-0.876988061752721,0.383727944986599,0.623174331594866,-6.0244304727438
"ENSG00000163428",-0.0618009230152303,5.64592234682213,-0.438412471784519,0.662543229600567,0.822577110698643,-6.02444728795193
"ENSG00000105514",0.099303167416755,6.66492922659699,0.720812159320275,0.47361359909614,0.691569790371421,-6.02484450176143
"ENSG00000100883",0.0480008693208314,5.64799761863776,0.388714303633563,0.6987598575509,0.846341419283526,-6.02498199426581
"ENSG00000101310",0.0389750364770052,5.43910669496246,0.307118347336427,0.75973660485281,0.881754378588972,-6.0255740170146
"ENSG00000189079",0.0699612505974763,6.46999115322407,0.657556146296126,0.513148868904097,0.718817560320718,-6.02575351255377
"ENSG00000204217",0.0722052427320952,6.25457097672227,0.590763151153635,0.556730927865304,0.74946135285648,-6.02586674203764
"ENSG00000171988",-0.0866293015142636,7.70705840245823,-0.871612112333861,0.386633051129727,0.625223170838455,-6.0258715509962
"ENSG00000138182",0.086389868120258,6.10544075347196,0.544105456651302,0.58823341003577,0.773402544096508,-6.02587534878568
"ENSG00000075539",-0.0787168950973589,6.96613762753142,-0.773499190846807,0.442035386342838,0.668946884665495,-6.02656969085229
"ENSG00000152583",-0.0212325976952137,5.14987008221502,-0.0832761733645272,0.933888273860797,0.967634712056604,-6.02683875749438
"ENSG00000101193",-0.0842399920210459,6.4780931212027,-0.680743562140088,0.498455378890821,0.709030001095874,-6.02714648842788
"ENSG00000197081",0.108334989461398,6.24129720292541,0.615591250528159,0.540317198852848,0.74147307288421,-6.02750932780329
"ENSG00000091490",-0.000689982077577866,5.3203209008085,-0.00341535629496115,0.997285421904052,0.998136267507569,-6.02779114586455
"ENSG00000153015",-0.0709077434026781,5.94427549643769,-0.496206916994483,0.621424854446496,0.793791935996368,-6.02786109366522
"ENSG00000179271",-0.0669907556004379,5.51406612434209,-0.40202864439761,0.688983920555702,0.839467508315238,-6.028565185363
"ENSG00000185883",0.0465843723263859,5.56012694760764,0.236259346693989,0.813975489737464,0.912644261800721,-6.02864002602435
"ENSG00000133393",0.0546308426096926,5.61238298352698,0.306377399257599,0.760298070043161,0.881861589439034,-6.02950162015867
"ENSG00000197852",-0.0165889289748336,5.33037578853034,-0.105733175060386,0.916120187508787,0.959443056814277,-6.02959934953766
"ENSG00000108506",0.0210543093768791,5.40296906014786,0.108400734987952,0.91401226872563,0.958894442522094,-6.02970171430303
"ENSG00000120029",-0.0394524986148266,5.5435124776237,-0.275661774993799,0.783683686805764,0.894325246275199,-6.02978070164763
"ENSG00000211829",-0.0543350291477083,5.25519050437762,-0.239648750997147,0.811357843149313,0.911397428758239,-6.03024705237149
"ENSG00000156471",0.0293799222268287,5.37702366251418,0.216316349747982,0.829419658232981,0.919802505633456,-6.03027121728845
"ENSG00000155307",0.0729295327208588,5.8424634485001,0.467317430896958,0.641838068772636,0.806628327260282,-6.03040276656413
"ENSG00000119471",0.0422418740882549,5.4200562484524,0.23031230548785,0.818573530388681,0.915162855234463,-6.03095752033315
"ENSG00000114784",-0.129568149377775,7.15580702452022,-0.791325098450987,0.431636895074259,0.659437049276508,-6.03103501496434
"ENSG00000120992",0.0538046229636038,5.732762061084,0.38731753045782,0.699788429890483,0.846886666816782,-6.03108202538956
"ENSG00000137393",-0.0797976608541173,5.85866959481511,-0.5024848123559,0.617027343589007,0.790660303957094,-6.03109080994067
"ENSG00000134548",0.00807023633752912,5.45963979356099,0.027227590223174,0.978361761518773,0.988610365668645,-6.03166296192833
"ENSG00000164463",0.0953304183723018,6.87893435549028,0.73393561220582,0.46563126494795,0.684848306183328,-6.03179410662334
"ENSG00000185989",0.147119285531446,8.53307666597423,0.916478123144243,0.362809256253116,0.606128435469788,-6.03212415810909
"ENSG00000090565",0.0540509492320567,5.68411931955959,0.358112578010515,0.72142123870292,0.860297492045644,-6.03215572546798
"ENSG00000100749",0.0795279078234827,6.15831999229815,0.552690349778152,0.58237414486129,0.770584433805234,-6.03216141738677
"ENSG00000117155",0.165002262651834,6.93266108486564,0.714743816737882,0.477330545272544,0.694872152036842,-6.03219830064691
"ENSG00000089053",0.106410221286175,6.45148291546243,0.641755920246798,0.523291939055826,0.726959395275449,-6.03234523384739
"ENSG00000105281",0.0476562633168083,5.29473766438977,0.208045993260686,0.835844565556228,0.922357948784754,-6.0332357986341
"ENSG00000106392",-0.0281148276699072,5.44245677358231,-0.142895418356209,0.886815503725066,0.94917408507922,-6.03327164607715
"ENSG00000128731",0.0674401178505271,6.28152718779344,0.588682303449166,0.558117781450674,0.750944606745687,-6.0333911745537
"ENSG00000116586",0.0511837234986841,5.65117885844935,0.388423928571589,0.698973640859304,0.846412179462434,-6.03392462275513
"ENSG00000198081",-0.0302288781926885,5.41803549932546,-0.206003097977955,0.837433354399595,0.922989462830061,-6.03397168373207
"ENSG00000005238",0.0167514401551943,5.32350383234222,0.0963427795792438,0.923545225777783,0.962409026403473,-6.03398146237973
"ENSG00000188938",0.063409012198596,5.67617630791484,0.428021424290234,0.670052593756314,0.827474590675836,-6.03401668260911
"ENSG00000140521",-0.0752659933657709,5.91608316623423,-0.516912830308168,0.606974177110238,0.784158244462077,-6.0341320102162
"ENSG00000117592",0.165733512815601,8.37761681992072,0.902849142065339,0.369944816198757,0.611251004481914,-6.03418476846333
"ENSG00000132388",0.0649636524568464,6.01064094235484,0.490349110562642,0.62554062313087,0.795877000190794,-6.03454825621187
"ENSG00000100335",-0.0111120018305684,5.27743570134715,-0.073763368058932,0.94142555620023,0.97242274608902,-6.0346876439666
"ENSG00000165650",0.0439630381873561,5.63517285931328,0.299500398913056,0.765515356053536,0.883960928312773,-6.03504881461872
"ENSG00000072121",-0.0514012120666658,5.47608960018241,-0.298211680453147,0.766494272020326,0.884470913463429,-6.03515340786004
"ENSG00000163950",-0.084249412508214,6.74646267284466,-0.704626907221893,0.483563453783648,0.699722097267813,-6.03533571811872
"ENSG00000116750",-0.00732432544189976,5.28716828777428,-0.0507867634683588,0.959651426858719,0.980418314090369,-6.03571629012519
"ENSG00000189308",0.0854238008014914,6.19664014817088,0.54320493203129,0.588849638198142,0.773534921885419,-6.03573246348866
"ENSG00000136381",-0.068096950017436,6.66080562256661,-0.706863703459719,0.482181509918675,0.698278805432467,-6.03574373335304
"ENSG00000058091",-0.0847396057783012,6.12474193424804,-0.523601670100484,0.602339055385507,0.781692037575093,-6.03579435219464
"ENSG00000103544",0.0486641810449742,5.56826839346506,0.337645528042771,0.736720009025482,0.865925739454263,-6.03583586097936
"ENSG00000105887",0.172435887569707,10.0674441737237,0.935759271257455,0.35286615166344,0.597749896013451,-6.03596886189
"ENSG00000156256",-0.0206691142628692,5.26636878828154,-0.135961699665347,0.892272412805784,0.951907975398029,-6.03629032354689
"ENSG00000172159",0.157695859420276,7.18894140617861,0.76532433143137,0.446852734396684,0.672686846364502,-6.03652093768877
"ENSG00000118454",0.0555416124879908,5.85555490132903,0.414912809944939,0.679574145070161,0.834231622880179,-6.0367547024387
"ENSG00000166446",0.0923201771303832,6.16678755855003,0.512412406414095,0.610101952077628,0.786334382521627,-6.0367928243197
"ENSG00000166226",-0.0540770693037755,5.79559702437717,-0.430997111804992,0.667898642376406,0.826898292663862,-6.03707730740883
"ENSG00000089327",0.143878944179669,9.30823693365974,0.935919376678711,0.352784331992675,0.597749896013451,-6.03745882185409
"ENSG00000140553",0.0864953445100554,6.17700774706581,0.544757848344449,0.58778716958037,0.773307051406389,-6.03796535114752
"ENSG00000172890",-0.014952995128942,5.28709734011334,-0.08945085870805,0.928999084824383,0.965129790551905,-6.03846552056704
"ENSG00000171853",-0.0647459680699392,5.67627990198094,-0.390492430870645,0.69745127772788,0.845508358046616,-6.03859758298836
"ENSG00000257621",0.0193563571061226,5.37980187240923,0.122230974406661,0.903093802045548,0.954423866836886,-6.03884058205772
"ENSG00000143621",0.0520760379349143,5.50566678632642,0.339185756823995,0.735564900942083,0.865925739454263,-6.0389262035908
"ENSG00000250722",-0.0377328800682966,5.2561620680066,-0.151685152374258,0.879905809095453,0.945694781604267,-6.03893806799439
"ENSG00000167552",-0.0977386857024403,6.71989421084104,-0.7169855198053,0.475955570902772,0.694059408532736,-6.03901440687405
"ENSG00000142856",-0.0754070708923971,5.71053211545653,-0.34875083498746,0.728405271952787,0.862310282833286,-6.03925699299374
"ENSG00000128607",0.0613850540770358,5.77233983945864,0.389432817758065,0.698230969825455,0.846185028032098,-6.03933084658588
"ENSG00000138449",0.1783083288891,8.49946503336047,0.903342209507097,0.369685121019545,0.611251004481914,-6.03946406092522
"ENSG00000050405",-0.0413701301399279,5.4075111932394,-0.255851987769204,0.798874327146979,0.902960027862395,-6.03969091635029
"ENSG00000142166",0.0625842338334968,5.66329891607247,0.415341426166266,0.679261977025909,0.834089612137198,-6.03991433892107
"ENSG00000134014",-0.0382147646341053,5.44477006855967,-0.254843123400139,0.799650092695629,0.903265642167207,-6.03994443863731
"ENSG00000141002",-0.0815178524421558,6.73721532434102,-0.718555510361586,0.474993923506481,0.692842542239173,-6.04012526774651
"ENSG00000106617",-0.0184638473042735,5.37881315818822,-0.122858395143325,0.902598904572932,0.954414603483409,-6.04019745467836
"ENSG00000164032",0.0564711521039545,5.67012153343425,0.361768206475416,0.718700473610646,0.858000977026963,-6.040255470567
"ENSG00000163719",-0.066315840039314,6.62176319022154,-0.691493911326636,0.49172151683989,0.704417255783255,-6.04029577664034
"ENSG00000168002",0.0207327562071802,5.4553081987097,0.126885400038469,0.89942341046556,0.953711511072865,-6.04033541958041
"ENSG00000164088",-0.0639410875364765,5.9924312961372,-0.487921128835226,0.627250070893092,0.797121153773166,-6.04068524277144
"ENSG00000144635",0.0534970131227821,5.86644931174866,0.465204156900825,0.643342485032999,0.807251349166821,-6.0409449517338
"ENSG00000154229",0.114059640340364,6.47437045980787,0.611743805134605,0.542844426894608,0.742340407206681,-6.04097339224479
"ENSG00000144357",-0.0617104971575015,5.77635964483806,-0.387606634229367,0.699575489904462,0.846886666816782,-6.04107961573919
"ENSG00000129518",-0.00378856776331027,5.29591705897842,-0.0290223922874433,0.976935795192172,0.988548702118676,-6.04108995784826
"ENSG00000166377",0.0547018649840805,5.67721288504553,0.266801541816345,0.790467896392599,0.899112753382378,-6.04116977904853
"ENSG00000136231",0.207698100514053,6.93623593933686,0.727781659028443,0.469364847288591,0.687392389254905,-6.04131634339274
"ENSG00000131042",-0.0796741125898306,5.69317835835386,-0.391361507522428,0.696812031396676,0.845098215347491,-6.04181067368759
"ENSG00000101752",0.0840450378891102,6.73567243531597,0.685904439627847,0.495216431853661,0.707284490735035,-6.04199454777072
"ENSG00000087338",-0.0175287079186983,5.42377121680858,-0.149171647761591,0.881880768396259,0.94707006233448,-6.0420021932643
"ENSG00000140941",0.141844320189319,8.19534465289666,0.881729702688903,0.381176992667986,0.621122495234868,-6.04215892962494
"ENSG00000170542",0.11797309421771,6.96112040076666,0.74322854362587,0.460025406356228,0.68047151235179,-6.04217694855629
"ENSG00000130803",0.00436361602787372,5.19999353066231,0.0268561562436231,0.978656873996526,0.988610365668645,-6.04245645761755
"ENSG00000127481",0.0801612014340227,7.91216648542239,0.866595356096357,0.389356406057908,0.627227518684363,-6.04263096586285
"ENSG00000175220",-0.0808529130940254,6.64041338578092,-0.68580154114048,0.495280897972496,0.707284490735035,-6.04295817780846
"ENSG00000205250",0.0900705299323308,6.56513987150205,0.684482754065458,0.496107526786171,0.707537645531691,-6.04478812847285
"ENSG00000106682",-0.0781067450312163,7.57751772062286,-0.844157532793241,0.401682354227245,0.638882677370123,-6.04484418176639
"ENSG00000145354",-0.0719270418440301,5.53678615492823,-0.276618139365322,0.782952401073848,0.894218190169546,-6.04514466349003
"ENSG00000130449",0.0163948276743024,5.39204881229756,0.10671641031605,0.915343159197802,0.9593249790344,-6.04517617639123
"ENSG00000196504",0.0769117516452544,7.35229908153562,0.81066993356818,0.42051812135257,0.651032317456324,-6.0457545438493
"ENSG00000182054",0.0924798818206023,6.54952537299253,0.65944853342701,0.511941100344814,0.71827327187189,-6.04576036617256
"ENSG00000162366",0.148945691933095,5.94736026087417,0.405767619242503,0.686248054804704,0.838322055615302,-6.04604924029811
"ENSG00000079805",-0.0660278318584586,7.88672765322234,-0.869010426230952,0.388043893284139,0.626751768817654,-6.04605324148483
"ENSG00000101343",-0.0639786925949997,6.10398810065759,-0.54715643803855,0.586147896442197,0.772478954095601,-6.04610977600125
"ENSG00000128534",0.0562420177337044,5.77194329650185,0.405540244094171,0.686414309080857,0.838322055615302,-6.04624502152585
"ENSG00000186063",-0.0454795853762997,5.64817056838778,-0.301075084288647,0.764319738544259,0.883958695002254,-6.04664063889253
"ENSG00000143952",-0.0734246660437252,6.20666943748272,-0.544992883824621,0.587626442942236,0.773282333610942,-6.04671560964556
"ENSG00000168374",0.0810894755652063,6.61721644453599,0.640640631533919,0.524011865144932,0.72771262842457,-6.04676526279582
"ENSG00000109861",-0.000792955916921301,5.33767701352645,-0.00495358077893641,0.996062825830663,0.997731657986924,-6.0468770883929
"ENSG00000184178",-0.112084870417596,5.92782857245444,-0.450894497398353,0.653568506101059,0.816099294347598,-6.04697517243006
"ENSG00000104228",0.0597327287711558,5.84500886005641,0.407050948055173,0.685309989996875,0.837686521315453,-6.04798041417933
"ENSG00000111731",-0.0644906945234736,6.07051243462923,-0.505130510600352,0.615178285693353,0.790140167300285,-6.04828739964119
"ENSG00000148700",0.100643651483225,8.3302642706622,0.88819909193667,0.377713756793076,0.617303292475659,-6.04830838791414
"ENSG00000080608",0.0140713727048114,5.4116580169798,0.100562644148218,0.920207671755343,0.961774128390298,-6.04857997714301
"ENSG00000109854",0.0302224043324681,5.59250534936889,0.145984320000464,0.88438625654129,0.948183965950929,-6.04858835460066
"ENSG00000198000",0.0645364968849478,6.07666320728257,0.54836835705167,0.585320458068503,0.772188646796044,-6.04874382755764
"ENSG00000151532",0.0378656370008024,5.56940642162068,0.265737203989731,0.791283956908767,0.899301579354415,-6.04878320531108
"ENSG00000135048",-0.0478266323051137,5.52093722563604,-0.280704735749586,0.779829795686802,0.892940696551149,-6.04880396503425
"ENSG00000177963",0.0657133916141319,5.82010603128567,0.411810229360178,0.681835477705804,0.835313623238412,-6.04898035449108
"ENSG00000111275",0.0227368704652067,5.29411497618075,0.129401581375336,0.89744010870225,0.953342411075937,-6.04906273932077
"ENSG00000105221",-0.062951533343627,6.06354362729223,-0.510932716604738,0.611131927625927,0.786917216191456,-6.04968537222855
"ENSG00000151465",0.0587955658917103,6.08921452734391,0.520433044980277,0.604532763564667,0.783046717998171,-6.0496886007781
"ENSG00000099860",0.0868277089643632,6.05228656506065,0.525722814880695,0.600872594300678,0.780572256615275,-6.05016266921148
"ENSG00000140718",-0.0833165704487833,6.20849397118239,-0.543528831714394,0.588627958830777,0.773534921885419,-6.05059852497954
"ENSG00000068654",-0.00945939119100903,5.26173110864304,-0.0555501003416994,0.955870878760352,0.978677484674324,-6.05076600964636
"ENSG00000149231",0.0594512610629527,5.96390594391413,0.470716277331158,0.639421622182806,0.804705243162839,-6.05118739619914
"ENSG00000089902",0.0820485822470731,6.20121754499807,0.550200074206854,0.584070906935403,0.771398375996139,-6.05137073571476
"ENSG00000198198",-0.0568408590272949,5.59014541208167,-0.34885240049047,0.728329377024239,0.862310282833286,-6.05146284408781
"ENSG00000172046",-0.0271019104245029,5.40088377080434,-0.172132306827632,0.863869158977434,0.937708543157813,-6.05168588688029
"ENSG00000115267",0.0845828213890414,6.11241933728504,0.548658984814251,0.585122114367341,0.772188646796044,-6.05182913489086
"ENSG00000167325",-0.00485334281768957,5.37893352911649,-0.0278091286234887,0.977899722553359,0.988610365668645,-6.05183301547271
"ENSG00000200795",-0.047732214549141,5.40759829315682,-0.138292609400349,0.890437366540131,0.951183285468617,-6.05253964010128
"ENSG00000205269",0.0465365681338401,5.61866711365153,0.32956087055498,0.742793100752066,0.869704881344779,-6.05258293775474
"ENSG00000196365",0.0345163075239814,5.49049774872326,0.230000947088554,0.818814439125871,0.915188131301167,-6.0526628292429
"ENSG00000113811",0.024379810774942,5.40726633927483,0.133953936776453,0.893853530205339,0.952418156182023,-6.05286510714707
"ENSG00000214212",0.0303975285383968,5.36936757962698,0.177643924170872,0.859555922025535,0.934744924091836,-6.05295086016776
"ENSG00000077150",0.0803358655043445,6.10689162086128,0.554975134898389,0.580819469257408,0.769280960880019,-6.05322793463711
"ENSG00000204435",-0.0262462488554114,5.39712742648038,-0.193531465256389,0.847147201179863,0.929121986989881,-6.05345175392699
"ENSG00000164181",0.201714405301598,6.79680694917521,0.674375173766793,0.502467991327266,0.71231996272468,-6.05349408804345
"ENSG00000115520",0.0276150045832857,5.54036888367584,0.21502161794365,0.830424724784659,0.919802505633456,-6.05360456947357
"ENSG00000153914",-0.0844733052428017,6.27845849601664,-0.58848965440189,0.558246266027906,0.750944606745687,-6.05364676977533
"ENSG00000236304",0.287138578089426,8.72399392205036,0.900974946230116,0.370933000061427,0.612005749344232,-6.0536843877181
"ENSG00000170006",-0.0811551805850277,6.16605164685909,-0.556328491441127,0.579899520186617,0.769245820788091,-6.05384480914761
"ENSG00000055147",0.0344759836206778,5.57215766477998,0.252226887401421,0.801662786441116,0.904048615303498,-6.05425068278146
"ENSG00000139163",-0.0640000679506327,5.97882193418666,-0.479377853605151,0.633281305745929,0.800497477614414,-6.05448606520676
"ENSG00000007080",-0.0336702931594264,5.3307839135933,-0.16540771483977,0.869137250558789,0.940269920955159,-6.0544864422986
"ENSG00000112787",0.0870428849673521,6.29367514475097,0.537639135331045,0.592665057311829,0.776105982446587,-6.05492335046673
"ENSG00000164062",-0.0336948106163302,5.41410337082175,-0.217699196286937,0.82834650594653,0.919441921528981,-6.0549666171766
"ENSG00000119403",0.0250894571158096,5.41184722871392,0.15887148695659,0.874263481621007,0.942960707708182,-6.05502191625165
"ENSG00000062194",0.0705331323373368,7.13102603070216,0.74959754252699,0.456205801409072,0.677327021636693,-6.0551119058351
"ENSG00000159692",-0.0910489864656912,7.03161584828946,-0.755657143404892,0.452588747715745,0.675576384960499,-6.05529559622052
"ENSG00000115875",-0.064255105497633,5.9832301711507,-0.491557343478857,0.624690719480274,0.795724816396664,-6.05561763969936
"ENSG00000141298",-0.0796002181328959,8.62506314318656,-0.900334357560906,0.371271139344658,0.612252560716534,-6.05608124846624
"ENSG00000023228",0.07054038793442,6.59738419394571,0.643787773051674,0.521981701206697,0.725794985646286,-6.05615689597961
"ENSG00000101444",-0.00745457972266905,5.32621314966889,-0.0440370171510936,0.965010111030072,0.982870645894902,-6.05644205687316
"ENSG00000151914",-0.105442576587978,6.37260820205514,-0.600614689056709,0.55018844997458,0.745990126402338,-6.05652571269482
"ENSG00000198585",-0.100402612267125,6.7826557829784,-0.709780208790546,0.480382931059441,0.697156688442151,-6.05680785268194
"ENSG00000140471",0.25730382850698,7.61097814279627,0.809809903785224,0.421008754203092,0.651134327667495,-6.05743439080488
"ENSG00000241553",0.0472287623484418,5.82832923828966,0.365171926775515,0.716170470734022,0.856707662351965,-6.0587592325701
"ENSG00000124535",0.0699914659079761,6.00163272143409,0.430249126323944,0.668439809267924,0.826898292663862,-6.05877590693982
"ENSG00000139433",-0.0450731630029741,5.65994175311068,-0.345758510792918,0.730642509036764,0.863457785082926,-6.05879282115048
"ENSG00000277443",0.0890289867499234,7.28889977005039,0.785684318503913,0.434911578325252,0.661634949083231,-6.05895070201043
"ENSG00000166848",0.10035868470315,7.28620392335787,0.769260262096697,0.444529531171023,0.670486402497157,-6.0589795533095
"ENSG00000092871",-0.0132219970135434,5.42015298627128,-0.0898374423657164,0.928693072526642,0.965129790551905,-6.05957504486269
"ENSG00000064012",0.0709801956030311,6.08566160899693,0.518884565372736,0.6056061424481,0.783788457321466,-6.06024383590395
"ENSG00000136108",-0.0436511588043098,5.73190689503692,-0.293105783414286,0.770376468955081,0.88654168407343,-6.06031741761085
"ENSG00000153094",-0.0255917291311549,5.4835829993737,-0.172959163744983,0.86322181589741,0.937540450451077,-6.06069435992114
"ENSG00000224078",0.0477750051798518,5.63676111512728,0.2679943199486,0.789553636054117,0.898952603808324,-6.06103084182602
"ENSG00000011243",-0.0425613532420801,5.63988668971114,-0.290986014475107,0.771989942836181,0.886907756597817,-6.06111522036811
"ENSG00000111801",0.0221512700682194,5.38106881871269,0.158950940306731,0.874201135072691,0.942960707708182,-6.06121873419433
"ENSG00000052749",-0.0601781254438478,5.59907578909872,-0.299748883637312,0.765326650014384,0.883958695002254,-6.06139593155476
"ENSG00000137193",-0.130149479889754,7.71904579926689,-0.837731915079673,0.405255865815758,0.642372405284913,-6.06174215552167
"ENSG00000124226",0.0437168239420762,5.63677527276645,0.326857179882506,0.744827761363451,0.871712490635464,-6.06192082095244
"ENSG00000214655",-0.0256875988892151,5.46081884195495,-0.167685911520673,0.867351817357517,0.939803639809816,-6.06207526661681
"ENSG00000179119",0.0704010185872086,6.11531991620415,0.530801409249543,0.597368213600163,0.778765740055919,-6.06215254861732
"ENSG00000120686",-0.0643230195882891,6.17790357376112,-0.550694799694808,0.58373363578763,0.771398375996139,-6.06226770711426
"ENSG00000105778",-0.0315996972376551,5.6017431452627,-0.241826458957662,0.809677129024078,0.909884694497355,-6.06349879882356
"ENSG00000153944",0.0265250567424351,5.52587938463514,0.168258408054608,0.866903257657085,0.939516887078565,-6.0635956443544
"ENSG00000107798",-0.0627458598169843,5.75117482441344,-0.248474791566622,0.804551656474375,0.905841984971533,-6.06391688817194
"ENSG00000154832",-0.0505091630901182,5.72161139832665,-0.364810352086811,0.716439080336922,0.856707662351965,-6.06431229640919
"ENSG00000167797",0.0158783683540227,5.4411174339667,0.103588465563021,0.917815385852703,0.960250368915694,-6.06441622406161
"ENSG00000188976",0.0156059978699954,5.35987266235565,0.0891679616313908,0.929223027599913,0.965129790551905,-6.06472398359138
"ENSG00000155090",-0.0632882301474806,5.79910672877732,-0.375551511483525,0.708475041941174,0.852988293590169,-6.06480884098257
"ENSG00000134283",0.0771240673339273,6.81931790162255,0.672053084635336,0.503935436999842,0.712557235176549,-6.06498013634849
"ENSG00000100345",0.127356176222559,12.596606030977,0.788431314410967,0.433315014811265,0.660335720473223,-6.06509844470215
"ENSG00000177463",-0.065911351319583,6.74008825296226,-0.671270114477286,0.504430756695401,0.712557235176549,-6.0651590295009
"ENSG00000116017",-0.0330792011004846,5.49544558660847,-0.209601207220199,0.834635512375171,0.921770580056746,-6.06549341742947
"ENSG00000172115",0.0720861785540059,6.74592625854145,0.675407162447642,0.501816568323191,0.711952256308527,-6.06563215772979
"ENSG00000111596",0.0548550229606413,6.28369909311804,0.559515618510735,0.577735825095775,0.766749031698364,-6.06603848336998
"ENSG00000104852",-0.068381379597608,6.5815966951296,-0.644206179634372,0.521712106691451,0.725794985646286,-6.06616149221812
"ENSG00000106771",0.0202571258639352,5.61739564653087,0.119147123215024,0.90552684128799,0.95580013550766,-6.06629105984655
"ENSG00000174197",0.0751867769397272,7.41830068861472,0.782578305689361,0.436720983024284,0.662930040545082,-6.06635223151303
"ENSG00000089177",-0.021776879351612,5.54285051540064,-0.111667072375656,0.911432037261575,0.957109047610073,-6.06657093853286
"ENSG00000171681",-0.0798417399282698,8.22186680855379,-0.862047535849757,0.391835491343204,0.629982635363105,-6.06660246287591
"ENSG00000132155",0.0726904280366432,6.74717313539572,0.668174281589935,0.506391801291485,0.71435073367064,-6.06664788814044
"ENSG00000163466",0.0612993168008327,8.96047437261606,0.898829934174339,0.372066029131235,0.612697651034366,-6.06694108052032
"ENSG00000128881",0.0172923404987388,5.53887217176964,0.12991764211107,0.897033420449513,0.953342411075937,-6.06701561457401
"ENSG00000140526",0.0889367977591258,6.53745435201647,0.599478162887594,0.550941244072392,0.745990126402338,-6.06706165072968
"ENSG00000145041",-0.0388973576308702,5.62338027735039,-0.298353769569417,0.76638632178707,0.884470913463429,-6.0673946996631
"ENSG00000143977",-0.0055045646653209,5.40005769171544,-0.0351958738275508,0.972031582356636,0.985961030421274,-6.06757474170712
"ENSG00000108344",-0.0421753170910302,5.54275329935613,-0.260797866692925,0.795074149432698,0.901040255384158,-6.06761281560049
"ENSG00000119772",-0.0460744027221676,5.7311700936889,-0.350141360452811,0.727366437340317,0.862310282833286,-6.06805220359526
"ENSG00000124772",0.0730216800232757,5.93061241508277,0.338990671072474,0.735711173441525,0.865925739454263,-6.06812645667737
"ENSG00000176783",0.243179338341557,9.55125377432733,0.903321056987028,0.36969625952346,0.611251004481914,-6.06814257850756
"ENSG00000180957",0.0755738555520757,6.79147747851262,0.658669162555574,0.51243833035777,0.718785793972484,-6.06815335762279
"ENSG00000166986",-0.0163941844532509,5.45674757432315,-0.0982623738852794,0.922026815494161,0.961791077644992,-6.06875408257771
"ENSG00000166797",-0.0221775262773249,5.42561430354908,-0.136380840443364,0.891942393643244,0.951907975398029,-6.06892150038986
"ENSG00000112339",0.0471038772445578,5.82255049675916,0.357271909657126,0.722047432733518,0.860392478900308,-6.06905329426882
"ENSG00000156983",-0.0479610560980017,5.73361199077039,-0.357449033297226,0.721915481647267,0.860392478900308,-6.06906428654574
"ENSG00000100216",-0.0378175181843341,5.46722872463415,-0.254131074870053,0.800197743764217,0.903440133508408,-6.06937122385465
"ENSG00000144426",-0.0343027970908523,5.66742915698235,-0.222871241169949,0.824335683458431,0.918774223757901,-6.06943375715049
"ENSG00000125447",-0.0451609069753198,5.73044228371147,-0.322908697275472,0.747802461868836,0.873879839609914,-6.06989301635086
"ENSG00000106868",0.176479412713028,7.88554800237653,0.816942139241229,0.416950333259622,0.64865966391152,-6.06994322397831
"ENSG00000138835",0.0819884634648336,6.46530879202652,0.600121610682417,0.550514983703553,0.745990126402338,-6.07017531897082
"ENSG00000277157",-0.0824660985448364,5.77040441030298,-0.365586968538166,0.715862185370337,0.856707662351965,-6.07065815820742
"ENSG00000006607",0.0463463422424528,5.71410799083503,0.285661299384477,0.77604731736959,0.88989808146275,-6.07087969868432
"ENSG00000132842",0.0738657455795542,6.35151872729096,0.551621030096075,0.583102442808684,0.771241104253875,-6.07099846415492
"ENSG00000119906",0.0615714688382756,6.39438931415244,0.571892046778648,0.569370715218785,0.761397068363264,-6.07129070214775
"ENSG00000173542",0.187551650841318,7.82135838974273,0.80891955738296,0.421517044188694,0.651134327667495,-6.07164184638201
"ENSG00000145779",-0.0680164354079231,6.5039249335707,-0.616546856001452,0.539690435851657,0.740844954867191,-6.07172668390132
"ENSG00000112406",-0.0837383339087401,7.67748171881412,-0.820653822898473,0.414847663171875,0.647566059618787,-6.07192432318499
"ENSG00000180776",0.0630628766634596,6.22942769781643,0.514382821114362,0.608731620952544,0.785311359448132,-6.07218552592127
"ENSG00000008018",-0.0339733292680053,5.62058133713448,-0.23738349506006,0.813107069548864,0.912421692049889,-6.07248869179088
"ENSG00000005249",0.278967286280505,9.62386789263763,0.898562373103146,0.372207512943738,0.612697651034366,-6.07263710889104
"ENSG00000011275",0.0601693476073537,6.93732031062833,0.686420158233222,0.494893402169597,0.707284490735035,-6.07314033608476
"ENSG00000175895",0.0410952002070113,5.70002418892795,0.290792609590742,0.772137204394906,0.886907756597817,-6.07350163679664
"ENSG00000118564",0.0907433337399723,7.12814624982851,0.738524016435422,0.4628585184846,0.682819715327403,-6.07351241267733
"ENSG00000166887",0.0677236273297721,6.25389089731604,0.515699898032622,0.607816438211747,0.784822111111141,-6.07358914525571
"ENSG00000146066",-0.0153626533839848,5.44368347398921,-0.100014681370392,0.920640983765677,0.961774128390298,-6.07364064708313
"ENSG00000104969",0.0434038079196135,5.66617144519894,0.31207687719575,0.755982547681621,0.879284791306879,-6.07370734505615
"ENSG00000108840",0.107614386248688,7.00694762074036,0.695418593511847,0.489275658248863,0.703314717617853,-6.07388088000077
"ENSG00000077549",0.0749855927658967,9.00469434594518,0.88941868932066,0.377063103221158,0.6172616878767,-6.07397808239781
"ENSG00000116698",0.0525291844210054,6.88207050543507,0.683507399979007,0.496719372572807,0.707854339988662,-6.074318867932
"ENSG00000134324",-0.0195350282549125,5.43418387154697,-0.123108867531309,0.902401347550422,0.954414603483409,-6.07434200309932
"ENSG00000153786",-0.0140166474115935,5.60013039434583,-0.0972230663043652,0.922848878112114,0.962151101004762,-6.0743811360895
"ENSG00000118046",-0.0636065996909183,5.90718327833459,-0.420656019397395,0.675395963697305,0.83153835259275,-6.07440958138436
"ENSG00000135709",0.103780597798225,7.36360139826423,0.751906597363083,0.454825538945627,0.67683407161316,-6.07444230623241
"ENSG00000129691",-0.0787908810658919,7.25330760667908,-0.737656427020544,0.463382074483987,0.683222068143102,-6.07445382747335
"ENSG00000145819",-0.0930078937523549,7.26422363016416,-0.761025267467558,0.449398337555779,0.673911957887113,-6.0749735155274
"ENSG00000145494",0.0313408466453389,5.52451817820914,0.184150486026989,0.85446959313898,0.932254115674849,-6.07501438378873
"ENSG00000225190",0.0487473966771859,5.76324073322198,0.346217805750473,0.730298960250345,0.863426374879315,-6.07565956534527
"ENSG00000108651",-0.0544049971621883,5.89889068501427,-0.413475645563063,0.680621264924996,0.834952634837059,-6.07579782532286
"ENSG00000106636",-0.0641497781913118,5.88441822206394,-0.422117610365646,0.674334282337504,0.830606640328899,-6.07591468261054
"ENSG00000116741",-0.127844411727446,7.33096523308271,-0.771006682110201,0.443500960572505,0.670048040265947,-6.07594490736373
"ENSG00000175567",0.119793152100058,8.83604891399446,0.880044016647291,0.382082651011909,0.621564452431927,-6.0762755537126
"ENSG00000164327",-0.0688294636307161,6.60870537332886,-0.628067629061895,0.532163615483436,0.734911882675225,-6.07637657372399
"ENSG00000204634",-0.0753795963326311,6.04805482995153,-0.48525725735776,0.629127957660025,0.798293473808221,-6.0764551293094
"ENSG00000164236",0.0270592002339578,5.65240170406337,0.130298830775188,0.896733037622227,0.953342411075937,-6.07694221099141
"ENSG00000148400",-0.0294614305502954,5.55811009718416,-0.156308992375065,0.87627468129346,0.944386870330271,-6.07699985916192
"ENSG00000201413",0.0536525309164766,5.41692213786808,0.16613268626412,0.868569012596143,0.940269920955159,-6.07700422195994
"ENSG00000165219",0.0762463645890632,7.33730663400764,0.747848905812005,0.457252669748575,0.677756797178118,-6.07723630600013
"ENSG00000155097",-0.0142578010700678,5.53934779133376,-0.123151328965674,0.902367857227805,0.954414603483409,-6.07743314691644
"ENSG00000143256",0.0324190714184835,5.5967134180264,0.227999789295545,0.820363220787081,0.91622362174006,-6.07744774432329
"ENSG00000105254",-0.0182396519543202,5.52564882108196,-0.130387518408302,0.8966631525043,0.953342411075937,-6.07790844765424
"ENSG00000124733",0.0746151613304393,6.59933814709756,0.598574442404624,0.551540205863255,0.745990126402338,-6.07802005597353
"ENSG00000111530",-0.0592924058192201,5.99660201359258,-0.465991874541395,0.642781542254164,0.806883373778959,-6.07813473706332
"ENSG00000123268",0.00282587051804217,5.52812694051124,0.0229116354703987,0.981791058886004,0.990276681441884,-6.07820018084548
"ENSG00000166272",0.0388841120294448,5.79755542328436,0.29206495239368,0.77116857668165,0.886542816155651,-6.07847176197198
"ENSG00000160075",-0.0835911027727887,7.3684912226285,-0.7714950177095,0.443213599789714,0.669985486030621,-6.07848724936366
"ENSG00000119314",-0.0820495256482845,7.90232108263109,-0.827690901448899,0.410878805877438,0.645091566115354,-6.07864832190231
"ENSG00000108179",0.00866218787327533,5.699274877204,0.0447151894193263,0.964471626783616,0.982592280307456,-6.07900941958358
"ENSG00000128604",-0.00229951974675391,5.42342377617832,-0.0135026194293786,0.989268218830995,0.994079698063172,-6.07911009783517
"ENSG00000117139",0.013717609774381,5.65774289736825,0.119366248633872,0.905353929582245,0.95580013550766,-6.07921134381345
"ENSG00000221914",-0.0449570743649703,5.92429708224669,-0.417410744660818,0.677755651832785,0.832976434871812,-6.07932180627365
"ENSG00000206172",-0.294981884131684,7.14419017544465,-0.756559961768863,0.452051266146226,0.675576384960499,-6.07936529567103
"ENSG00000131051",0.0955622268519374,8.52990531123486,0.861737937878797,0.392004613414267,0.629982635363105,-6.07946526585921
"ENSG00000174837",0.065110600631253,5.82793098826253,0.339494143743379,0.735333696864619,0.865925739454263,-6.07955535835256
"ENSG00000148572",-0.00613368367868983,5.49843155314319,-0.0385114955641569,0.96939808741672,0.985120717095905,-6.07972672390154
"ENSG00000146457",-0.0577788760020903,6.72748360938731,-0.645035242470416,0.521178128045055,0.725794985646286,-6.07973101432985
"ENSG00000179526",-0.0355363071452484,5.69534197839106,-0.214981076720318,0.830456200472949,0.919802505633456,-6.08086589438331
"ENSG00000102910",-0.0579950985496076,6.13864837253737,-0.488940560137435,0.626532078738441,0.796580341882619,-6.0809683342542
"ENSG00000099290",-0.0559146227687721,5.90895916230149,-0.4121726311652,0.681571187811137,0.835177649841447,-6.08104841930559
"ENSG00000025796",0.0537647397028467,5.96705618727733,0.34799180147973,0.728972546757301,0.862606958022106,-6.08108298495623
"ENSG00000204713",0.0454068999799411,5.7252755609299,0.314321761835566,0.754284896564973,0.87875312974047,-6.08132909957858
"ENSG00000103496",0.0340771777358109,5.67204404993516,0.266016472335624,0.791069810593151,0.899301579354415,-6.08137795080081
"ENSG00000204560",-0.0581878871689128,5.88541176577141,-0.395772263343046,0.693571118721064,0.842636140849438,-6.08139932673569
"ENSG00000152795",-0.0815470940038354,7.56316254774381,-0.796899047739036,0.428415417306567,0.657517430813503,-6.08194877367892
"ENSG00000115652",0.187942800217293,8.71107580919476,0.867740044322205,0.388733960700906,0.627227518684363,-6.08197326820598
"ENSG00000130725",-0.0247707831924178,5.55221751384118,-0.159639866466557,0.873660572561676,0.942888827122824,-6.08210087413115
"ENSG00000141985",-0.039036257535507,5.63213363265818,-0.235325846727105,0.814696809300496,0.91270166914849,-6.08277195007097
"ENSG00000154127",0.0756613934757953,6.75414379041868,0.626767186186245,0.533010497527911,0.735149668489128,-6.0827795114189
"ENSG00000112308",-0.0621776766220812,7.12574719852582,-0.711729598255825,0.479182851704684,0.696342538300112,-6.08298714154277
"ENSG00000132205",0.0324922845757429,5.60627891633941,0.1959821875787,0.845236467004854,0.928171189533239,-6.08315337339602
"ENSG00000007944",-0.0216158370664008,5.51116854852975,-0.132350338629409,0.895116677461989,0.952988138496719,-6.08338589928105
"ENSG00000142507",0.0624364325614586,5.95714284885899,0.4346127230195,0.665285245246424,0.824955177742219,-6.08366262899008
"ENSG00000102882",0.0489279183648108,5.89191395386057,0.366984987878777,0.714824111374233,0.856656788114128,-6.08407192654861
"ENSG00000174437",0.0434805930036921,5.87930823350511,0.250149889650637,0.803261599709292,0.905102212040584,-6.08433962234972
"ENSG00000136758",-0.0660631364143347,7.05352653218578,-0.70706008012013,0.48206028892873,0.698278805432467,-6.08436762683363
"ENSG00000140678",0.041429696925305,5.7177724936745,0.199079411214671,0.842823013874312,0.926493095154813,-6.08445783045521
"ENSG00000185630",0.101427202579429,6.57760500576867,0.563684031554073,0.574911830540855,0.766058539482653,-6.08448064123004
"ENSG00000198793",0.0488824499701659,5.82172723416003,0.350782310022707,0.726887768793523,0.862310282833286,-6.0844988010492
"ENSG00000180376",0.0743367893055371,6.50457773515283,0.567959630790207,0.572022177762254,0.763427947821561,-6.08483106617206
"ENSG00000107669",0.08065000543131,6.17397677672477,0.425483446822273,0.67189190571413,0.829285705104345,-6.08494152771671
"ENSG00000213639",-0.0820779204041795,8.6282819892778,-0.866573914356637,0.389368071316865,0.627227518684363,-6.08523190153915
"ENSG00000224470",-0.0512689213302107,5.94833751232456,-0.382205700093396,0.703557534994968,0.849169056607364,-6.08523566955868
"ENSG00000147905",-0.0870224910433537,6.95507727218819,-0.681963349764632,0.497688805970509,0.708864997366624,-6.08534443407861
"ENSG00000275052",-0.0574954708500197,7.42175151181753,-0.764212715469935,0.447510149309448,0.673057282094537,-6.08550897614206
"ENSG00000149100",-0.0730036368821407,6.7573044088077,-0.660185164377664,0.511471374813915,0.71827327187189,-6.08587842328464
"ENSG00000008513",0.07588792936785,6.48712175503891,0.560294762307022,0.577207467485137,0.766386429398156,-6.08625453988197
"ENSG00000144597",-0.0200725450444468,5.63311722663534,-0.154747285890108,0.877500804284575,0.944583077521389,-6.08633061402244
"ENSG00000204261",-0.0517677204664855,5.93047317202647,-0.391163257214914,0.696957834353208,0.845098215347491,-6.0864877070859
"ENSG00000223865",-0.129516953795259,8.78561466285428,-0.874518202587645,0.385060929034672,0.624213970612002,-6.08674712455264
"ENSG00000079387",0.00478615109089731,5.62888432695203,0.0328265935038079,0.973913620710459,0.987109528017601,-6.08706308642949
"ENSG00000177000",0.0313631779209214,5.73247204765644,0.276399023731693,0.783119930933694,0.894218190169546,-6.08819046246976
"ENSG00000100731",-0.0401936476196942,5.81136972201746,-0.296567997363804,0.767743374088489,0.885407684596547,-6.08820101541218
"ENSG00000275066",-0.0729251143191432,6.63882229217277,-0.627243997377502,0.532699904773732,0.735093485614816,-6.08836153427736
"ENSG00000136169",-0.0199981124574524,5.63118945990737,-0.138086665851331,0.890599474885355,0.951183285468617,-6.0884903879753
"ENSG00000168297",-0.0470831839662775,6.04724695370928,-0.406534262946074,0.685687607666415,0.837960091199334,-6.08883571890779
"ENSG00000008441",-0.124410590891876,6.25163248671838,-0.517662296728465,0.606454013839067,0.784044012196307,-6.089371930633
"ENSG00000143575",0.0273697227432796,5.54063099244633,0.169183785234312,0.866178303421479,0.939133511274525,-6.08937404672625
"ENSG00000099246",0.0143684388725243,5.60454749679866,0.104278974489017,0.917269559056421,0.960006304096027,-6.08941907064834
"ENSG00000076513",0.0779103793927236,7.43246534058206,0.760054742665347,0.449974176351414,0.674218732882976,-6.0899408330774
"ENSG00000128923",-0.00576208602622152,5.6184695554033,-0.039044211060755,0.968974999180695,0.985067325160744,-6.09003584421992
"ENSG00000074800",0.0742464308715043,9.10808243908653,0.874776750960831,0.384921254785342,0.624213970612002,-6.0904537838876
"ENSG00000135679",0.0807361933178008,7.3073351937455,0.730719287262706,0.467580488689923,0.686624933256793,-6.09088223826005
"ENSG00000225921",-0.0710808990472538,6.53320320329362,-0.602903628027757,0.548673914018379,0.744959522894574,-6.091585061368
"ENSG00000004059",0.00476120829261983,5.66598142273627,0.0306813524070967,0.975617821962832,0.987765451413029,-6.09178562620895
"ENSG00000102531",0.0769640249857408,6.79439380343253,0.632797619224343,0.529089214820287,0.732895510384165,-6.09195460420762
"ENSG00000159720",0.00509204759260751,5.64312512498109,0.0381819744804667,0.969659800938139,0.985120717095905,-6.09216148863167
"ENSG00000145715",0.106889896144646,7.14717385040427,0.687596316865124,0.49415712515766,0.70716259991041,-6.09218297134734
"ENSG00000163554",-0.0845047925044629,5.72856140194335,-0.273198934742559,0.785567800758414,0.895817678724076,-6.09281029074103
"ENSG00000198879",-0.071198974951427,6.12657833305154,-0.476646923029652,0.635214539884669,0.802004359974896,-6.09302055085749
"ENSG00000177666",0.0389353271588488,5.72762762006325,0.190362391225393,0.849619368877984,0.930397250582363,-6.09333004427431
"ENSG00000214078",-0.00985027272723737,5.52234451145258,-0.0760505415107423,0.939612843230854,0.971533643940348,-6.09344937928915
"ENSG00000140265",-0.00522032999588351,5.56114267093655,-0.043246920767099,0.965637486153426,0.983005606116487,-6.0935095529774
"ENSG00000163635",0.0672426665834092,6.63503432829504,0.589658389056883,0.557467021096885,0.750266880171894,-6.09354886846986
"ENSG00000278771",0.21176791691374,9.88550927633085,0.872474576531967,0.386166061864015,0.624838938234379,-6.09371156871449
"ENSG00000067369",0.00578573860554332,5.52416442414821,0.0428628732945799,0.965942446492696,0.98307637994869,-6.09372653522318
"ENSG00000133561",-0.0958525183829417,7.48797505208477,-0.77671257023565,0.440150137733918,0.666649416284232,-6.09387025183616
"ENSG00000130303",0.0767040661802243,5.93975383350145,0.416767007428078,0.678224108522204,0.833325426979921,-6.09429089717559
"ENSG00000084207",0.077114707749649,6.58583037904327,0.602600505105655,0.548874362132676,0.744959522894574,-6.09476447774315
"ENSG00000276293",-0.0647095888155009,6.287213292969,-0.515343147094576,0.608064267804722,0.784822111111141,-6.09554209100573
"ENSG00000079459",-0.0675397793466468,6.49847185485448,-0.575691321820874,0.566814739150138,0.759097025292516,-6.09559678237588
"ENSG00000136842",-0.0209504857685205,5.61357703171369,-0.0854951603953248,0.93213094993127,0.966917253470213,-6.09580196179976
"ENSG00000112561",0.0150076892181561,5.55866986813395,0.0986396713671032,0.921728404999794,0.961791077644992,-6.09591620680064
"ENSG00000182150",-0.0484165343209826,5.91444057418171,-0.334891061475983,0.738787262338284,0.86663674311288,-6.09603494502658
"ENSG00000176994",0.0666362297439349,6.76903703961223,0.631686517099132,0.529810577613367,0.73333537267216,-6.09624588435047
"ENSG00000074201",0.114549970892865,8.33740044169353,0.830233548948187,0.409450465431812,0.644640230344341,-6.09650217224562
"ENSG00000160209",-0.046336169802685,5.70291939322879,-0.278066178336458,0.781845529079582,0.893883819999055,-6.09668984723992
"ENSG00000100077",0.0900328601246043,7.50904812283718,0.754241125814634,0.453432499600902,0.67642394792599,-6.09707558707151
"ENSG00000141644",-0.00883522993673402,5.56083277280669,-0.0646524093350784,0.94864948869095,0.974860080929663,-6.0976975230324
"ENSG00000163249",0.085015041440335,6.46888447800144,0.523756308163069,0.602232090061438,0.781692037575093,-6.09786924435485
"ENSG00000163946",-0.0733151930674234,7.45276296097729,-0.754779766606601,0.453111436721013,0.676130130719277,-6.09820878337086
"ENSG00000003402",0.0901359549755458,9.41925726468396,0.868969468423555,0.388066129513831,0.626751768817654,-6.09827809837615
"ENSG00000200558",0.0220739048363425,5.48494765920641,0.0706471870819938,0.943895801936993,0.973499658584813,-6.09830290095504
"ENSG00000117616",0.00756091985843987,5.73569002951927,0.0435958791143204,0.965360393472534,0.983005606116487,-6.09831849688281
"ENSG00000113407",0.054438652687816,6.13692803673173,0.448994377869807,0.654931452245931,0.816491201793096,-6.09840785397273
"ENSG00000172765",-0.0442930512795057,5.96873194805512,-0.326461908399964,0.745125375763641,0.871848192041283,-6.09897373224312
"ENSG00000213203",-0.0883791362615458,6.31223666035951,-0.548455441042366,0.585261022812217,0.772188646796044,-6.09951216175636
"ENSG00000010244",0.0533165133871787,6.19136160534186,0.424811512974486,0.672379203985825,0.829341752478246,-6.09957185784171
"ENSG00000145416",0.0171036619343878,5.57098312038658,0.102125678972017,0.918971805812106,0.961136186996421,-6.09989075933515
"ENSG00000011114",0.00818354289470236,5.68075629878512,0.0640234426144562,0.949148352694371,0.975100928809907,-6.10014187642499
"ENSG00000113575",-0.0745419266158063,6.72476458203094,-0.613481564359246,0.541702218696013,0.742340407206681,-6.10122556291057
"ENSG00000145868",-0.0172340978471484,5.62365029202146,-0.11835316823193,0.906153388902707,0.955803226087502,-6.10140325971405
"ENSG00000143702",-0.037628627351511,5.92195699082597,-0.318052086469138,0.751466598493612,0.876716405730283,-6.10154664000963
"ENSG00000101265",-0.096691721458102,8.33318647575507,-0.836287926953616,0.40606158609083,0.642799971933183,-6.10164779726175
"ENSG00000171940",-0.0816339397973147,7.05971334898654,-0.70385940483056,0.484038140646743,0.700222992629702,-6.10175040641206
"ENSG00000100109",-0.0408627101762278,5.80252635026879,-0.292341022491433,0.770958454138692,0.88654168407343,-6.10224398608141
"ENSG00000188647",-0.00598495955642253,5.60295642246358,-0.0504081995991416,0.959951925052449,0.980418314090369,-6.10225221022573
"ENSG00000135439",-0.0278408265593439,5.61440516762932,-0.155302925774433,0.87706452709683,0.944583077521389,-6.10285705066491
"ENSG00000100519",-0.0514537777862749,6.05349300465156,-0.394535717717462,0.694479126114356,0.843218693797863,-6.10339608991954
"ENSG00000130755",0.0775964990497489,7.54967227450057,0.752355796424769,0.454557305305707,0.67683407161316,-6.1034211992378
"ENSG00000171497",0.00889669951138661,5.61375572198763,0.0645446253097428,0.948734975970828,0.974860080929663,-6.10350854212065
"ENSG00000180104",-0.0735946157474761,6.42005981355772,-0.54233415126183,0.589445802515918,0.773993909883519,-6.10351767422934
"ENSG00000140262",-0.059809515580822,6.44251630589097,-0.531315451658094,0.597014039579904,0.778707696736878,-6.10356817887984
"ENSG00000138430",-0.0429254266828609,5.96399002480896,-0.366619283934464,0.715095606192931,0.856707662351965,-6.1036763942693
"ENSG00000125037",0.111024733620704,6.84817705536053,0.602619346441829,0.548861901718945,0.744959522894574,-6.10376752592318
"ENSG00000196642",0.0566315127280621,6.32730491187905,0.501758711584203,0.617535245289999,0.790660303957094,-6.10383571891289
"ENSG00000118263",0.0279860786257746,5.81511782815462,0.190865890972935,0.84922649121936,0.930388086073578,-6.10385815811764
"ENSG00000132305",0.0379321771712489,5.94620875001718,0.346419674903575,0.730147981323169,0.863426374879315,-6.10399070210425
"ENSG00000153774",-0.067697317564603,6.21888184452518,-0.459174736296031,0.647642976114644,0.810341264657473,-6.10412298465416
"ENSG00000176393",0.0182052031271516,5.59854520670943,0.125000550289425,0.900909506581826,0.953780604713911,-6.10467802159455
"ENSG00000099817",-0.0675992290911349,6.53423454000758,-0.527825321315358,0.599420649696692,0.780212440888877,-6.10486940203329
"ENSG00000234127",-0.0726049674819427,6.56389961041356,-0.598468058592695,0.55161073574843,0.745990126402338,-6.10511839303531
"ENSG00000105856",-0.0579282392731386,6.41801255970917,-0.504478513754751,0.615633729664082,0.790140167300285,-6.10534509475533
"ENSG00000143294",-0.0227066032583183,5.74680339428425,-0.201914126571719,0.84061543796139,0.924999577057898,-6.1055065291373
"ENSG00000007168",-0.0575074758573662,7.04477986265076,-0.67153709542647,0.504261830679267,0.712557235176549,-6.10557689814193
"ENSG00000101596",0.0727881618783535,8.52538782880843,0.839635997818689,0.404194916647731,0.641250409405021,-6.10565440675382
"ENSG00000160679",-0.0197297125188101,5.66626103954541,-0.147017341363904,0.883574090334794,0.947954242643553,-6.10586519095522
"ENSG00000163510",0.043141856388055,5.90392147424,0.330177844891325,0.742329054070483,0.869535301349386,-6.10598859249712
"ENSG00000169925",0.0902958837856884,7.06116247701912,0.657409356489951,0.513242617237438,0.718817560320718,-6.10625438069459
"ENSG00000106560",-0.0118501071198676,5.55748076686383,-0.0746089150848254,0.940755376168945,0.972214633970433,-6.10648719802328
"ENSG00000116668",-0.0550132035764328,6.11595991650204,-0.355837144524698,0.723116595535278,0.860537180532152,-6.10693387274852
"ENSG00000110514",-0.10418981979354,7.38616556119554,-0.71228459543832,0.478841491906395,0.69603213658112,-6.10698465258538
"ENSG00000100284",-0.0325392940209186,5.76424938251109,-0.208697701522476,0.83533786655512,0.922314143161299,-6.10751290235455
"ENSG00000001167",0.0157666129404577,5.64755129079282,0.110029807546551,0.912725271039505,0.958097741160544,-6.10757035567208
"ENSG00000096401",-0.064921566141372,6.78573313837283,-0.617824340129523,0.538853141076915,0.740209761116246,-6.1077472664136
"ENSG00000019582",-0.109670303819517,10.2723898543458,-0.840452485986174,0.403740493369129,0.640716052395869,-6.10784515769096
"ENSG00000021776",-0.0600545449117282,6.4408552112408,-0.531495197022794,0.596890218513411,0.778707696736878,-6.10810478128323
"ENSG00000165156",0.0415301657410643,6.19164164664878,0.430307016669438,0.668397919349768,0.826898292663862,-6.1084976136985
"ENSG00000163346",-0.0295513955999738,5.83900128275897,-0.1649347991973,0.869507962629457,0.940456497995886,-6.10974881842033
"ENSG00000103495",0.0745590923221533,7.25217533060405,0.691896315794711,0.491470430134485,0.704417255783255,-6.11034393266748
"ENSG00000205726",0.0599503455810142,6.26639272188984,0.422171617828944,0.674295064685116,0.830606640328899,-6.11063812466457
"ENSG00000025800",-0.0530912992136079,6.26715005437962,-0.473748369273017,0.637269222138972,0.803667296808592,-6.11063994569337
"ENSG00000109111",-0.0650241694257687,8.15759776316736,-0.811242885434273,0.420191452504547,0.650896512153759,-6.11069132495241
"ENSG00000173120",0.0614537749628763,7.94501865103139,0.793273746258763,0.430509039176811,0.658638934410353,-6.11096996949497
"ENSG00000128708",0.0250919444771949,5.87125081173352,0.212201731250316,0.83261470981066,0.92065215241411,-6.11202123507181
"ENSG00000135090",0.0772585181164498,8.31266435634588,0.811676165486777,0.419944518951694,0.650896512153759,-6.11227746913803
"ENSG00000038532",0.0386842879106011,6.06351992332461,0.334119733087755,0.739366498814762,0.866997134210681,-6.11231797255396
"ENSG00000074356",-0.0611934241268708,6.35467548560687,-0.499434121233346,0.619162535737571,0.7918303978165,-6.11269232250966
"ENSG00000113013",-0.0647159320676929,7.41891690759766,-0.736474502006082,0.464095862674504,0.683905465591549,-6.11283547655544
"ENSG00000110075",0.0727754305901982,7.49492304466234,0.728814048905516,0.468737319776821,0.687392389254905,-6.11319623163535
"ENSG00000165416",-0.0433690210567885,6.06981578946686,-0.381300864259324,0.704225477825701,0.849714325002647,-6.11341540759086
"ENSG00000013306",-0.160526994282315,6.80053013935434,-0.631081873118649,0.530203346486786,0.733692616626876,-6.11452702439059
"ENSG00000090013",-0.0519023312736921,5.77780471906537,-0.248434414037297,0.804582759484274,0.905841984971533,-6.11502880557269
"ENSG00000123472",-0.00839229031006283,5.78331742054484,-0.0607953767024487,0.951709004948365,0.976940765145199,-6.11503672251453
"ENSG00000065883",-0.0707299857245749,6.75059723140149,-0.600118328630719,0.550517157519866,0.745990126402338,-6.11605120598872
"ENSG00000149269",0.0766236008294205,7.17527968648593,0.692359328056246,0.491181613400202,0.704417255783255,-6.11613171117689
"ENSG00000124357",-0.0698262495497595,6.42909716725282,-0.522328717730697,0.603219907051976,0.781989598662414,-6.11614159068262
"ENSG00000127870",0.0701221321146024,7.0168020092537,0.628495582661733,0.531885073594219,0.734879776593616,-6.11653010871526
"ENSG00000065135",0.0626251094598631,7.11304922918885,0.671509389802514,0.504279359351578,0.712557235176549,-6.11668701659619
"ENSG00000163820",0.0344595026431804,5.87759404887868,0.211746423763216,0.832968436620596,0.920676007853318,-6.11679121341858
"ENSG00000104823",-0.0291851570371549,5.70918447387942,-0.19059197168078,0.849440223959247,0.930388086073578,-6.11688877433799
"ENSG00000110696",-0.0745893227765224,8.05681789256625,-0.789108598401816,0.432921908712042,0.660151011443192,-6.1169773338641
"ENSG00000132589",0.097802146006897,7.82298872540362,0.771626599663023,0.443136189095773,0.669985486030621,-6.11700695643361
"ENSG00000167470",-0.0779505029761856,7.11327432044628,-0.681372525136413,0.49806002823017,0.709030001095874,-6.11709397068947
"ENSG00000131196",-0.0353958109761932,5.82710335545996,-0.214594213801042,0.830756569899665,0.919802505633456,-6.11746169470987
"ENSG00000141030",-0.00841797679582168,5.77926453893031,-0.056880839522435,0.954814880234784,0.978339565077883,-6.11776271602453
"ENSG00000168734",0.0517277214465004,6.02756755903521,0.281970292621574,0.778863506216792,0.892239806457612,-6.1180368651551
"ENSG00000151923",0.00541737301229972,5.66974224854565,0.0373843891546478,0.970293276052979,0.985120717095905,-6.1182656156354
"ENSG00000144909",0.0235385397221686,5.71920715895756,0.127499630477087,0.898939202611662,0.953711511072865,-6.11833680785761
"ENSG00000078747",0.0610846293554728,7.46640461969463,0.714910342775152,0.47722832819465,0.694872152036842,-6.11861055868868
"ENSG00000213625",0.152580919108756,6.86792033459362,0.576824021848249,0.566053801685146,0.758637419823044,-6.1187637147178
"ENSG00000113648",0.0693542137378484,7.29676753997999,0.699180293724957,0.486937675844295,0.701886235018864,-6.11902417384873
"ENSG00000134779",-0.019864042239063,5.88266955759618,-0.158730145354986,0.874374393468475,0.942960707708182,-6.11927159012943
"ENSG00000168329",0.0684580156873222,6.0289740975378,0.352000300410827,0.725978460173946,0.862310282833286,-6.11955888436354
"ENSG00000130770",0.0658055049662778,7.09756934025662,0.65958081833282,0.511856729612453,0.71827327187189,-6.12076270687933
"ENSG00000011405",0.0660369390942899,6.78788697045777,0.584782811801893,0.560721354227862,0.753158268696596,-6.12119400576595
"ENSG00000149930",-0.0328038677004336,5.87044141545588,-0.215686570513386,0.829908503866484,0.919802505633456,-6.12120129184874
"ENSG00000134215",0.0548844390604053,6.29726963064022,0.428111589182068,0.669987286985421,0.827474590675836,-6.1215185507742
"ENSG00000134250",-0.0137016166061974,5.73858634205553,-0.0683263114953673,0.945735956706174,0.973908960088966,-6.12183236021771
"ENSG00000100351",0.186383939151099,10.1691925943182,0.834440805691641,0.407093673301991,0.643488374808417,-6.12195708425177
"ENSG00000086589",-0.0298497433860998,5.86973941922437,-0.262739875026299,0.793583356454732,0.900295376442128,-6.12196125572412
"ENSG00000116539",0.0740470068447472,8.42276619945989,0.803964153369152,0.424352758328176,0.653440878284879,-6.12207735736205
"ENSG00000184182",0.0543018944633937,6.1515879381913,0.299757257214217,0.765320291141132,0.883958695002254,-6.12220658216552
"ENSG00000126461",-0.0541451954218575,6.16882336092401,-0.425219198387032,0.672083526519943,0.829334326722683,-6.12229582530967
"ENSG00000139343",-0.0658409323951972,6.15621445056551,-0.435760707596622,0.664456339047008,0.824404038972467,-6.12292879692199
"ENSG00000074755",0.0673395425883019,7.21528523463366,0.671507938872427,0.504280277328706,0.712557235176549,-6.12316321594611
"ENSG00000138801",0.0247228023023975,5.95450599942168,0.167107441267878,0.867805101951335,0.939975500420208,-6.12340631516229
"ENSG00000160255",-0.0891522806567595,7.52432325797154,-0.73430198192834,0.46540952345157,0.684848306183328,-6.12356454532583
"ENSG00000224397",-0.0360234908556976,5.74502933607267,-0.201464060938969,0.840965847976852,0.925198291554501,-6.12406468018123
"ENSG00000103769",0.163401738499516,9.4102278660131,0.836794866512493,0.4057786111973,0.642654197366937,-6.12428299823601
"ENSG00000169220",0.032215317933761,5.79741812250499,0.22071985951611,0.826003475483041,0.91913131830711,-6.12431836935271
"ENSG00000145996",-0.0213555856545016,5.87673976430092,-0.146791139510698,0.883751920609474,0.947958350754167,-6.12470972946024
"ENSG00000129968",0.0278851711045407,5.9598437879162,0.218807252442396,0.827486840028103,0.919391987540852,-6.12506173419887
"ENSG00000100227",-0.0387749508003434,6.01067059326553,-0.324652641046244,0.74648813587031,0.872718318502457,-6.12531847060514
"ENSG00000015475",-0.041343557230288,6.0171631886818,-0.280070858558554,0.780313910321327,0.893286443250807,-6.12568229640023
"ENSG00000172432",-0.020097246987957,5.96756189267295,-0.112776890672775,0.910555556337883,0.956741884460711,-6.12619378044896
"ENSG00000101782",-0.150159286387364,9.18278921919962,-0.831943011320517,0.408491870523751,0.644128425647871,-6.12640440080473
"ENSG00000155975",0.0490905129156278,6.24109300012285,0.356381150446767,0.722711146257523,0.860537180532152,-6.12656257668216
"ENSG00000161217",0.0494800243264057,6.48523508413496,0.494592044132613,0.622558282541902,0.794308553463297,-6.1268035683401
"ENSG00000168961",0.0672525510076669,6.74646526776508,0.591314781442336,0.556363563000915,0.749151925662132,-6.12689225108574
"ENSG00000197312",-0.0608920525848671,6.48688452043529,-0.490425807588227,0.62548665721637,0.795877000190794,-6.12696374069112
"ENSG00000202354",-0.245771694748202,9.27118898938935,-0.833511545838477,0.407613506142409,0.643488374808417,-6.12699846535977
"ENSG00000115464",-0.0564768504899611,8.46233779536236,-0.804754273070912,0.423899851585052,0.65292801567299,-6.12707218139789
"ENSG00000112679",-0.065220016848679,6.35618660236214,-0.424791111641886,0.672394001596258,0.829341752478246,-6.12745253619964
"ENSG00000059377",0.020195584414199,5.9662763737202,0.126637502783493,0.899618842768622,0.953711511072865,-6.12749637334881
"ENSG00000006007",0.0376311358558672,6.02131596255164,0.23381170648471,0.815867133802888,0.913449269411865,-6.1279488878055
"ENSG00000134452",-0.0279075271266702,5.90259976731833,-0.213923475114616,0.831277407059259,0.919802505633456,-6.1280253563663
"ENSG00000196730",0.0296407718269984,5.75016613368788,0.163210626237003,0.870859766063767,0.941335476988607,-6.12836712227822
"ENSG00000179115",0.00725417611134738,5.8238264595962,0.060183454841645,0.952194468230728,0.976940765145199,-6.12843453622425
"ENSG00000123146",0.0762868670206478,6.32880784540562,0.443390419309185,0.658957986260728,0.819074403182396,-6.12859643414256
"ENSG00000138411",-0.0556003403682483,5.91688511112691,-0.26693429033477,0.79036613049057,0.899112753382378,-6.12894797278886
"ENSG00000112658",0.056880029249065,6.38705465103481,0.475612371353641,0.635947568255486,0.802372012935593,-6.12962128246197
"ENSG00000104219",0.0377596509234968,5.98504881415803,0.245287894187369,0.80700750879875,0.908196014859655,-6.13056857621565
"ENSG00000213064",0.00487156984687154,5.79510638752285,0.0378803796604853,0.969899337684571,0.985120717095905,-6.13089654781115
"ENSG00000160948",0.0205293463403642,5.94193469561798,0.129668038997949,0.897230119920705,0.953342411075937,-6.13154761915387
"ENSG00000164329",-0.0593368652050552,6.73925973332685,-0.549721565163011,0.584397211069876,0.771642269973021,-6.13237888021489
"ENSG00000180530",0.180616863663877,8.91393680064087,0.815125855229929,0.417981598020198,0.649134477198985,-6.13246339839126
"ENSG00000125633",0.0263058453098353,5.8755387730296,0.207637310599583,0.836162349289951,0.922521765680773,-6.13265200524545
"ENSG00000138594",0.0849267807057394,8.06002193834492,0.757949433866065,0.451224783182722,0.675216733174229,-6.13266966888261
"ENSG00000185591",0.0642163006253202,7.84736450208973,0.753546518407096,0.453846721989623,0.676671303064987,-6.13277318917228
"ENSG00000160058",0.051022017635086,6.21917784390792,0.3194612425101,0.750402846540411,0.876354706956519,-6.13297939463462
"ENSG00000138190",-0.00224972969756809,5.91007493936457,-0.0182464187511729,0.985498252147712,0.991659598847406,-6.13300357746875
"ENSG00000054611",-0.0550873530357192,6.29865944934268,-0.403813345219691,0.687677505360229,0.839074367122627,-6.13370410626026
"ENSG00000155657",-0.0338787606715618,5.75943180567759,-0.13477109877137,0.893209960997075,0.952391067337721,-6.13385778839597
"ENSG00000155465",-0.00836137760005151,5.76312987273548,-0.0489274611162631,0.961127368073116,0.980933289858062,-6.13386942443711
"ENSG00000064666",-0.0803264424243224,8.81509844195912,-0.815387493016919,0.417832948449178,0.649088652167413,-6.13420691574739
"ENSG00000117758",0.0127583463826468,5.85306514597832,0.088790258267766,0.929522028455552,0.965129790551905,-6.13435641860918
"ENSG00000160714",0.0540058463560591,7.00337772572641,0.6051038101342,0.547220094192559,0.744383289178792,-6.13451494018483
"ENSG00000143379",-0.0180249397321246,5.80566715080661,-0.143895351768857,0.886028992129536,0.948772694220852,-6.13497236428331
"ENSG00000185359",0.0354057978056277,5.98484955755553,0.2820279537117,0.778819488615036,0.892239806457612,-6.13573500214203
"ENSG00000167863",0.069259816235923,6.59569999077268,0.518311374924597,0.606003689355766,0.78383383181629,-6.13664133079209
"ENSG00000083520",-0.0301461042669926,5.96180242688412,-0.256023230415554,0.798742670375841,0.902960027862395,-6.13676996716916
"ENSG00000096070",-0.0117003236787152,5.79419855233916,-0.0889086491608615,0.929428305718967,0.965129790551905,-6.1374971272725
"ENSG00000157020",-0.0436912388109389,6.09864039954233,-0.35119040648562,0.726583054453038,0.862310282833286,-6.13824562528307
"ENSG00000113328",-0.0392323845031477,6.17647706382157,-0.308720807760742,0.75852275835729,0.881115562373244,-6.13887219203419
"ENSG00000105397",0.0176895595619664,5.84702746441563,0.132837336929497,0.894733042102042,0.952796249681768,-6.13935529193182
"ENSG00000164164",-0.0426905228600933,6.0537903985129,-0.320457230440892,0.749651282001896,0.875664705048527,-6.13952705614294
"ENSG00000145391",-0.0581665890050198,6.26697038936472,-0.434516394745898,0.665354818465366,0.824955177742219,-6.13956453636871
"ENSG00000132463",-0.0328993345001782,6.00410040029244,-0.262574661656107,0.793710153427415,0.900295376442128,-6.13975954238948
"ENSG00000108100",0.0872979283832578,8.11178899083874,0.753612058240018,0.453807628617663,0.676671303064987,-6.13981620823856
"ENSG00000086666",0.0898468715851886,7.72946073893606,0.709458337696254,0.480581241817874,0.697258749779967,-6.13987696168194
"ENSG00000130638",0.0313682927055607,6.02756668301054,0.183449612507819,0.855017188754144,0.932254115674849,-6.13990000435253
"ENSG00000113269",0.0310140556356657,6.08077636024263,0.257046280482945,0.797956239179693,0.902858897414532,-6.14002195760006
"ENSG00000179918",-0.0201697169028483,5.88235162628557,-0.165375029587873,0.869162871132559,0.940269920955159,-6.14027443964148
"ENSG00000176619",0.00315739738117582,5.78602409146596,0.0180518785329992,0.985652850175973,0.991659598847406,-6.14076829773026
"ENSG00000075413",-0.0854403908580883,8.06200274089123,-0.753240176256762,0.454029475532819,0.676758572558905,-6.14120052758851
"ENSG00000211455",-0.0328435527281252,6.09193609104732,-0.287745768336794,0.774458222921298,0.888636983672121,-6.14124315878403
"ENSG00000138750",-0.0293030035401918,6.10015176140072,-0.220095419026129,0.826487704471339,0.919252937012755,-6.14191311464601
"ENSG00000089916",0.0404489945470345,6.25130649565597,0.332273357192165,0.740753666704959,0.868249994881372,-6.14209348203195
"ENSG00000112249",0.0449434919050358,6.0356811036998,0.244777520274605,0.807400989222185,0.908297596436918,-6.14249954202152
"ENSG00000168438",-0.0242110142810352,5.94040450854249,-0.200602578757972,0.841636666650516,0.925562486861528,-6.14293125687427
"ENSG00000140990",-0.0634167144376239,6.73667623215074,-0.546941186476751,0.586294917605543,0.772478954095601,-6.14363560213164
"ENSG00000119048",0.0416493070656312,6.09684462284156,0.287441027837528,0.774690481618927,0.888716307403646,-6.14369215486257
"ENSG00000101745",0.0956623897203919,9.44270618993438,0.813522955242668,0.418892981573998,0.649994008434959,-6.14387309178559
"ENSG00000141425",0.0279604986217938,6.06661045312049,0.21385062239329,0.831333982698079,0.919802505633456,-6.14402848794665
"ENSG00000173744",-0.0391886611391854,6.15262083267597,-0.315550864018278,0.753355925353952,0.878485248571989,-6.14437427052768
"ENSG00000113719",-0.058379061060986,6.48220175701318,-0.466687256095033,0.642286526195142,0.80681968981119,-6.14445660427463
"ENSG00000168066",-0.0605684512168843,8.33513115592568,-0.778174753038623,0.439293858461457,0.666093220400227,-6.14450524255202
"ENSG00000179218",0.0743670515759298,7.58762351800154,0.699560393104557,0.486701779422067,0.701839940257126,-6.1445440620347
"ENSG00000160094",0.05326785072078,6.39328292921479,0.410524338618859,0.682773565415071,0.835898962782316,-6.14461268584127
"ENSG00000188786",0.0274627356088333,5.95241231157352,0.192716252462152,0.847782995764849,0.929320273828349,-6.14574846178544
"ENSG00000178719",-0.0130914529549875,5.88745866424114,-0.090965288768116,0.927800352514713,0.965129790551905,-6.14614315278045
"ENSG00000129083",-0.0178701596688189,5.88686063922454,-0.142100411726142,0.887440908745035,0.949298659109159,-6.14721961616611
"ENSG00000121851",-0.0356574356796653,5.98887776703053,-0.250493487379308,0.802997049676177,0.905102212040584,-6.14740365518861
"ENSG00000166266",0.0220577089974725,6.01068279629342,0.158522967258096,0.874536972286571,0.942960707708182,-6.14743834925765
"ENSG00000136451",-0.0424244073045266,6.23857443771961,-0.350714058198337,0.72693873485953,0.862310282833286,-6.14766010230188
"ENSG00000184708",-0.052008927621702,6.36560442719594,-0.365360357626784,0.71603050190278,0.856707662351965,-6.14783503579338
"ENSG00000141252",0.0532403386030103,6.57297948571623,0.471880929457836,0.638594498322349,0.804593623233154,-6.14806042268241
"ENSG00000168522",-0.0156112570546307,5.80181677708206,-0.109443092659853,0.913188759932343,0.958399607804162,-6.14814086092553
"ENSG00000089639",0.0723078364169139,7.42465117383421,0.677043231787332,0.500784769092368,0.710858630019599,-6.14842835271381
"ENSG00000159210",0.037163854795792,5.9834933319114,0.254637926602922,0.799807903416778,0.903265642167207,-6.14901428884914
"ENSG00000163636",-0.047122188451703,6.44432644365371,-0.413542846802381,0.680572287951497,0.834952634837059,-6.14922582968427
"ENSG00000148429",-0.00657349688825448,5.95309659209655,-0.0446245028145379,0.964543633061059,0.982592280307456,-6.14927669792243
"ENSG00000147533",-0.0272549671539446,6.13122698308914,-0.249474839212448,0.803781415976043,0.905500652241001,-6.14951812733938
"ENSG00000119321",-0.0810984700764852,7.12853239769336,-0.632140640380188,0.529515684561465,0.733113456033256,-6.14954951074707
"ENSG00000164253",0.0184811832216001,6.04231352623596,0.131216112849803,0.896010266680047,0.953340923238938,-6.14969101097605
"ENSG00000136861",-0.0603635632647705,6.99200057844504,-0.569851621766614,0.570745738500509,0.762854180447391,-6.15041073348058
"ENSG00000142186",0.0456711156768321,6.26317549616272,0.394183213784761,0.694738055421227,0.84332892159656,-6.15041528282975
"ENSG00000163399",-0.0459628114577608,6.2785284084101,-0.356904720538673,0.722321003086455,0.860530248155479,-6.15099909533918
"ENSG00000161202",-0.0275538061591973,6.04499295729322,-0.223551375953588,0.823808598429353,0.918774223757901,-6.15137796849787
"ENSG00000086598",0.075383599498684,6.8150352323686,0.504433207118973,0.615665383661841,0.790140167300285,-6.1517870697604
"ENSG00000184009",0.0570319247351456,11.748158514367,0.714422577977142,0.477527762804956,0.694872152036842,-6.15353266991083
"ENSG00000131408",0.0557777456810928,6.59868775980048,0.463514591499897,0.644546345366872,0.80798170491457,-6.15376647247575
"ENSG00000235750",0.0430278193256139,6.18667597449686,0.340441077531533,0.734623914352659,0.865925739454263,-6.15391495269576
"ENSG00000119231",0.0249949055953609,6.05967298226883,0.21491531000566,0.830507261502727,0.919802505633456,-6.1539967351372
"ENSG00000184208",-0.0453735701360793,6.08137735404068,-0.279611215145001,0.780665010935357,0.893312955172405,-6.15399869723823
"ENSG00000140396",0.069985068067993,8.11541736371101,0.739631191751153,0.462190872299741,0.682389125281569,-6.15431831935808
"ENSG00000135940",0.042441578991613,6.16235364069486,0.318782788002964,0.750914941776024,0.876651896943082,-6.15506035545472
"ENSG00000101150",-0.0412778259273932,6.29393212808697,-0.374776047847934,0.709048931435565,0.853144601749549,-6.15512131224924
"ENSG00000111669",0.0677832524440074,8.36793210002912,0.764008404825541,0.447631040764369,0.673057282094537,-6.15544856514606
"ENSG00000172183",-0.0281987931328063,5.92618192610883,-0.171381510226116,0.864457035753231,0.938095451891543,-6.15548255538101
"ENSG00000132669",-0.0271028973802112,6.07506601919438,-0.176083561863547,0.860776588599644,0.935469949070588,-6.15551167386274
"ENSG00000182473",-0.0543861573216438,6.92382180509175,-0.578713901006798,0.56478531628702,0.757309968774719,-6.1562777458334
"ENSG00000090905",0.0481201368395743,6.64100272978681,0.483170418233989,0.630600784737594,0.798866645654358,-6.15646401167753
"ENSG00000167257",0.0113615193846428,6.03160205971432,0.0782965326805425,0.937833080981346,0.970245846028555,-6.15682907338048
"ENSG00000119689",0.0503742358657204,6.43510963607284,0.383134512094089,0.702872136518233,0.849169056607364,-6.15770169201808
"ENSG00000120948",-0.0452244412977096,6.31463893493128,-0.385500167184231,0.701127565209048,0.847889672643484,-6.15803187155473
"ENSG00000204138",0.0585878855153252,6.79233717939303,0.514117963833309,0.608915735202331,0.785327886090789,-6.15808009527832
"ENSG00000138964",-0.0518209503236777,6.29943051218793,-0.37328440944251,0.710153308093085,0.853688266216047,-6.15907162902779
"ENSG00000100181",-0.119958643027965,6.59532718026954,-0.433220367086232,0.666291162583118,0.825552479816427,-6.15939851760202
"ENSG00000125835",-0.024419547349245,5.9217271501779,-0.150739760016411,0.880648552012934,0.946306373050584,-6.15975921471107
"ENSG00000198624",-0.0665011056394498,8.24894479029813,-0.755610817523408,0.452616337207383,0.675576384960499,-6.16110099866826
"ENSG00000001629",-0.0243067925085176,6.11471411980018,-0.19066694646644,0.849381721782431,0.930388086073578,-6.16184895444281
"ENSG00000153922",-0.068884094748765,7.28689673910931,-0.634432711891463,0.52802859138833,0.732170976300235,-6.16190281525617
"ENSG00000108848",-0.0625040565009254,7.12813806925188,-0.597541027578663,0.552225526684563,0.745990126402338,-6.1624716429695
"ENSG00000163788",-0.0646294838979005,7.51373430118754,-0.673977055554934,0.502719418047191,0.712490996233375,-6.16251072394904
"ENSG00000086102",0.0548318872818188,6.60553169568128,0.446076320992087,0.657026851143045,0.817793530963516,-6.16260395481761
"ENSG00000100030",-0.0604890565423295,8.0686810406946,-0.722346841888479,0.472676170695946,0.690571139166403,-6.16303875056636
"ENSG00000197061",-0.0721666299433155,6.33495533485248,-0.370099164555535,0.712513677868973,0.855324174066797,-6.16454665547599
"ENSG00000198648",0.0879784404863786,7.2736536364542,0.606491086402211,0.546304423848292,0.744066625281373,-6.16460319487997
"ENSG00000125868",0.057168540324275,6.85070799116041,0.503486298756236,0.616327119370493,0.790430825407355,-6.1647728752191
"ENSG00000090861",0.02894205844495,6.04811920356984,0.207329621433222,0.836401620494956,0.922598912422863,-6.16526946328317
"ENSG00000204406",0.0517255114275494,6.45506250155467,0.338149419495168,0.736342044057448,0.865925739454263,-6.16531052494636
"ENSG00000125249",0.0509446866476289,6.67025115921586,0.472019619258813,0.638496032888796,0.804593623233154,-6.16542601963378
"ENSG00000182952",-0.00278501947404575,5.92264830760569,-0.0218402600868318,0.982642389844865,0.990276681441884,-6.16543536640483
"ENSG00000138674",0.0552810070016525,7.10713905479151,0.581992746476286,0.562587882715717,0.755106869927377,-6.16561946798029
"ENSG00000130706",0.00806769626758452,5.97236921113168,0.0603038333862846,0.952098965441267,0.976940765145199,-6.16581976322662
"ENSG00000175416",0.0331896457696823,6.18620995184942,0.293507885977316,0.770070520827761,0.88654168407343,-6.16601945343881
"ENSG00000088986",-0.0891750266463509,7.82603157080602,-0.691977791420273,0.49141960069063,0.704417255783255,-6.16672010718601
"ENSG00000089154",0.0513880257286381,6.18720815168318,0.300793673962285,0.764533363969156,0.883958695002254,-6.16736602235468
"ENSG00000164190",-0.0569546402938919,8.49096999651615,-0.755778678530238,0.45251637179623,0.675576384960499,-6.16755121555078
"ENSG00000275379",0.0281854955248821,6.03333897823409,0.127072144153132,0.899276192978322,0.953711511072865,-6.16763189528702
"ENSG00000197535",-0.0589611002439012,7.15393324655467,-0.584334131179633,0.561021310362397,0.753375424908636,-6.16896176548771
"ENSG00000163875",0.0192826284773755,6.04889896010901,0.17358291512896,0.862733545500807,0.937222802769371,-6.16929603643857
"ENSG00000136280",-0.0101587018832916,5.95014277458686,-0.0787782179640275,0.937451426302031,0.970219485276114,-6.16939648473136
"ENSG00000196126",0.0171832244321672,5.92162245058012,0.0838768193685024,0.933412560117584,0.967628046927579,-6.16961591088645
"ENSG00000013275",0.00318332551684719,5.92332403948237,0.0234752148209097,0.981343238729849,0.990249669309172,-6.16994383325451
"ENSG00000120868",0.0575811526902088,6.72517113089433,0.481837405765416,0.631542371205176,0.799591642650663,-6.17024916663588
"ENSG00000135930",-0.0490342237998753,6.46100175155535,-0.418212097244149,0.677172674327912,0.832784814839382,-6.17057221054652
"ENSG00000013441",0.0162621464034105,6.15469255415911,0.125018642508797,0.900895240204487,0.953780604713911,-6.17059395835123
"ENSG00000266412",-0.110383113389942,10.1256293589313,-0.770120479054669,0.444022724289989,0.670278692693782,-6.17070289687381
"ENSG00000028528",-0.0499970713973346,7.39608494507024,-0.632410804080955,0.529340289466776,0.733056913323588,-6.17089555980357
"ENSG00000124422",0.0727042214035016,7.67083363594497,0.660229733782861,0.511442961746715,0.71827327187189,-6.17120031423176
"ENSG00000136527",0.0547761825874957,7.45351480582586,0.635948429302405,0.527046393340636,0.731319533517837,-6.17143189744607
"ENSG00000012779",-0.0722856732673041,6.84896879635077,-0.525887601138396,0.60075873784365,0.780572256615275,-6.17177701587377
"ENSG00000167632",0.0692898722584419,6.59967663269555,0.396896526773624,0.692745951776623,0.842205682572522,-6.17211752377017
"ENSG00000179889",0.0439098889345209,6.62437967969076,0.428875437305428,0.669434131361275,0.827426100443568,-6.17219633971074
"ENSG00000122545",0.0929153990130072,9.04285157362213,0.768580724478907,0.444930127376544,0.670590505083264,-6.17244720139595
"ENSG00000091157",0.0285354897931818,6.22578163738816,0.226556514061419,0.821480678719636,0.916907752031259,-6.1725028073998
"ENSG00000126878",-0.101994788962759,6.61634220481344,-0.479312798174728,0.633327328973644,0.800497477614414,-6.17258177595271
"ENSG00000103657",-0.0514712170852132,8.65765040764662,-0.755888810362133,0.452450792481323,0.675576384960499,-6.17292146061099
"ENSG00000134684",0.0126916081984465,5.98485015781646,0.091777440764232,0.927157570425676,0.964697181756891,-6.17301481429942
"ENSG00000178913",-0.043433392817108,6.3986865879094,-0.374106659304884,0.709544454942586,0.853144601749549,-6.17307189109612
"ENSG00000196352",-0.00424544888321332,6.13189565896566,-0.0271338550706437,0.978436235877756,0.988610365668645,-6.17330239866791
"ENSG00000213585",0.0166859317013648,6.02824135437416,0.117807063928714,0.906584380484864,0.956049256061734,-6.17359496088638
"ENSG00000105700",-0.00384837310404773,6.04972459754297,-0.0309457731621021,0.975407757121942,0.987765451413029,-6.17365689766598
"ENSG00000067208",0.0388989757742015,6.24087996574761,0.248433820322995,0.804583216827688,0.905841984971533,-6.17397012159701
"ENSG00000263001",-0.076256728194287,7.10425028996403,-0.568760184001861,0.571481911934701,0.763283514640905,-6.17400323024398
"ENSG00000176542",0.0610862165869372,7.3838248499325,0.621583323641679,0.536393281087572,0.737760816805123,-6.17417114446525
"ENSG00000113360",-0.0343136811125344,6.35285549387526,-0.31186910879056,0.756139729675611,0.879284791306879,-6.17509822758144
"ENSG00000066777",0.049697768378409,7.33174464275605,0.601415895476457,0.549658071328521,0.74565168640383,-6.1753705514386
"ENSG00000172354",0.0603611781145119,7.279151419749,0.607051214978537,0.545934931819,0.743985888216051,-6.1755909230797
"ENSG00000130340",0.0355759192690197,6.31571815671598,0.276312005864622,0.783186465285778,0.894218190169546,-6.17561430685804
"ENSG00000129353",0.146413213202486,7.61352788885436,0.633906406075271,0.528369865245746,0.732271438783725,-6.17573073335455
"ENSG00000108788",-0.034638750186855,6.16504683863351,-0.258150263718538,0.79710782898309,0.90237710353064,-6.17604728202283
"ENSG00000143353",0.0487637607564819,6.30161302353149,0.223218091769729,0.824066874006752,0.918774223757901,-6.17627844144099
"ENSG00000213024",0.0129501474845251,6.00422670539336,0.0902288515386677,0.928383251435443,0.965129790551905,-6.17630948255558
"ENSG00000158457",0.110657243714096,6.86886138857808,0.456798589749925,0.649341087094432,0.811564634661727,-6.1764884395533
"ENSG00000165678",-0.0525859510675266,6.82733586667869,-0.507627033468612,0.613435775549589,0.788393042036839,-6.17655892258415
"ENSG00000134900",0.071920925261618,6.95082046953503,0.504020587053128,0.615953699047289,0.790298298108699,-6.1768719382967
"ENSG00000180353",-0.0722717278053366,9.19766079491023,-0.770775401198278,0.443637095680675,0.670064875363445,-6.17688191569062
"ENSG00000159346",-0.125740247526421,9.73184962669432,-0.770569879146183,0.44375808926419,0.670064875363445,-6.17717555061808
"ENSG00000168884",-0.0287841209610979,6.21228023883143,-0.242216276788975,0.809376369448053,0.909734363679181,-6.1773639447491
"ENSG00000101152",0.0414129302694786,6.42262295366463,0.351137888712969,0.726622265540882,0.862310282833286,-6.17866304243517
"ENSG00000170035",-0.0180314827022316,6.19605166376006,-0.119581430066807,0.90518413454093,0.95580013550766,-6.17887048094831
"ENSG00000168497",0.212665829715112,11.5109196392432,0.6981918533881,0.487551415243581,0.701969344933702,-6.17911568350997
"ENSG00000185787",0.0598637963847253,8.09611216328382,0.69985015847141,0.486521988350111,0.701766426404926,-6.17989815173389
"ENSG00000198055",-0.0626313960167986,7.45142268160789,-0.632810508657849,0.529080849591866,0.732895510384165,-6.18006811366685
"ENSG00000163930",-0.00134344674080733,6.07796669066584,-0.0107499807847697,0.991455898958552,0.995109015756483,-6.18011003093123
"ENSG00000204574",-0.0544154820967684,7.3870191276107,-0.623877428895328,0.53489487617053,0.736257525360548,-6.18031269256219
"ENSG00000143368",0.0133714374197247,6.07650061846267,0.115834350398514,0.908141501490359,0.956049256061734,-6.1803466997943
"ENSG00000126524",-0.0186496944192545,6.18530530422763,-0.129941436924482,0.897014669309655,0.953342411075937,-6.18034773587141
"ENSG00000131023",0.00477127588089843,6.08862951157833,0.0464928671267506,0.963060189480754,0.982353849895365,-6.18087186587207
"ENSG00000172164",-0.0200474679112235,6.23212300085619,-0.142474655034988,0.887146495142204,0.94917408507922,-6.1811175225289
"ENSG00000063978",0.0440742668945084,6.63273938599573,0.446097805402559,0.657011413499297,0.817793530963516,-6.18118033033227
"ENSG00000137161",0.0484087152649018,6.69528724846828,0.42622612344075,0.671353467651895,0.828808903640953,-6.18120646097305
"ENSG00000080503",-0.0692441000852959,8.68771874721857,-0.745845056887982,0.458454023395391,0.679003712321114,-6.1813497403754
"ENSG00000106635",0.0314765266857853,6.31392858645028,0.274140409351929,0.784847404503403,0.895278195086796,-6.18161264906421
"ENSG00000136938",-0.0765066083378869,9.73826092997042,-0.763222499901155,0.448096240981906,0.673070945924848,-6.18211236458718
"ENSG00000139323",0.03654824908865,6.33488755677856,0.228455601361244,0.820010385038127,0.916017342154545,-6.18219407473442
"ENSG00000111269",-0.0499355371684702,6.78292679800055,-0.483495730672106,0.630371090160615,0.798866645654358,-6.18227343005486
"ENSG00000166135",0.00161993509088099,6.03414798238734,0.0130226323993639,0.989649686640094,0.994079698063172,-6.18239661508425
"ENSG00000175470",-0.026562392570491,6.28296340653527,-0.192765871406209,0.847744294432444,0.929320273828349,-6.18244690716441
"ENSG00000085872",-0.00709564442323174,6.07152951412865,-0.0507084946168783,0.959713554993094,0.980418314090369,-6.18256878465722
"ENSG00000137947",0.00695706759247194,6.16520580716487,0.049242472903293,0.960877297406396,0.980871550173133,-6.18277294984565
"ENSG00000099968",-0.0231588076243474,6.13541923701363,-0.176984221056037,0.860071963991064,0.935077242032193,-6.18293015904559
"ENSG00000168653",-0.0607304381930778,6.81635493729739,-0.477339319725159,0.634724148583835,0.801570969282506,-6.18300842953808
"ENSG00000148411",0.0362216626532401,6.23645064105882,0.262851708505709,0.793497530330787,0.900295376442128,-6.183186786857
"ENSG00000105810",0.042141864393888,6.62789488573056,0.400262350096164,0.690277797178238,0.840161112325008,-6.18321853124862
"ENSG00000255197",-0.0277347981938165,6.16521131495113,-0.177626802554705,0.859569314354768,0.934744924091836,-6.18326426361178
"ENSG00000198752",0.067822669689761,7.45040143150388,0.602168969667643,0.549159790232587,0.745161279498663,-6.18384047540197
"ENSG00000184743",0.0548428382320374,7.04040077361223,0.518776801895322,0.605680874692249,0.783788457321466,-6.1842334702445
"ENSG00000092964",0.0714960583488269,7.60848355589271,0.651705657166119,0.51689238002554,0.721873798097704,-6.1843565929265
"ENSG00000104131",0.0699789664358397,7.48827559024544,0.613874558932941,0.541444078372761,0.742271600144641,-6.18441786070909
"ENSG00000241973",0.0597551940407497,6.84687702290106,0.480749110266495,0.632311553355225,0.800160964833098,-6.1847002114241
"ENSG00000166987",0.0179870778724665,6.20670729204574,0.145775264226059,0.884550632319522,0.948183965950929,-6.18533728232788
"ENSG00000116786",-0.0357749170528425,6.29034972464101,-0.291468157088521,0.77162286837334,0.886877929725307,-6.18539877891588
"ENSG00000028277",-0.0800794664752553,7.38047885350885,-0.62627317378559,0.533332393904259,0.735407461905949,-6.18585059273078
"ENSG00000154001",-0.0438978080386825,6.33941251421028,-0.339451090105868,0.735365973597664,0.865925739454263,-6.18597522960168
"ENSG00000197601",0.0356617021563181,6.42907053068153,0.312935120503009,0.755333374723821,0.879195491644111,-6.18630840605547
"ENSG00000186834",-0.0299718284503578,6.22179417074853,-0.210890207093358,0.833633722058247,0.920850875460934,-6.18650830442881
"ENSG00000065970",0.0126271498045725,6.1606502200969,0.0983043009532663,0.921993654163155,0.961791077644992,-6.18652713297747
"ENSG00000109452",0.0461488528925926,6.44033719018387,0.26505328175664,0.791808464723524,0.899639732182223,-6.18741988323794
"ENSG00000143727",-0.0536153717125298,6.66522396725738,-0.405497687547025,0.686445427698213,0.838322055615302,-6.18742661387181
"ENSG00000088205",0.0005554904505507,5.99265894852918,0.00400989758377683,0.996812873657838,0.997911895569258,-6.1874433851835
"ENSG00000078687",-0.0665059424320447,7.10948457990262,-0.541888296324892,0.589751159249238,0.774208268816831,-6.187795216072
"ENSG00000084652",-0.0392202659635323,6.31184884869316,-0.30073141194408,0.764580631059705,0.883958695002254,-6.18833591731739
"ENSG00000244754",0.0608335402930633,7.43178315089663,0.597526221349611,0.552235348711569,0.745990126402338,-6.18869425627798
"ENSG00000163539",0.0160001370617637,6.20288011500325,0.13207344506608,0.895334812958352,0.952988138496719,-6.18903177167335
"ENSG00000183486",-0.0800486971187695,6.96692251236193,-0.527556321946671,0.599606323995512,0.780212440888877,-6.18925881721391
"ENSG00000186432",0.0490702081470396,6.96935641485574,0.518423800331103,0.60592570520196,0.78383383181629,-6.18985911066421
"ENSG00000124562",0.0206937671386145,6.11955062319508,0.154462986060999,0.877724045488931,0.944583077521389,-6.19062025385903
"ENSG00000183621",-0.0196862554744586,6.31975243764781,-0.0933933904454291,0.92587876340635,0.963935436881315,-6.19075459764862
"ENSG00000261371",0.0881396573034667,8.33207703703129,0.701417215224138,0.485550311541878,0.701293238939594,-6.19090804579862
"ENSG00000102858",0.00840084711468148,6.18291746000723,0.0929645960873452,0.926218077559787,0.963935436881315,-6.19119768857139
"ENSG00000158373",0.0844432791206708,7.36069794919822,0.564787366291397,0.574165468658038,0.765553958210718,-6.1912085155676
"ENSG00000108587",0.0360594088508686,6.36303366261079,0.262362753982966,0.793872795232742,0.900295376442128,-6.19182508008979
"ENSG00000120727",0.0973681769776942,8.90722701161821,0.735577689533096,0.464637883375953,0.684147888819511,-6.19202589158198
"ENSG00000198952",-0.0164051071577269,6.18441231030378,-0.125149649212505,0.900791937600086,0.953780604713911,-6.19320400893051
"ENSG00000138767",-0.0543755889192781,7.47922275586407,-0.611003049963553,0.543331689319637,0.742340407206681,-6.19338617383929
"ENSG00000113441",0.0175366482330235,6.33315520656954,0.106109138168421,0.915823062746802,0.959443056814277,-6.1935349207845
"ENSG00000184270",0.0483365942218557,6.29212367498378,0.218677113693866,0.827587794952338,0.919391987540852,-6.19401590509375
"ENSG00000163848",-0.060244322249412,7.20785308416507,-0.550768007554644,0.58368373539168,0.771398375996139,-6.19418082330589
"ENSG00000070756",-0.0538900071568591,11.3366334846318,-0.675562830281884,0.501718345712739,0.711952256308527,-6.19420182801657
"ENSG00000143157",0.00124396709593011,6.14615202728648,0.0112214682879996,0.991081175611229,0.994916205035927,-6.19434101571225
"ENSG00000111885",-0.0451064743224689,6.57387469258779,-0.294832763932079,0.769062719092875,0.885991476764218,-6.19484829941402
"ENSG00000198909",-0.0599382697287272,7.13265804874033,-0.5542388727437,0.581320239618883,0.769444282177763,-6.19508533283312
"ENSG00000141968",-0.0575986623416522,6.9629777950169,-0.51451330056136,0.608640928125235,0.785311359448132,-6.19523830140984
"ENSG00000101160",0.0541651626670943,6.70673670562318,0.418882410804664,0.676685178579201,0.832632677805886,-6.19560925955841
"ENSG00000283633",0.0311350554392202,6.35202001154322,0.100199871752241,0.920494538237861,0.961774128390298,-6.19585983687184
"ENSG00000121067",-0.0196200847622352,6.23153374885328,-0.181070998479716,0.856876141751804,0.933092388619594,-6.19590733887689
"ENSG00000122359",-0.0639096660903951,8.02884687053171,-0.67448261699303,0.502400148524195,0.71231996272468,-6.19666299227329
"ENSG00000089234",0.0344984945955247,6.53195464746601,0.292547786256273,0.77080109331119,0.88654168407343,-6.19718110629781
"ENSG00000129515",0.0634366539472193,7.26014579193687,0.536714179604431,0.593300247701203,0.776562734490571,-6.19723395645943
"ENSG00000116127",-0.0394703745392642,6.47529537015491,-0.308271266385389,0.758863219795986,0.881319033113067,-6.1972603235734
"ENSG00000065243",0.00396393802908079,6.30580533708242,0.0275035181878282,0.978142532632956,0.988610365668645,-6.19775614184957
"ENSG00000088888",0.0410051929993118,6.66453366391884,0.363815163001575,0.717178579981607,0.856839671872761,-6.19791826642543
"ENSG00000138735",0.218703888036174,8.15022530885194,0.678053541259869,0.50014818506953,0.710510381293038,-6.19811181027843
"ENSG00000265491",0.0324811801292029,6.44342807430667,0.253665978728627,0.800555513003343,0.903440133508408,-6.19847432610338
"ENSG00000120694",0.0394838370733863,6.20381155909268,0.217641055073296,0.828391619606145,0.919441921528981,-6.19853039360374
"ENSG00000265241",-0.0621698668542807,6.83324151698806,-0.480577816632778,0.63243265685964,0.800160964833098,-6.19882187751998
"ENSG00000048991",0.0677779123076148,7.5092422565611,0.58683375746792,0.55935124966819,0.752059626898396,-6.19949157709173
"ENSG00000059758",0.0456170120798074,6.5989558594583,0.312406316306492,0.755733339939897,0.879278783379821,-6.19956399874539
"ENSG00000125952",0.158233777230212,10.1200105389614,0.734181380476315,0.465482509605439,0.684848306183328,-6.19959160378231
"ENSG00000118855",0.0808571754449208,6.70115619004613,0.324880807866158,0.746316233295839,0.872704623094168,-6.19961916946094
"ENSG00000083312",0.0604302763281828,6.94670270207381,0.449735184331472,0.654399935240271,0.816231978270322,-6.20035373470496
"ENSG00000101162",0.224208734077493,10.9433568364489,0.70042988354961,0.486162395913075,0.701619267002499,-6.20037593819404
"ENSG00000006712",-0.0392428757301486,6.47764259560931,-0.32781566629288,0.744106243714009,0.87105518172624,-6.20044094281118
"ENSG00000115561",0.02027009788742,6.39107672506007,0.177710398836553,0.859503926706267,0.934744924091836,-6.20081003167072
"ENSG00000187837",-0.105334851774703,8.13267609775167,-0.678887599137354,0.499622986282893,0.71006810409212,-6.20113696935094
"ENSG00000117724",0.0858537025647319,6.55758003459354,0.311320484153614,0.756554827551718,0.879579748293163,-6.20119193858382
"ENSG00000116604",-0.0486946035981886,6.76642293724286,-0.430844299776725,0.668009187408226,0.826898292663862,-6.20119225513201
"ENSG00000143514",-0.0221337094810385,6.38862595625578,-0.189652340060482,0.850173482224116,0.930400981433266,-6.20137989210358
"ENSG00000135390",-0.0396393600396303,6.51906709853194,-0.344435047121382,0.731632757825001,0.864345959127297,-6.20167191350198
"ENSG00000128340",-0.0668597981942547,8.74961571478306,-0.724020202646476,0.471655225990624,0.689449334906606,-6.2018774867064
"ENSG00000007237",0.0749359033071073,7.23501566439702,0.555984639658749,0.580133188437502,0.769280960880019,-6.20197622933517
"ENSG00000171456",-0.0285535606693541,6.37414803773663,-0.214368127387335,0.830932120401424,0.919802505633456,-6.20263034614623
"ENSG00000125755",-0.0219110402407976,6.33694940756937,-0.216618540513745,0.829185116464541,0.919802505633456,-6.20353583386279
"ENSG00000127527",0.0116109622513374,6.32410861250133,0.0990287008433979,0.921420727293861,0.961791077644992,-6.20380424416608
"ENSG00000143545",-0.123288936115931,7.63649366717496,-0.616637244166717,0.539631171302622,0.740844954867191,-6.20455451280978
"ENSG00000185722",-0.0428223589475607,6.63683237597135,-0.380918232329251,0.704508004044963,0.849714325002647,-6.20457214996183
"ENSG00000161057",0.0288991356392829,6.33346778269184,0.235460092629204,0.814593066984437,0.91270166914849,-6.20478547899526
"ENSG00000132002",-0.0495831574718162,6.4986672996723,-0.335231786321831,0.738531440007449,0.86663674311288,-6.20488367411204
"ENSG00000131242",-0.0217708263314664,6.15787044367052,-0.152966264733472,0.878899482019023,0.945359205930827,-6.20497298448467
"ENSG00000069974",0.0465647624130945,6.49730071725073,0.314179899136177,0.754392141665965,0.87875312974047,-6.20507179545359
"ENSG00000157216",0.00245287637931746,6.2554331388349,0.019548358795554,0.984463635661039,0.9912611998188,-6.20509975023093
"ENSG00000074054",-0.0296055198530931,6.48111852069243,-0.267411974731586,0.789999964710278,0.899084981771798,-6.20588078053216
"ENSG00000169020",0.0346242300993129,6.45138805349089,0.301139056938711,0.76427117790888,0.883958695002254,-6.20645744938425
"ENSG00000160551",0.083332749127015,8.55313673551403,0.697755791748679,0.48782230908939,0.701969344933702,-6.20665692144276
"ENSG00000168071",0.0696388679581226,6.78609500706171,0.449125099141298,0.654837648773804,0.816491201793096,-6.20772922809572
"ENSG00000136205",0.0190234423386437,6.32201830621437,0.142469910107811,0.887150227831018,0.94917408507922,-6.20813839645494
"ENSG00000130856",0.0328192840107882,6.52213233992152,0.260701460333458,0.795148176287509,0.901040255384158,-6.20865604072525
"ENSG00000133742",0.138007246592794,6.71846746491878,0.383398933299797,0.702677057267599,0.849169056607364,-6.20870286196901
"ENSG00000047365",-0.0477924270807568,6.36240806849184,-0.288786276627729,0.773665352814793,0.888288480955741,-6.20878711148526
"ENSG00000173064",-0.0844222508930645,7.3973670040576,-0.550276696125131,0.584018665099759,0.771398375996139,-6.20882537344362
"ENSG00000104974",-0.0135771065479844,6.15315322993825,-0.0651604233833885,0.948246573143679,0.974860080929663,-6.20883886495571
"ENSG00000141905",-0.0284616306856806,6.41142331616308,-0.261185747714281,0.794776329119758,0.901040255384158,-6.20904448220172
"ENSG00000101558",0.0557624807799249,7.17692766964553,0.489616869755563,0.626055949124674,0.79634667542172,-6.20931963112292
"ENSG00000165417",0.0322269769688681,6.56768854437334,0.301607937028501,0.763915287353102,0.883958695002254,-6.20962527995711
"ENSG00000116560",-0.0704703355396887,8.16255149453237,-0.678754911926027,0.499706518188177,0.71006810409212,-6.20970362129873
"ENSG00000173692",0.00690488381563892,6.24026179728488,0.055767159732368,0.955698627378695,0.978677484674324,-6.2097727475159
"ENSG00000130414",-0.036931919481308,6.68303968908729,-0.353513282354543,0.724849471518085,0.861658285147399,-6.20997953488161
"ENSG00000145495",0.105518575460486,7.79993618458467,0.612371599189154,0.54243164380235,0.742340407206681,-6.21014403181416
"ENSG00000172216",0.0798484502050707,7.20571109845026,0.531206943768701,0.597088793122909,0.778707696736878,-6.2102671308182
"ENSG00000087152",0.0229258838640272,6.39074732070787,0.168243778729127,0.866914719409682,0.939516887078565,-6.21029178377307
"ENSG00000216937",0.109289199110798,7.93643045154999,0.627709191854849,0.532396969438606,0.735047817917264,-6.21074970998102
"ENSG00000003756",0.0639125346741656,7.5602963437657,0.580012664117162,0.563914399390322,0.756328322963681,-6.2111722250963
"ENSG00000141367",0.0513798351044699,8.21904742180127,0.672699957035377,0.503526413173274,0.712557235176549,-6.21147317887746
"ENSG00000117450",0.0308100056699265,6.32011391213034,0.22714890763119,0.821021972154443,0.916583545962583,-6.21160648051741
"ENSG00000183741",-2.27699746266907e-05,6.23381989954934,-0.000206956966520326,0.999835507073183,0.999981546089226,-6.21165325572308
"ENSG00000217128",0.0237996329599479,6.46756472000066,0.179350348009664,0.858221385142642,0.933997224581925,-6.21175349401204
"ENSG00000113758",0.0107351440416741,6.40250609919499,0.0548806418964541,0.956402152791135,0.978677484674324,-6.213073681363
"ENSG00000139746",0.0081647719825515,6.30292574153018,0.0648605505301038,0.948484406342827,0.974860080929663,-6.21316652902802
"ENSG00000100592",0.0885668922876706,7.19489925698842,0.475780543475614,0.635828385557747,0.802372012935593,-6.21317882834578
"ENSG00000067167",0.0978471057690955,7.39665783719928,0.53545303413547,0.59416682173439,0.777086945851179,-6.21320781482756
"ENSG00000108518",0.0507551682824996,9.63272542033419,0.721067482910637,0.473457567572026,0.691527299767399,-6.21356501144571
"ENSG00000004700",0.0076984527342665,6.19483347956463,0.065782186709789,0.947753459333425,0.974860080929663,-6.21378951252075
"ENSG00000104231",-0.0239234844689049,6.43019199798254,-0.13972479474271,0.889310152675896,0.950551640529386,-6.21398793952815
"ENSG00000124193",0.0977656123717399,7.258966431406,0.490914472600577,0.625142868721453,0.795862990314099,-6.21412517543063
"ENSG00000015171",0.039016997331518,6.67559898919848,0.352152264283114,0.725865037004917,0.862310282833286,-6.21425165717061
"ENSG00000185650",-0.0722885438239285,8.04233790882234,-0.657182313458019,0.513387637826389,0.718821858359847,-6.21445943887074
"ENSG00000115947",-0.0885018572987475,7.2922246850158,-0.51572630848305,0.607798093095598,0.784822111111141,-6.21464372512918
"ENSG00000206560",0.145319443271728,8.11169898696478,0.643966316648987,0.521866650135511,0.725794985646286,-6.21494482218026
"ENSG00000149187",-0.0383979872791977,6.63016752762254,-0.337048327845632,0.73716804854561,0.865925739454263,-6.21495437090469
"ENSG00000080345",-0.0285831039804947,6.4429692098504,-0.251492086046189,0.802228318678124,0.904499147383779,-6.21498687089408
"ENSG00000113558",-0.0900657519353576,8.81258303025324,-0.702041314492629,0.485163628981228,0.700920565019817,-6.21543327121056
"ENSG00000148634",-0.00998351254534313,6.4049688024307,-0.0814953848132891,0.935298805972763,0.968359539137136,-6.21544155623488
"ENSG00000144381",-0.0299644132335777,6.26968929861359,-0.187187076943198,0.852097922989434,0.931634825706492,-6.21552730850423
"ENSG00000146701",-0.0212616740386515,6.38894870147841,-0.197303453105762,0.844206712555884,0.927452746522375,-6.21564340605383
"ENSG00000039123",-0.00710498597819242,6.27111775427302,-0.0589968225599664,0.953135924968573,0.977351797922522,-6.21594477830014
"ENSG00000070010",0.0168669924389668,6.44269594326245,0.115907713860215,0.908083587039758,0.956049256061734,-6.2161531692003
"ENSG00000136935",-0.00388619152246772,6.43616529938242,-0.0237455046381178,0.981128468564648,0.990216357306447,-6.21630958499845
"ENSG00000071626",-0.0039786768252803,6.2531711530386,-0.034975283643161,0.972206801656219,0.985961030421274,-6.21658330550758
"ENSG00000213281",0.0206501529059393,6.49054518750574,0.238948935391783,0.811898137041082,0.911534201522653,-6.21659462757857
"ENSG00000102804",0.169498421885409,9.13404170997764,0.708726040027982,0.481032594012461,0.697488463879266,-6.21682770042439
"ENSG00000164691",-0.0559203949764857,6.6937881027417,-0.412396513532476,0.681407936394478,0.835177649841447,-6.21691410042999
"ENSG00000198791",0.00626907570236934,6.25570452238559,0.0525677522492989,0.95823778471701,0.980003651424493,-6.21732807666884
"ENSG00000182831",-0.0483478668042094,6.90311067869226,-0.44480290395805,0.657942133496358,0.81837185919821,-6.21752803222736
"ENSG00000244462",-0.0315400643598682,6.63622006009028,-0.337030701528774,0.737181273786504,0.865925739454263,-6.21758937186101
"ENSG00000151502",-0.00284577822619347,6.3428091056625,-0.0272886599201001,0.978313240588467,0.988610365668645,-6.21766499076937
"ENSG00000067560",0.0483370672468943,9.59345013113055,0.714413584028083,0.477533285100209,0.694872152036842,-6.2187423701314
"ENSG00000120008",-0.0419961191378011,6.61610193818708,-0.296102035332195,0.768097590202173,0.885441318540296,-6.21910225084118
"ENSG00000130775",0.0719620553228992,8.03399213980226,0.650116022675807,0.517912023705389,0.72292715991467,-6.21923437712814
"ENSG00000114573",0.00511600164320658,6.31441969689113,0.0492304615832001,0.960886832465861,0.980871550173133,-6.21927828951123
"ENSG00000198265",-0.0525521270588705,7.44171807470553,-0.551000930069054,0.583524982829402,0.771398375996139,-6.21943231490631
"ENSG00000110906",-0.0448791739627996,6.81060006943409,-0.374505723511509,0.709249027364668,0.853144601749549,-6.21952015144289
"ENSG00000175029",0.01251890546982,6.32324783070109,0.113417338483136,0.910049812175586,0.956741884460711,-6.21968155599522
"ENSG00000163602",0.0920640133019095,7.41648351007149,0.525678677785488,0.600903091821671,0.780572256615275,-6.22010278661114
"ENSG00000198176",-0.113241854681856,7.09652700937816,-0.489346076114448,0.626246571773964,0.796403203320392,-6.22022758640463
"ENSG00000004939",-0.238663196539248,8.43170778696554,-0.68530478654317,0.495592180280455,0.70737664971963,-6.22045128102101
"ENSG00000104897",0.051400617235811,6.99857499316117,0.44367994628454,0.658749707181202,0.819002374423365,-6.2207081914643
"ENSG00000184500",-0.00481330491260579,6.47275679888321,-0.0174048405525294,0.986167044937486,0.991993733533867,-6.22092902072788
"ENSG00000100461",-0.0963534924368474,9.22888463086746,-0.708560899594615,0.481134411065746,0.697488463879266,-6.22120466436231
"ENSG00000117868",-0.0748099523119246,7.19970951117563,-0.481857932665321,0.631527867183957,0.799591642650663,-6.22260273860431
"ENSG00000100813",-0.0686853392852509,8.13307295505047,-0.658372384663205,0.512627739090173,0.718817560320718,-6.22261582379235
"ENSG00000111229",0.0629980774363883,9.32009465771158,0.708370726405712,0.48125167689467,0.697488463879266,-6.2226937902805
"ENSG00000061273",-0.0136820592895868,6.30130262144691,-0.106544286465157,0.915479178781175,0.9593249790344,-6.22273235947713
"ENSG00000048707",-0.0434817955413527,6.82280478189274,-0.391540669782637,0.696680276579475,0.845098215347491,-6.22364811881106
"ENSG00000140367",0.0839971411597187,7.60757440046777,0.563271055516057,0.575191313044302,0.766058539482653,-6.22381280681998
"ENSG00000066084",-0.0206680544530622,6.42463787513822,-0.205079643675892,0.838151761102874,0.923434649898368,-6.22390284805356
"ENSG00000122786",0.124862618489086,8.55701182935047,0.664004358908583,0.509039695309146,0.717343057435133,-6.22429661298517
"ENSG00000186001",0.0573569020198459,7.14451824574148,0.462347922185837,0.64537818560531,0.808280541420167,-6.22435030305261
"ENSG00000197872",0.0217358713132132,6.31075432118781,0.152510971289728,0.879257096910542,0.945370567193335,-6.22471499045539
"ENSG00000104267",0.161545614290157,8.13630819961995,0.619274257519373,0.537903637237021,0.739278258240991,-6.22477964810902
"ENSG00000205339",0.0647483060647884,7.83614084079517,0.604704734170727,0.547483647747574,0.74455589439061,-6.22487748924869
"ENSG00000080845",-0.0311051963996931,6.51253700137115,-0.220821025124331,0.825925031910093,0.91913131830711,-6.22718157009168
"ENSG00000106105",-0.0138236651019614,6.40801108914835,-0.130419046564512,0.896638308776824,0.953342411075937,-6.22771055823236
"ENSG00000264364",0.0646252673074743,7.61207352700794,0.563775438043676,0.57484997986792,0.766058539482653,-6.22778387871241
"ENSG00000136888",-0.0448990342875595,7.13967398215356,-0.468929452795686,0.640691498421698,0.805744986934767,-6.22797392388188
"ENSG00000108509",0.0278304317623368,6.60653698466999,0.206314875219747,0.837190836743473,0.92290887870871,-6.22818198658485
"ENSG00000115966",0.0281619165670906,6.62051819346793,0.250203801398064,0.803220089309553,0.905102212040584,-6.22855847915424
"ENSG00000101421",0.0531929447464723,8.26501428207797,0.648792286142612,0.518761923408489,0.723742627075403,-6.22858851994955
"ENSG00000127946",-0.0105321014664383,6.329420972538,-0.0685207168991179,0.945581806805059,0.973908960088966,-6.22994038057465
"ENSG00000122565",0.0461888100051162,7.1295768695601,0.462996574633854,0.644915637494798,0.808022857721338,-6.22996280424647
"ENSG00000185245",0.0930747253805455,6.95963053108001,0.361660540213984,0.718780554176039,0.858000977026963,-6.23046472230414
"ENSG00000166913",-0.0512353602303595,8.78550093362553,-0.683851864375908,0.496503240877328,0.707731464233303,-6.23055323987777
"ENSG00000047315",-0.0154280382431331,6.33455410122642,-0.12379307144011,0.901861721668471,0.954414603483409,-6.23064245735445
"ENSG00000108798",-0.0562988353799687,6.98173777802147,-0.460653125814856,0.646587391690125,0.809328342755103,-6.23079146480959
"ENSG00000161642",-0.00122674669473088,6.32595883100581,-0.00797653217296378,0.993660184400936,0.996036924492419,-6.23128336585093
"ENSG00000167182",0.0388554543207693,6.72784498301144,0.298692037542432,0.766129346068443,0.884470913463429,-6.23244304396569
"ENSG00000122566",0.0457258651794579,10.0388735324048,0.685076994912367,0.495734957531121,0.70737664971963,-6.23245274157231
"ENSG00000024048",0.0559643498575833,7.55071130579966,0.555059666619895,0.580761988044442,0.769280960880019,-6.23266205314439
"ENSG00000108021",-0.00753556948023881,6.41289453911413,-0.0681913983524286,0.945842934623847,0.973908960088966,-6.23317695196185
"ENSG00000149480",-0.0420569822528805,6.797483142365,-0.382877756654882,0.703061579438276,0.849169056607364,-6.23362016785796
"ENSG00000198677",-0.0216408007940263,6.57332063684546,-0.217850643957359,0.828228995491427,0.919441921528981,-6.23384786622561
"ENSG00000064961",-0.0052911168544103,6.53210898275685,-0.0374548979964167,0.970237274248107,0.985120717095905,-6.23388819112414
"ENSG00000110880",0.107676589922663,9.55609703573212,0.691526975852124,0.491700883044015,0.704417255783255,-6.23434404461552
"ENSG00000166734",-0.0410557693767615,6.78877963868571,-0.305896715479678,0.760662384961386,0.881930794904954,-6.23475471233981
"ENSG00000150347",0.000617141011523437,6.28441052859097,0.00432241850038574,0.996564478891137,0.997846587208035,-6.23483727256888
"ENSG00000105401",0.0564191470016819,8.0399067208812,0.613083641282634,0.541963660354933,0.742340407206681,-6.2351859236956
"ENSG00000136448",-0.0250320028066087,6.6385508735627,-0.263569653910989,0.792946607200643,0.900294710608973,-6.23554009582907
"ENSG00000140612",-0.0155995205108086,6.48708599066348,-0.145680307432177,0.884625296356492,0.948183965950929,-6.23618356778239
"ENSG00000072518",0.0403057754665941,6.76296235301567,0.338636766066832,0.735976551365621,0.865925739454263,-6.23623533238641
"ENSG00000196821",-0.0440871291711247,7.19001873900867,-0.466422234338929,0.642475166088238,0.806870609693112,-6.23733489417712
"ENSG00000110713",-0.0505330731913256,7.34087384349715,-0.502587022643532,0.616955863349677,0.790660303957094,-6.23737118684552
"ENSG00000072786",-0.0742236743046245,9.12122368909762,-0.68596723590029,0.495177092110483,0.707284490735035,-6.23739101657616
"ENSG00000149218",-0.00240826564654117,6.63531258411888,-0.00769538611766111,0.993883637115686,0.996077640729628,-6.23769816364083
"ENSG00000101182",-0.0393931152855354,6.78735761515828,-0.354468917247682,0.72413669090777,0.861322638967274,-6.23799500342159
"ENSG00000145012",0.0572910209393633,7.42042846760768,0.495227660104305,0.622112054375212,0.794297274955743,-6.23800407369582
"ENSG00000137309",-0.0321525482688951,6.6309882644057,-0.265656593467712,0.791345773022222,0.899301579354415,-6.23848198054048
"ENSG00000109046",-0.0291112700954201,6.54578750499712,-0.214654392837962,0.830709843823631,0.919802505633456,-6.23895033778716
"ENSG00000162783",-0.0101139893729307,6.28938837942986,-0.0675040969045407,0.946387938344998,0.974285995484419,-6.23989667981449
"ENSG00000115548",-0.012090689241913,6.4495086256957,-0.104160948516566,0.9173628522621,0.960006304096027,-6.24052323559428
"ENSG00000131669",-0.0125522663455264,6.56438156894566,-0.0866420587610148,0.931222797366111,0.966159169691596,-6.24106971502563
"ENSG00000170832",0.0497552630578504,7.18410179786482,0.447585126879943,0.655943061627969,0.816817782799812,-6.24117710853255
"ENSG00000168137",0.0446891192388001,7.04835687083218,0.417367419492054,0.677787176172309,0.832976434871812,-6.2417166698978
"ENSG00000175826",0.0246842888965553,6.63200920395743,0.206622214573431,0.836951786615989,0.922832085303361,-6.24180812056161
"ENSG00000187446",0.00713259782290887,6.47045600838098,0.0664958536439235,0.947187483013312,0.974740726757938,-6.24199932312841
"ENSG00000151883",-0.0399789464603932,6.81328366662798,-0.339272300814453,0.735500014639927,0.865925739454263,-6.2422929097826
"ENSG00000000938",-0.0604599667521271,7.70623895518282,-0.569519093116211,0.570969979708929,0.762854180447391,-6.24241868919486
"ENSG00000111859",-0.0458875498502644,7.05028271470619,-0.44799273280088,0.655650401433198,0.816817782799812,-6.24308700962284
"ENSG00000151893",-0.0141420570284474,6.52513005783414,-0.123195354866377,0.902333133161866,0.954414603483409,-6.24327923379199
"ENSG00000119844",0.0440290724104209,7.06174596951725,0.400501728798445,0.690102388955925,0.84015146704623,-6.24346656369469
"ENSG00000126432",0.0507849983416486,7.04473251202551,0.414015601658022,0.68022777818391,0.83484589672132,-6.243502373772
"ENSG00000084234",-0.00172738097494296,6.52921535002246,-0.00997162785837877,0.992074513413072,0.995452139205027,-6.24356321832139
"ENSG00000163947",0.0583335966035365,7.39034462807195,0.502978882004368,0.616681852938433,0.790660303957094,-6.24370003944561
"ENSG00000251562",-0.184840328111283,10.394450522158,-0.655803428857602,0.514268849936554,0.719359675461984,-6.24462048473162
"ENSG00000141380",-0.0094715438179831,6.48836087114574,-0.0896844936157429,0.928814142571352,0.965129790551905,-6.24495942854161
"ENSG00000122692",-0.0188665184978518,6.49824801472603,-0.185403526725259,0.853490765748494,0.932200820328347,-6.24499297859731
"ENSG00000155368",0.0354670378695534,6.66138063385295,0.272102700843168,0.786406852314377,0.896118914747695,-6.24531282595516
"ENSG00000162434",-0.052737654910203,8.86715307364558,-0.663111285187668,0.509607759258513,0.717772252440636,-6.2460256082503
"ENSG00000091527",-0.0643551663308468,8.44009314524518,-0.644492917803981,0.521527393235483,0.725794985646286,-6.246114433012
"ENSG00000163468",-0.050378932280398,7.54680293955313,-0.529512807747683,0.59825648638551,0.779266579994167,-6.24625569551039
"ENSG00000143437",-0.0341977759147474,6.96329242825807,-0.364096404754462,0.716969568867011,0.856839671872761,-6.24677257709524
"ENSG00000124164",-0.0855102588152157,8.19246033257823,-0.599869794425455,0.550681782875784,0.745990126402338,-6.24767272677652
"ENSG00000147443",-0.0202324073245634,6.62339540263538,-0.153502383573689,0.878478414408471,0.94509289133044,-6.24830390843657
"ENSG00000010017",0.0805876789033562,7.91465659593578,0.562003636319662,0.576049452048115,0.766386429398156,-6.24861298358664
"ENSG00000134698",-0.0310691954529547,6.61799574830937,-0.23697847047173,0.813419929619489,0.91248836490488,-6.24868198163168
"ENSG00000143742",-0.02779325368454,6.83613692217624,-0.312302627560053,0.755811773599064,0.879278783379821,-6.24868725003206
"ENSG00000122257",0.00266785781658907,6.54427663986428,0.0231016904848893,0.981640040506705,0.990276681441884,-6.2486955479662
"ENSG00000154723",0.036398381152531,6.95914682257799,0.350330459668087,0.727225204529504,0.862310282833286,-6.24879093399871
"ENSG00000160883",-0.0163009302882733,6.50909505569607,-0.0959097887289299,0.923887763675154,0.962518947048579,-6.24894538508865
"ENSG00000204304",0.0274223138114893,6.7132594085541,0.270304989619129,0.787783359975322,0.897199345289973,-6.24909016547331
"ENSG00000143164",-0.0417914352253765,6.94664580141127,-0.329588401959485,0.742772391437398,0.869704881344779,-6.24916504007642
"ENSG00000182149",-0.00886794721964801,6.52561660094492,-0.100190125922253,0.920502245012231,0.961774128390298,-6.24981059842157
"ENSG00000157764",-0.0239392469174211,6.74498866461981,-0.215075938870714,0.830382551146732,0.919802505633456,-6.25031173942375
"ENSG00000065882",0.0500333266427546,7.97762878700171,0.585328371267441,0.560356738836203,0.752854133953054,-6.25040991599838
"ENSG00000181555",0.0473402553224656,8.23211787695614,0.607488427311375,0.545646610327847,0.743985888216051,-6.25061740902932
"ENSG00000179912",0.0034201036385344,6.5319299397205,0.0358270117064913,0.9715302642776,0.985961030421274,-6.25084125984487
"ENSG00000063245",0.0515996960842937,7.31538456625772,0.47112439416215,0.639131729558335,0.804705243162839,-6.25151358226792
"ENSG00000148337",-0.0440552894563284,7.13817544261885,-0.427927316891148,0.670120758821914,0.827474590675836,-6.2515658565224
"ENSG00000137075",-0.0285637351984693,6.78463399165917,-0.255333218053927,0.799273209436246,0.903223489941645,-6.25212982252506
"ENSG00000126883",-0.0311173369019535,6.93373593569933,-0.354103765427249,0.724409018309113,0.861322638967274,-6.25267749307144
"ENSG00000121766",0.0544060187495203,7.04823962333331,0.339919904280968,0.735014535670154,0.865925739454263,-6.2532708470609
"ENSG00000144579",-0.0337663276232663,6.92185316584121,-0.326242817426583,0.745290354169081,0.871848192041283,-6.25340407031146
"ENSG00000178952",-0.00378127359719205,6.45436531268033,-0.0264333239080842,0.978992827236113,0.988610365668645,-6.25349386222749
"ENSG00000005812",-0.0174099231169169,6.61605250944577,-0.159762968723021,0.873563987330726,0.942888827122824,-6.25371500305102
"ENSG00000168259",0.0304615319406238,6.8796024485283,0.330844227992397,0.741827953071778,0.869322152793084,-6.25382205087973
"ENSG00000079263",0.0354492353653795,6.61689545004174,0.24253688204234,0.809129031648095,0.909644028976232,-6.25387441149475
"ENSG00000113300",0.0165522722189095,6.58438723059527,0.162797433120825,0.871183779397689,0.941335476988607,-6.25464846920332
"ENSG00000198373",-0.0426755394435654,6.97960932223334,-0.370437906774201,0.712262524475835,0.855324174066797,-6.25472309458502
"ENSG00000125753",0.0630388617531938,8.60600563212056,0.635794536863584,0.5271460734443,0.731319533517837,-6.25517073166974
"ENSG00000172081",-0.0596784187548884,8.45241614467785,-0.62980923131122,0.531030532274143,0.734464163449996,-6.25578848183549
"ENSG00000136003",0.0463469856306267,7.23297853458608,0.411204221812394,0.682277511961214,0.835603105860155,-6.25658213997093
"ENSG00000107854",0.00830668057637585,6.54522054586645,0.0715836739365966,0.943153374913718,0.973495675713046,-6.25680057522992
"ENSG00000175467",-0.053295265606609,7.62718765941447,-0.535996636527485,0.593793222242646,0.7768937259313,-6.25741470109503
"ENSG00000171206",0.0291259773619563,6.8348624022839,0.292767390009698,0.770633970977636,0.88654168407343,-6.25743547352716
"ENSG00000130227",0.0763728602420404,7.85529901465272,0.538602958239291,0.592003515499624,0.776105982446587,-6.25743630316934
"ENSG00000126882",0.000360182280526367,6.46857125900684,0.00326689413088274,0.997403421496183,0.998136267507569,-6.25816142918641
"ENSG00000132792",-0.00410865040153041,6.48809056276011,-0.0331896231253584,0.973625238139944,0.987032061292597,-6.25872784570785
"ENSG00000167208",-0.0195440571884857,6.56329547010343,-0.143832452151198,0.886078463325201,0.948772694220852,-6.25877911526208
"ENSG00000144036",0.00491618717462217,6.68078322692753,0.0247773818543006,0.98030856004462,0.98961105193269,-6.25896713275134
"ENSG00000109572",-0.0840278626577069,7.171577304999,-0.367975696534741,0.71408880510537,0.856214207866397,-6.25989011976947
"ENSG00000165025",-0.0617832807362397,8.20859794773696,-0.597802043171585,0.552052390849199,0.745990126402338,-6.26117636280641
"ENSG00000099341",-0.0222246700484785,6.58775353678113,-0.169409517682803,0.866001478719267,0.939133511274525,-6.26196092699545
"ENSG00000107929",-0.03155864800571,6.91657960421198,-0.330464746496163,0.742113298569702,0.869469516259728,-6.26233111634364
"ENSG00000132549",-0.0143268072274285,6.67869377097768,-0.117117358408344,0.907128743953065,0.956049256061734,-6.26258924077405
"ENSG00000140259",-0.00158530060111595,6.53564573288847,-0.0129854326576593,0.989679251091117,0.994079698063172,-6.26302578233888
"ENSG00000131467",0.0276688602508406,6.82958752247151,0.278368361758161,0.781614598871898,0.893836342286755,-6.26305968260393
"ENSG00000160796",0.0475341904077009,7.39314126144466,0.450215362006493,0.654055511016852,0.816231978270322,-6.26323578243286
"ENSG00000166128",0.0428384452085169,7.62910997932031,0.504582281763099,0.615561233719061,0.790140167300285,-6.26333702392264
"ENSG00000185728",-0.0125474180772445,6.61558031591781,-0.118939520831261,0.905690664403271,0.95580013550766,-6.26372688157291
"ENSG00000252316",-0.184108611491787,10.4069167301262,-0.62495603056072,0.5341911300444,0.735846593295042,-6.26373067725028
"ENSG00000197323",0.0109374932580195,6.64410642099722,0.11375934114247,0.909779757268057,0.956741884460711,-6.26408409709493
"ENSG00000175115",-0.0652504906965543,8.04673881494238,-0.567863416870187,0.572087125943464,0.763427947821561,-6.26420288804357
"ENSG00000119402",0.00995648192670462,6.62662293108001,0.103419959965473,0.917948590549364,0.960250368915694,-6.26447409221181
"ENSG00000138071",-0.0440450764591045,9.16874914763433,-0.64168757651921,0.523336040431408,0.726959395275449,-6.26559304444809
"ENSG00000119684",-0.0897396236215648,7.13874257001323,-0.33789446958651,0.736533271802182,0.865925739454263,-6.26574554262803
"ENSG00000183431",-0.0192364865127752,6.60393052672219,-0.163108486400972,0.870939858920469,0.941335476988607,-6.26626730262088
"ENSG00000119535",-0.0326192476556582,6.66900003629704,-0.139038706379861,0.889850116030202,0.950755723108951,-6.26634663568714
"ENSG00000100994",0.00096167403676084,6.74584669078847,0.00475781711090422,0.996218420271243,0.997731657986924,-6.26694709271537
"ENSG00000118900",0.0361239334484766,7.00444917591682,0.298064102196631,0.766606397462245,0.884470913463429,-6.26708703976126
"ENSG00000132294",-0.0273930418269668,6.7066069126413,-0.202009312177957,0.840541332930253,0.924999577057898,-6.26756254251615
"ENSG00000166946",-0.0429333562177971,7.07971984136475,-0.350490860302605,0.727105413302805,0.862310282833286,-6.26761456943191
"ENSG00000132341",-0.0332692400021761,6.85477107214407,-0.296613909498607,0.767708475178779,0.885407684596547,-6.26788220854482
"ENSG00000134371",-0.00431801162271217,6.66806999136442,-0.0458570944028927,0.963564965777805,0.982500829788037,-6.26881077770219
"ENSG00000104903",0.0399442228662013,7.07999630228947,0.334740805543751,0.738900086593121,0.86663674311288,-6.26902607224739
"ENSG00000172939",0.00566170646109398,6.58561528128414,0.0502431859248109,0.960082912201197,0.980418314090369,-6.26953261518962
"ENSG00000163714",-0.020828664308894,6.66423760041218,-0.186235952847063,0.852840633825478,0.931930238781995,-6.26965604993332
"ENSG00000160410",0.0476250536058407,7.34966188369882,0.429499873865798,0.66898206963221,0.827267593268939,-6.26975923528341
"ENSG00000166598",0.0501821443456718,7.1258390413819,0.366284750296725,0.715343992805143,0.856707662351965,-6.27027123469275
"ENSG00000092439",0.0211618905892097,6.81469803796806,0.161208332926602,0.872430108565009,0.942081086471419,-6.2713527644791
"ENSG00000184432",0.0329183801798507,7.03120842214727,0.339279092366056,0.735494922760116,0.865925739454263,-6.272051916189
"ENSG00000176390",-0.0413244577802283,7.25460531934614,-0.401217914915303,0.689577694918149,0.839700331228,-6.27207617909998
"ENSG00000168067",0.00342341835811055,6.79679246788998,0.0189979167302476,0.984901053900695,0.991452502152806,-6.27226569290473
"ENSG00000121741",0.0132611882438658,6.79623048312597,0.106858029963039,0.915231247234847,0.9593249790344,-6.27240307655883
"ENSG00000128266",0.0913425263781606,7.20821093242449,0.337445911893136,0.736869757542479,0.865925739454263,-6.2725687284404
"ENSG00000077254",0.0295168458594608,6.99010705148731,0.252426347321621,0.801509292517732,0.904048615303498,-6.27257047842633
"ENSG00000156860",0.0561789093925809,7.73492606570967,0.491801263144086,0.624519201705126,0.795692378599047,-6.27382414547204
"ENSG00000104979",-0.0214774026209685,6.68367174391262,-0.179863869720916,0.85781985798114,0.933933370559802,-6.27392080994204
"ENSG00000105058",0.0272371642011153,7.11918042935856,0.344330003638055,0.731711373622447,0.864345959127297,-6.27469530950078
"ENSG00000117676",-0.0379160462782933,7.05839978909579,-0.358689732499299,0.720991440499251,0.860074746625776,-6.27478587627811
"ENSG00000022277",-0.00435708784111455,6.65848748381939,-0.0354178582344929,0.971855256991986,0.985961030421274,-6.27488612745426
"ENSG00000144468",0.0641987825060264,7.27632148476153,0.361225495683504,0.71910416600562,0.858199232507912,-6.27526236094619
"ENSG00000185963",-0.0531890157658346,7.20136477373346,-0.336111315869972,0.737871210402028,0.866362576351347,-6.2757526801744
"ENSG00000184602",0.11954426025604,8.26765165798897,0.560337869414506,0.577178242238809,0.766386429398156,-6.27615883205597
"ENSG00000101577",-0.0602577302338352,7.24794359000253,-0.408293990180269,0.684401846279291,0.836764196258882,-6.27651335746479
"ENSG00000198399",-0.0390639368364063,7.89571901711709,-0.53136634449435,0.596978979853113,0.778707696736878,-6.27684726756571
"ENSG00000128908",-0.0057935287976818,6.72039360257437,-0.0558545933147804,0.955629243485213,0.978677484674324,-6.27688499641514
"ENSG00000144224",0.0317918559032506,7.10333728787418,0.31468923911419,0.754007114322291,0.87868037621986,-6.27746778258052
"ENSG00000160213",0.00690927528034813,6.63621748264244,0.059303519323828,0.952892589764086,0.977351797922522,-6.27847914741608
"ENSG00000122068",0.0245723208278115,7.06599357775939,0.313951147708268,0.754565082954171,0.878766689169372,-6.27939944069672
"ENSG00000067082",-0.0469487833680216,7.21283292081359,-0.389246211706505,0.69836831340701,0.846185028032098,-6.27955761787981
"ENSG00000089737",0.0435268216402003,7.34097907658151,0.429417031114403,0.669042036700247,0.827267593268939,-6.27973179846898
"ENSG00000112343",-0.035333315341,6.94771941574895,-0.30877199822919,0.758483992147392,0.881115562373244,-6.28034457632959
"ENSG00000166164",-0.0221345382466875,6.75095195464145,-0.189482685155323,0.850305889602832,0.930400981433266,-6.28079119962526
"ENSG00000213654",0.0560888725136426,8.73058094650155,0.592453713148527,0.555605460560081,0.748501124908834,-6.28388408068655
"ENSG00000118007",-0.00631207507021525,6.80831545538529,-0.0625041794408643,0.950353437734326,0.976154888532543,-6.28433107763752
"ENSG00000134318",0.0656109011175436,7.83079807959893,0.480209239521238,0.632693272723133,0.800304840909131,-6.28517873153734
"ENSG00000154217",0.00204692759610925,6.79837923736964,0.0140204667619505,0.988856664512832,0.994079698063172,-6.28541576208752
"ENSG00000134686",-0.0107818251245586,6.75217129299558,-0.0687293699777948,0.945416361813112,0.973908960088966,-6.28583267998818
"ENSG00000068796",0.143185004813279,10.3633622116702,0.592934816464265,0.555285380852254,0.748394977357464,-6.28634415563364
"ENSG00000187605",-0.0252004820949461,6.83646550464721,-0.189816165407025,0.850045628634687,0.930400981433266,-6.28652755914127
"ENSG00000100605",0.0137911235048778,6.72454492764084,0.106831651462324,0.915252092162891,0.9593249790344,-6.28659951078804
"ENSG00000115760",-0.0534162810030683,8.15506042811763,-0.534910861302465,0.594539548256453,0.777123670561698,-6.28683906853777
"ENSG00000106261",-0.004785117505409,6.72250530576934,-0.0431884427479002,0.96568392142721,0.983005606116487,-6.28688651105886
"ENSG00000132670",-0.0883526599668354,7.88005529287796,-0.483919050058834,0.630072250177551,0.798866645654358,-6.28752849107525
"ENSG00000131508",0.00366427198874941,6.77511460604667,0.0323009447514125,0.974331190437088,0.98719663855333,-6.28760927288085
"ENSG00000205581",0.0461328743403246,7.61270747989552,0.44553700940814,0.657414423051427,0.818089030786701,-6.28797492999939
"ENSG00000104133",-0.02871630740096,7.17642046818193,-0.320960650504209,0.749271497709693,0.875408775364016,-6.28887958352785
"ENSG00000118308",-0.0205146824902949,6.93828109839101,-0.158452087836383,0.874592594722732,0.942960707708182,-6.28926093995026
"ENSG00000150995",0.00640679198111016,6.85788708667422,0.0544212491778801,0.956766732712711,0.978866696679597,-6.28931979427889
"ENSG00000100292",-0.0174087919761172,6.69763870223071,-0.0990469582200548,0.921406288097756,0.961791077644992,-6.28968344001719
"ENSG00000113742",-0.0507852270626694,7.48856696455561,-0.401927618232534,0.689057900948583,0.839467508315238,-6.29072024269567
"ENSG00000177311",0.0153514785485447,6.80845562772101,0.11209727464364,0.911092271126418,0.957109047610073,-6.29121726336689
"ENSG00000142327",-0.0153167840537503,6.83923184474087,-0.133174644271701,0.894467341308895,0.952699525992348,-6.29124031598998
"ENSG00000036257",0.0114778796578765,6.83836868325481,0.126985573227896,0.899344439690237,0.953711511072865,-6.29349663458774
"ENSG00000153046",-0.00508756581341085,6.87899783248427,-0.0388048667538676,0.969165087841996,0.985076753463282,-6.29350984130095
"ENSG00000174485",0.0630579408312393,8.05763570526149,0.499138098853389,0.619369898625918,0.791909694370805,-6.29368768435241
"ENSG00000145216",0.0431893833606747,7.16053046538492,0.260645457218068,0.79519117986179,0.901040255384158,-6.29375844671447
"ENSG00000132356",-0.0178607951673673,6.9877526924318,-0.149312986223516,0.881769693150882,0.94707006233448,-6.29479468968026
"ENSG00000213445",-0.0444477169943687,7.31831669074263,-0.389100701856087,0.698475416861297,0.846185028032098,-6.29532557563824
"ENSG00000248527",0.210014946444254,10.6845814915096,0.560125932181093,0.577321935802135,0.766386429398156,-6.29642506496282
"ENSG00000103363",-0.0154983668494166,6.87269338149357,-0.127914399223656,0.898612255418354,0.953711511072865,-6.29730352434419
"ENSG00000168172",0.0816526823952479,8.58997626207373,0.548201339255263,0.5854344565712,0.772188646796044,-6.29821399548002
"ENSG00000168092",0.0149009921688465,6.93397573103817,0.134119614918927,0.893723041898057,0.952418156182023,-6.29857566386864
"ENSG00000119778",0.0221830913381913,7.07117014477088,0.161034720002045,0.872566292645885,0.942081086471419,-6.29993328448835
"ENSG00000172466",-0.0109596950583297,6.91987362215537,-0.120602694639544,0.904378337241732,0.955410739052348,-6.30076188732549
"ENSG00000109756",0.00302818983770337,6.88059011313105,0.0269320439720217,0.978596579280533,0.988610365668645,-6.30077030393785
"ENSG00000107372",-0.0385183872257429,7.36173501167973,-0.367555111284542,0.714400931319398,0.856338014043582,-6.30131358813365
"ENSG00000112335",0.0642797869509977,9.28663904617206,0.58002215201435,0.563908039488587,0.756328322963681,-6.30270248493568
"ENSG00000082701",0.0250598986740922,7.1283605359577,0.229848872452235,0.818932110883478,0.915188131301167,-6.30292033610293
"ENSG00000225733",-0.0284627957326915,7.25042495311082,-0.276213740841032,0.783261601227804,0.894218190169546,-6.30328851320898
"ENSG00000142864",-0.0383097907300787,8.27283082964229,-0.528198581463037,0.599163054522327,0.780172160859857,-6.30333339027358
"ENSG00000092199",0.037796354163623,8.36244542585186,0.530492289086913,0.597581243724516,0.778857085122288,-6.30354526101119
"ENSG00000110330",0.00196454284162062,6.88880338606216,0.0129587056665866,0.989700492344832,0.994079698063172,-6.30387101642392
"ENSG00000075785",0.0440779669947258,8.8203647852935,0.560310694678031,0.577196665761785,0.766386429398156,-6.30454170937671
"ENSG00000247556",0.00564297528168911,6.84412999404579,0.055315671070146,0.956056916691765,0.978677484674324,-6.30555716613759
"ENSG00000114209",0.0306575697796809,7.19663627379553,0.221361709771044,0.825505816480405,0.91913131830711,-6.30578350365152
"ENSG00000189067",0.0655887570716214,8.01333256497438,0.493125260422219,0.623588565585328,0.795250586448705,-6.30610507686176
"ENSG00000034713",-0.0845828288500154,8.35503085425545,-0.513949678588308,0.609032731045078,0.785327886090789,-6.30624096165825
"ENSG00000188612",-0.02996191036413,7.36116046813416,-0.337359045407025,0.736934926442457,0.865925739454263,-6.30689982207605
"ENSG00000137460",-0.19636698518854,7.85719987055308,-0.473274412926013,0.637605465166485,0.803905247448972,-6.30758192858889
"ENSG00000087074",-0.0576844899242612,7.45709758867504,-0.338983685926433,0.735716410985735,0.865925739454263,-6.30815827898282
"ENSG00000163131",0.0604531323457671,8.16301519031461,0.508113435538692,0.613096538689522,0.7883518428793,-6.30823509659659
"ENSG00000168439",-0.0142521980255284,6.87196211462896,-0.112841851884225,0.910504256548038,0.956741884460711,-6.30831853524105
"ENSG00000115419",0.0403858233193288,7.63844864901195,0.399077582142896,0.691146203591032,0.840858534426963,-6.30843443699569
"ENSG00000084090",0.00516188937477136,6.82292362371013,0.0517250146513116,0.958906682837707,0.980319686263807,-6.30844637703127
"ENSG00000231389",0.0803785498406215,7.81072415316399,0.471202072972695,0.639076559309104,0.804705243162839,-6.30850262799305
"ENSG00000243317",0.0504013166851491,7.34262669296752,0.277755238891149,0.78208317123215,0.893883819999055,-6.30909012891991
"ENSG00000114098",-0.0336423748779433,7.2309895436059,-0.224011970096541,0.823451697286237,0.918731281346595,-6.30910857426441
"ENSG00000105063",0.0578644773074277,8.63825542508643,0.537896642287099,0.59248827759384,0.776105982446587,-6.30934580968659
"ENSG00000135046",0.0782175468582604,8.16125366508995,0.506984513363828,0.613884025436157,0.788783059098157,-6.30941031910425
"ENSG00000100485",-0.00202147580411349,6.98182406329635,-0.01809896840323,0.985615428551596,0.991659598847406,-6.31017816226991
"ENSG00000142784",0.00244182322687436,7.01744120158331,0.0222560854368936,0.982311966324717,0.990276681441884,-6.31075259649652
"ENSG00000120438",0.012811150535045,6.92376435884427,0.108598336903612,0.913856147163442,0.958894442522094,-6.31185515164351
"ENSG00000131374",0.0120830938584282,7.0104194091933,0.116778335398178,0.907396340824812,0.956049256061734,-6.31246592763252
"ENSG00000159592",-0.0194709589659858,7.11957830414437,-0.217314075980213,0.828645344109269,0.919441921528981,-6.31384736956268
"ENSG00000144674",-0.0411340622314178,7.58498958316507,-0.375803071199127,0.70828890905531,0.852952691541407,-6.31385687575972
"ENSG00000124172",-0.0501757734057389,9.21584666641798,-0.56096917995999,0.576750315531685,0.766386429398156,-6.31403348972066
"ENSG00000126561",-0.0112785096092693,6.939549079881,-0.105758595086324,0.916100097608266,0.959443056814277,-6.31456527875351
"ENSG00000106785",-0.0243463861802482,6.97704325055956,-0.179552374838781,0.858063414096363,0.933997224581925,-6.31465547313696
"ENSG00000196588",-0.00816642502670017,6.97949045623264,-0.0895545521325024,0.928917002018221,0.965129790551905,-6.3150608147636
"ENSG00000099331",-0.0520252378548438,8.83011764738342,-0.545147515577047,0.587520710928946,0.773282333610942,-6.31594868772369
"ENSG00000132334",0.0171850486379919,6.97128671916025,0.133622474982854,0.894114598739157,0.952510037921573,-6.31654297946287
"ENSG00000104408",-0.0538826090737814,8.16722564887943,-0.492522780051883,0.624011972211374,0.795604311866971,-6.31724465868602
"ENSG00000142347",0.0538838333267329,9.24983683803775,0.555210105496586,0.580659696986591,0.769280960880019,-6.3176513952171
"ENSG00000112701",-0.0380196998745443,7.63615139926552,-0.369965017521602,0.712613147226357,0.855324174066797,-6.31773349253532
"ENSG00000113387",0.0314801577700408,7.26452515935151,0.279039421283275,0.781101842027373,0.893469389677062,-6.31814311149676
"ENSG00000060138",0.093959914911812,9.29988782767883,0.552557624024069,0.582464518797715,0.770584433805234,-6.31904977272015
"ENSG00000116580",0.0382739735517852,7.63017747314075,0.372040905442717,0.711074447865472,0.854607013450495,-6.3191650661944
"ENSG00000083168",0.0479286120866647,8.86751512157915,0.537761704022165,0.592580910251437,0.776105982446587,-6.31944998144975
"ENSG00000076108",-0.0396171131054981,8.22854791621366,-0.488604832016943,0.62676849431016,0.796694996967278,-6.32046255166675
"ENSG00000263740",0.0863558932144883,12.1682875915006,0.363058985952645,0.717740657342304,0.857135269881822,-6.32060646769594
"ENSG00000250334",-0.137984484244777,8.158509920817,-0.464338766237588,0.643958979509001,0.80780302103731,-6.32098512327929
"ENSG00000185658",-0.0313396813859619,7.27528186802109,-0.220091692730246,0.826490594269802,0.919252937012755,-6.32132774786384
"ENSG00000138756",0.0413881961910141,7.46035060147776,0.295349404842845,0.768669831265688,0.885726150747773,-6.32230449713764
"ENSG00000038427",-0.0529352260114324,7.15073089078091,-0.220862580629566,0.825892810384919,0.91913131830711,-6.32238568563236
"ENSG00000157107",0.0342990992793357,7.36886400459266,0.243972900856644,0.808021423881304,0.908773888791359,-6.32296057391728
"ENSG00000126777",-0.011567195429385,7.11922699100617,-0.0988380486812382,0.921571509791401,0.961791077644992,-6.32309624462421
"ENSG00000118620",0.0163213315534083,7.16092243686221,0.11867593529309,0.905898670840529,0.95580013550766,-6.32346015731251
"ENSG00000198646",0.00080173503790526,7.08090251923744,0.00851204795669867,0.993234562011966,0.995813482072074,-6.32347489823229
"ENSG00000138593",-0.0012316652311295,7.04875083207039,-0.0131602653234273,0.989540303162128,0.994079698063172,-6.32357873137022
"ENSG00000165525",-0.0269295191166199,7.29955613262614,-0.198758592569996,0.843072936051605,0.926580866574369,-6.32541491666444
"ENSG00000135218",0.0526522377703618,7.41001911854098,0.217314805909663,0.828644777688798,0.919441921528981,-6.3255795794096
"ENSG00000163939",-0.0200697824171039,7.26159712478884,-0.230525944994838,0.818408240267822,0.915162855234463,-6.32617688433226
"ENSG00000100330",0.0188681395374148,7.16704471293291,0.175175056236197,0.861487466722261,0.936055787535476,-6.32668649357475
"ENSG00000069329",-0.00691988900347429,7.03413751960869,-0.078519094043381,0.937656736662845,0.970245846028555,-6.32680381498645
"ENSG00000105287",0.00270875745958854,6.96660168034867,0.0224792542344996,0.982134633007267,0.990276681441884,-6.32710614073787
"ENSG00000119487",0.00646978368916251,7.10455827319668,0.0714753131973433,0.943239278449242,0.973495675713046,-6.32755441582932
"ENSG00000135842",0.0378980868364831,7.30072311687587,0.25830662294051,0.79698768685451,0.90237710353064,-6.3279239330674
"ENSG00000108055",0.0317412926100564,7.68428864964677,0.349698265377807,0.727697409529966,0.862310282833286,-6.32967074379966
"ENSG00000124788",-0.00400991150788244,7.03932402894537,-0.0351811603396836,0.972043269538378,0.985961030421274,-6.33050304558169
"ENSG00000244642",0.111422203050578,9.50724071547763,0.531073464944492,0.597180755684045,0.778707696736878,-6.33112496315545
"ENSG00000087266",-0.00707750019380526,6.99598245553034,-0.0548923090388394,0.956392893719301,0.978677484674324,-6.33119729434766
"ENSG00000079246",-0.0355322088940158,7.88963531647598,-0.422630965573826,0.673961544800077,0.830523070814481,-6.33165965304172
"ENSG00000105698",0.0542480345318399,8.74273879451646,0.501673040881444,0.617595183614209,0.790660303957094,-6.33187742441203
"ENSG00000168488",0.0306250506082595,7.42566599987051,0.280680914579312,0.779847987186191,0.892940696551149,-6.33242241137399
"ENSG00000113282",-0.0240209656618768,7.51922471149896,-0.300258367208276,0.764939778951309,0.883958695002254,-6.33371569863418
"ENSG00000123143",-0.0413560441100795,7.83341816244646,-0.41106575583907,0.682378527527869,0.835603105860155,-6.3339429930651
"ENSG00000124151",-0.0411493458293357,8.1411419264152,-0.434174434210065,0.665601823708229,0.825073659968698,-6.33402131803992
"ENSG00000100815",0.00891032013892179,7.2164461451215,0.0687058961873594,0.945434974507588,0.973908960088966,-6.33425254363225
"ENSG00000126247",0.03880507543,8.32163438347111,0.454098985864933,0.651272621174712,0.813605420811701,-6.33512847633291
"ENSG00000081237",-0.0539280576305137,7.92341828431155,-0.418908197682737,0.676666427446536,0.832632677805886,-6.33513972713991
"ENSG00000112081",0.0274783204259865,7.39707999995753,0.256498266934494,0.79837747791246,0.902901775815992,-6.33553746475441
"ENSG00000170275",0.0327450850545308,7.42240249410893,0.254883439739719,0.799619087588078,0.903265642167207,-6.33598497185348
"ENSG00000139318",0.0205580662598894,7.13130685113344,0.156057821577194,0.876471859444614,0.944386870330271,-6.33658923583136
"ENSG00000197969",-0.0393321522152643,7.47214954694696,-0.223074691904981,0.824178006441277,0.918774223757901,-6.33707751952123
"ENSG00000157540",0.0328964655827813,7.89292002542523,0.380265027377592,0.704990411270037,0.850107959406631,-6.33782378642597
"ENSG00000152601",0.0878299246606353,10.6941560476606,0.474376655412977,0.636823609325952,0.803291276593606,-6.33903081300562
"ENSG00000142208",0.00220421382449665,7.12014774508714,0.0194660214831355,0.98452906611959,0.9912611998188,-6.33989204232424
"ENSG00000164919",0.0253864876879843,7.33799970946087,0.232146818443458,0.817154461009935,0.914337484528671,-6.34027157478181
"ENSG00000171862",0.0392985447686058,8.49622603381627,0.469042741860464,0.640610953131269,0.805744986934767,-6.34099557280266
"ENSG00000070190",0.0784274803306282,8.52058106844892,0.457771493677035,0.648645576080879,0.810881390199318,-6.34100942157823
"ENSG00000180448",0.055895842960032,8.79227204552684,0.48665924308076,0.628139325796147,0.797693017934129,-6.34234450615329
"ENSG00000160633",0.0341937940103438,7.71971976213695,0.35425380334193,0.724297116872488,0.861322638967274,-6.34277269391477
"ENSG00000172531",0.0328137014423486,7.44385029553347,0.279002936080479,0.781129717883966,0.893469389677062,-6.34283203133559
"ENSG00000150977",-0.00686041874983445,7.26526182660579,-0.0603678925789309,0.952048144116977,0.976940765145199,-6.34318738573251
"ENSG00000169180",-0.0279459553507984,7.45288510577857,-0.25764210924876,0.79749831486828,0.902528213419691,-6.34408855496256
"ENSG00000114062",-0.0140199301362287,7.31915751857804,-0.128993100729613,0.897762036645031,0.953412782776244,-6.34462254196435
"ENSG00000088247",-0.0223867377998754,7.29468820157328,-0.208304253413114,0.835643761589835,0.922323179323626,-6.34493018051264
"ENSG00000129355",-0.0458535347992601,7.66718318331573,-0.263440188016131,0.793045946441348,0.900294710608973,-6.34532294986381
"ENSG00000153339",-0.0052192576307295,7.26895861662541,-0.0456026126565935,0.96376701757799,0.982522962530855,-6.34548243980367
"ENSG00000197111",-0.0403525647903766,8.31376002248201,-0.433694183573459,0.665948781470652,0.82531596029393,-6.34570792409284
"ENSG00000159842",-0.0257343572932909,7.42592418009718,-0.263879932200917,0.792708544523252,0.900294710608973,-6.34574739453971
"ENSG00000143797",-0.0111991359212604,7.33106386588491,-0.0587740523056159,0.953312675139553,0.977351797922522,-6.34612203753727
"ENSG00000033327",-0.0230102951209767,7.37095427995297,-0.195808598487989,0.845371777251089,0.928171189533239,-6.34632774667936
"ENSG00000099942",0.00236903734069482,7.29496946815051,0.0224126360675089,0.982187568720795,0.990276681441884,-6.34633004809344
"ENSG00000132383",0.00514747956782102,7.28442391389239,0.032637255882829,0.974064027647324,0.987109528017601,-6.34641404832288
"ENSG00000198858",0.055748209776862,8.35882808229851,0.4288204002227,0.669473981416162,0.827426100443568,-6.34653140005196
"ENSG00000182944",-0.03308134835933,8.08970401873909,-0.413067118714244,0.680919033260027,0.835003474278167,-6.34663352455641
"ENSG00000144283",-0.0203340809932229,7.34711995054209,-0.128076584074971,0.89848441575495,0.953711511072865,-6.34682163945152
"ENSG00000126261",-0.00716304674402313,7.28785186596707,-0.0741316446845087,0.941133655137164,0.972367941055806,-6.34683542085418
"ENSG00000146463",0.0144711708569663,7.34610708020039,0.12560316584807,0.900434339803626,0.953780604713911,-6.34807714355868
"ENSG00000100614",0.0661490324184122,8.58084752964267,0.450423557770883,0.653906198744657,0.816231978270322,-6.34813143571751
"ENSG00000100664",0.0281963873126649,7.68333039133594,0.291187735610591,0.771836358105425,0.886907756597817,-6.34939345899635
"ENSG00000177731",0.0413629240912758,8.21771727736742,0.412998239648642,0.680969243064959,0.835003474278167,-6.34947436480196
"ENSG00000128016",0.0302082547389544,7.40941722447233,0.21130152076152,0.833314113651172,0.920684504394967,-6.34984936584373
"ENSG00000060339",-0.0198735284138563,7.47455272591288,-0.187161958002941,0.852117536067447,0.931634825706492,-6.35070771602302
"ENSG00000082805",0.0223770351536912,7.46306101890069,0.196073226793976,0.845165505088583,0.928171189533239,-6.35135875083231
"ENSG00000173020",-0.0377312271483703,8.61002265822882,-0.458614448278912,0.648043216860316,0.810500331830808,-6.35285885761262
"ENSG00000090621",-0.0162731738461401,7.24376519388388,-0.131077514796487,0.896119469145852,0.953340923238938,-6.35358468247253
"ENSG00000123908",0.0279415246644188,7.66100512035738,0.256350166042722,0.798491328172072,0.902901775815992,-6.35450612038128
"ENSG00000124782",0.00731823275406196,7.30275910820639,0.0776850950871956,0.938317563610245,0.970562765625331,-6.35514704689434
"ENSG00000151466",0.059840832416679,8.52640102907568,0.423971873132173,0.672988323575169,0.8298869141778,-6.35559207243907
"ENSG00000123338",0.0402463507626472,7.98162317545497,0.380009004554269,0.705179523279236,0.850147829790944,-6.35627263247833
"ENSG00000127824",-0.0565633547667836,7.89242322868049,-0.309839520134877,0.757675706437227,0.880507092293091,-6.35667483097955
"ENSG00000109332",0.0293142197777421,8.54200955351537,0.438266467400308,0.662648505700807,0.822577110698643,-6.35675319580817
"ENSG00000175582",0.0568551850016963,8.8368765664794,0.449701810131768,0.654423876851095,0.816231978270322,-6.35689882172011
"ENSG00000197321",-0.0053029776543454,7.37907923439246,-0.0424191627904455,0.966294789762342,0.98307637994869,-6.35714383931245
"ENSG00000165732",-0.0189479851640009,7.53759229358857,-0.235006608869631,0.814943522731733,0.912790360164984,-6.35836768062631
"ENSG00000134996",-0.0161632355603043,7.5360690611165,-0.193717494831416,0.847002128652635,0.929121986989881,-6.35885333166738
"ENSG00000197386",-0.0169039898335699,7.51094063938752,-0.155883468211741,0.876608737749666,0.944386870330271,-6.35887458311978
"ENSG00000172795",-0.0049642734165154,7.40501896267725,-0.0480210595893439,0.961846932523756,0.981300016552326,-6.36000378062255
"ENSG00000053254",-0.0291062615675912,8.00326614021309,-0.364002112211354,0.71703964206872,0.856839671872761,-6.36005265549305
"ENSG00000143933",-0.0295870474002058,8.59129299887485,-0.430774448481669,0.668059720659915,0.826898292663862,-6.36104850755075
"ENSG00000110422",-0.0390931151370477,9.02335416068226,-0.456083032615741,0.649852825391355,0.812017934112867,-6.36118041929476
"ENSG00000166501",0.0777215013487282,10.024685661348,0.460550734711314,0.646660476507519,0.809328342755103,-6.36161183631485
"ENSG00000103187",0.033878668641762,11.0587831861669,0.378877431797392,0.706015585946939,0.85077923296592,-6.36255662508397
"ENSG00000075292",-0.00322297208141098,7.38544888909551,-0.0369403341264836,0.970645971182779,0.985295183716002,-6.36354663784469
"ENSG00000115091",-0.0320155007177352,9.36662212094066,-0.463618569897263,0.64447223039849,0.80798170491457,-6.3641201805894
"ENSG00000106244",0.0219769926880238,7.69956298047245,0.237993561766998,0.812635882901885,0.912080817892351,-6.36445740243516
"ENSG00000189060",0.0145309988378255,7.56597930536358,0.0835954913253562,0.933635369896253,0.967628046927579,-6.36561803010577
"ENSG00000179262",-0.00968211285135379,7.3054955281983,-0.0710847884131114,0.943548874585261,0.973499658584813,-6.36587280708449
"ENSG00000150753",0.0182028751234062,7.48249586738257,0.185949592089485,0.853064272508971,0.931930238781995,-6.36631471775423
"ENSG00000136732",0.0502100492199364,7.61896387130479,0.247202400178112,0.805531937769768,0.906722726646632,-6.366492145981
"ENSG00000139436",-0.0149539374365766,7.5163569555352,-0.183990844933427,0.854594315141059,0.932254115674849,-6.36651004464931
"ENSG00000170043",0.0665080092138499,8.32064887432409,0.365545094161529,0.715893286735732,0.856707662351965,-6.36666411602575
"ENSG00000188554",-0.0295579748278687,8.09928457128491,-0.349492819302547,0.727850886194682,0.862310282833286,-6.36747712271648
"ENSG00000119335",-0.0341455013244616,9.08707272677384,-0.448655523699201,0.655174634468397,0.816607505967474,-6.36886119373639
"ENSG00000101336",0.040725549903561,8.10257490945383,0.357838319418729,0.721625506485496,0.860297492045644,-6.3690686264068
"ENSG00000091039",-0.026812427360225,7.92348422066056,-0.302865282374877,0.762961185991456,0.883445811111893,-6.36911806014047
"ENSG00000079950",0.00734364474152382,7.5312860829862,0.0602436453631302,0.952146715757064,0.976940765145199,-6.36951667697333
"ENSG00000140575",0.0487267630697428,9.13614521793808,0.447707766250812,0.65585500113054,0.816817782799812,-6.37054487674913
"ENSG00000078140",0.0139468936956266,7.57422813385448,0.105060493710011,0.916651839473915,0.959815341428769,-6.37073151376422
"ENSG00000277075",0.0328008025192679,7.69707393961009,0.200750449678506,0.841521514191095,0.925562486861528,-6.37150702503488
"ENSG00000158985",0.041338970979087,8.35836366283612,0.364916070446982,0.716360539689154,0.856707662351965,-6.37207601749758
"ENSG00000205531",-0.0322782442852283,8.2592133888881,-0.347747808543607,0.729154930723124,0.862635409897845,-6.37338463499169
"ENSG00000095787",0.0294266624727282,8.46710625105331,0.387047595957293,0.699987272517616,0.846886666816782,-6.37428042422024
"ENSG00000127022",-0.0296766540236693,8.03147173215718,-0.295765667632729,0.768353321797731,0.88554874067147,-6.375403369475
"ENSG00000157601",0.0031300160012151,7.43700729498898,0.0145017992327521,0.988474132757479,0.994079698063172,-6.37552927593189
"ENSG00000142634",0.0462218967926464,9.11769430433282,0.434561504407068,0.665322237587726,0.824955177742219,-6.37568936497656
"ENSG00000130402",0.0348658367751913,8.45373547973224,0.38107874295715,0.704389481773565,0.849714325002647,-6.37687601592362
"ENSG00000198589",0.0686251621214424,8.45281126663617,0.356063422047095,0.722947940537157,0.860537180532152,-6.37713258012525
"ENSG00000170315",0.0555602967471351,10.0940618582074,0.418592322763309,0.676896132526114,0.832632677805886,-6.37715108989424
"ENSG00000177565",0.0207083311075245,7.80413496787612,0.218946306339051,0.827378972415525,0.919391987540852,-6.37739110612606
"ENSG00000005810",0.0349697951646171,8.37570388938806,0.368779554796467,0.713492379179634,0.856002308251628,-6.37781894073108
"ENSG00000100280",-0.00764336197132298,7.5890224117368,-0.0819576883990657,0.93493260306252,0.968164383479302,-6.37785011403245
"ENSG00000164924",0.0502113459502738,11.0040661042475,0.351869095107602,0.726076394457666,0.862310282833286,-6.37825347866591
"ENSG00000163735",0.0982364589571691,7.94409032763051,0.236488791719276,0.813798221233594,0.912633328382178,-6.38010400266993
"ENSG00000095139",-0.0165670428133424,7.76023442473281,-0.223379502746353,0.823941787587422,0.918774223757901,-6.38058180616438
"ENSG00000196233",0.0468286572572829,8.63855745488152,0.374121063218397,0.709533790935243,0.853144601749549,-6.38100079349559
"ENSG00000204482",0.0265942382997313,7.70543969239683,0.202912955162521,0.839837890152723,0.924891211957153,-6.38124334668085
"ENSG00000151702",0.0354353234821954,8.84101940525653,0.395573001675701,0.693717408102287,0.842636140849438,-6.38193076128872
"ENSG00000126581",0.0107372765913585,7.66544051786403,0.113244992544736,0.910185905402059,0.956741884460711,-6.38283971184037
"ENSG00000143420",-0.00120232343109716,7.52654773935267,-0.0126798811429787,0.989922088343449,0.99411899304979,-6.3835809872864
"ENSG00000123505",0.0163484617925649,7.75778327294118,0.121077677797721,0.904003600710871,0.955200080813194,-6.38372123254905
"ENSG00000232112",0.00965192386666835,7.57627894980662,0.0702703017580136,0.944194602783067,0.973499658584813,-6.38493157769626
"ENSG00000142875",0.0185887667073636,7.7504029316046,0.122686276754965,0.902734664418137,0.954414603483409,-6.38527596368404
"ENSG00000159216",0.0302968994457888,7.88892346142945,0.182265950065383,0.855942151626457,0.932435827953814,-6.3855965018318
"ENSG00000048740",0.0336912724940497,8.29388923234561,0.30692653709652,0.759881939698095,0.881754378588972,-6.38667798786913
"ENSG00000181467",-0.0136273823120749,7.77426698445,-0.143198642355873,0.886576986563621,0.949119949459345,-6.3878834109816
"ENSG00000111679",-0.0430376639745713,8.9940976690904,-0.401607682494434,0.689292206580927,0.839540340141492,-6.38789567320604
"ENSG00000118680",-0.0267239060022586,8.77971453055839,-0.376209326965828,0.707988351840346,0.852779248469203,-6.38850108889408
"ENSG00000170027",0.00874068213476953,7.69850397187872,0.113858958600528,0.909701098529165,0.956741884460711,-6.38889297175204
"ENSG00000163736",0.018449883320411,12.0386907583054,0.0621949355804519,0.950598745406509,0.976222802068739,-6.3898939728425
"ENSG00000178691",0.00986683870179395,7.77285386078855,0.0749419003916251,0.940491463981866,0.972214633970433,-6.39155419192391
"ENSG00000089159",-0.00581364868165846,7.57384041236725,-0.0462235800468989,0.963273990044516,0.982388000329937,-6.39186928242077
"ENSG00000117523",0.035250442114819,9.57619324240711,0.398092395613763,0.691868638450775,0.841361683544603,-6.39223220246653
"ENSG00000115758",-0.0410724882295881,8.15871677649306,-0.258240195308696,0.797038727419826,0.90237710353064,-6.39252661708504
"ENSG00000081189",-0.0189907483049554,7.85644438312213,-0.171237273660894,0.864569982369207,0.938095451891543,-6.39273901275448
"ENSG00000067900",0.0264602076913185,8.59291470327037,0.346640945135267,0.729982504527336,0.863426374879315,-6.39311480572578
"ENSG00000133816",-0.0110880564334099,7.56101696403399,-0.0446083665300519,0.96455644550005,0.982592280307456,-6.39372137420364
"ENSG00000090238",0.00940259766507712,7.70359089537213,0.0764302154104918,0.939311961137746,0.97140690286227,-6.39377113860513
"ENSG00000038274",0.00829361749216684,7.66325246830135,0.0982083688607892,0.922069529834764,0.961791077644992,-6.39398333940751
"ENSG00000260032",0.0659964777688096,9.86131500083673,0.386565918989797,0.700342143886281,0.847127886299391,-6.39553981678161
"ENSG00000198948",-0.0498118616330023,7.97819209518522,-0.172769716921805,0.863370124800487,0.937540450451077,-6.39585155035536
"ENSG00000109670",0.0256457473677996,8.08158506253842,0.219413452516955,0.827016619762625,0.919319841760209,-6.39804340941714
"ENSG00000065613",-0.010499595415105,7.79190885179232,-0.11887186035393,0.905744057501436,0.95580013550766,-6.39833992607967
"ENSG00000167522",0.0386723180252666,8.86540920449825,0.34965758018945,0.727727802151166,0.862310282833286,-6.39946430376795
"ENSG00000135932",0.0182231569711169,7.99698696066133,0.193429332982309,0.847226849840291,0.929121986989881,-6.39958970762794
"ENSG00000269028",0.079664636122156,7.98814121030392,0.188169297131197,0.851331070777038,0.931292734275544,-6.39984737353052
"ENSG00000031003",-0.0468424712586941,8.66813270260399,-0.323652058632308,0.74724213441074,0.873412389673828,-6.40045210623884
"ENSG00000132466",-0.0177798010706702,8.16373489548861,-0.242677416624054,0.809020619379565,0.909644028976232,-6.40227400485443
"ENSG00000155313",-0.0103625910079561,7.88882835642733,-0.116272417406709,0.907795690855307,0.956049256061734,-6.40256506952229
"ENSG00000132510",-0.0107133494935709,7.77987377318478,-0.0714021281710175,0.943297296638981,0.973495675713046,-6.40272596995064
"ENSG00000173210",0.0654173563554199,9.06212603676999,0.349156602386697,0.728102078146879,0.862310282833286,-6.40343484292445
"ENSG00000150991",0.028039973882299,8.94456738703699,0.348413798381277,0.728657142428562,0.862421054084468,-6.4055802904806
"ENSG00000107290",-0.0278092004836452,8.29956521210751,-0.259586533702901,0.796004423898546,0.901774194510144,-6.40940139490638
"ENSG00000127603",0.0330071635816527,9.13248542636548,0.341615882400736,0.733743651447222,0.865925739454263,-6.40976025210507
"ENSG00000100503",-0.0271494415191569,8.45411723700038,-0.270219210594212,0.787849057978567,0.897199345289973,-6.40995931839668
"ENSG00000048649",0.0200255957162412,8.20719778129468,0.20242306843936,0.840219227292533,0.924937229801924,-6.40999459928977
"ENSG00000034510",0.0343003836207192,10.3711550395022,0.287875093742022,0.774359663496458,0.888636983672121,-6.41114203471325
"ENSG00000245532",0.0586794075102794,8.44340327390514,0.232134545868658,0.817163952307287,0.914337484528671,-6.41188951648746
"ENSG00000135837",0.00277728882555284,7.92908159663141,0.030179094752791,0.976016837278376,0.987985828593941,-6.41238889269789
"ENSG00000177200",-0.0350286445868679,8.32342630537047,-0.211991717143359,0.832777864738754,0.92065215241411,-6.41316235338466
"ENSG00000166888",0.000910604616608524,7.83442744932316,0.00935701959359645,0.992562991376581,0.995486593707587,-6.41325364533685
"ENSG00000070831",0.0150787950768727,8.22463307444955,0.182208095605787,0.855987366700359,0.932435827953814,-6.41440289543346
"ENSG00000123200",-0.0388290736355472,8.65793159104154,-0.29029144572105,0.772518837613531,0.887159069839485,-6.4156825700823
"ENSG00000162368",0.0389198223766503,8.59861337912285,0.256521848333939,0.798359350482815,0.902901775815992,-6.41585852101838
"ENSG00000153827",-0.0230059148479747,9.0396437136819,-0.316478799110201,0.752654821974074,0.877855591974899,-6.41728566816581
"ENSG00000198961",-0.00640592517943617,8.06910888276003,-0.0838997151033186,0.933394427095596,0.967628046927579,-6.42043603956713
"ENSG00000096746",0.0122739630258604,8.19351739092647,0.149425190226654,0.881681515824149,0.94707006233448,-6.42142836310384
"ENSG00000140319",-0.0117421098245956,8.15539094851187,-0.136461156558726,0.891879157272787,0.951907975398029,-6.42173069172681
"ENSG00000109171",0.0128345072265663,8.14887728240034,0.0670447140406505,0.946752225690479,0.974476879947426,-6.42204493312328
"ENSG00000136279",0.0148524654797466,8.2566072932834,0.163233742561585,0.870841639607539,0.941335476988607,-6.42223672512439
"ENSG00000158195",-0.0180454969524249,8.42726847907325,-0.22124179613676,0.82559878614953,0.91913131830711,-6.42311650224083
"ENSG00000123240",0.00800366699012933,8.00011630383049,0.0583394624172029,0.953657493805654,0.977521359596087,-6.42333362149297
"ENSG00000184922",-0.0233745009990116,8.43644907079054,-0.235781521062537,0.814344687597962,0.91270166914849,-6.42388630905674
"ENSG00000102572",0.00286504875468729,8.17845368886888,0.0266110013409069,0.978851656606495,0.988610365668645,-6.42806972561332
"ENSG00000108061",-0.00315544617002139,8.21809144418113,-0.0247289131433642,0.980347071820985,0.98961105193269,-6.4285716906579
"ENSG00000148175",0.0450911384605241,8.74001407647869,0.205048136737722,0.838176274549822,0.923434649898368,-6.43088185522165
"ENSG00000141522",-0.00343057510340472,8.13353621762598,-0.0450294150405484,0.964222130080247,0.982592280307456,-6.43249489974008
"ENSG00000162722",-0.0590199861611946,9.71428993074795,-0.274995124430625,0.784193558062068,0.894719686769035,-6.4329043732465
"ENSG00000153113",0.023398160246165,8.73235613608862,0.234018369293862,0.815707373073224,0.913449269411865,-6.433894059606
"ENSG00000196230",0.0184360635585694,8.79147562380482,0.213872109035868,0.831317296604773,0.919802505633456,-6.43662732714897
"ENSG00000078369",0.0200469789828936,9.66203242444486,0.258031410886174,0.797199155523673,0.90237710353064,-6.43750251043095
"ENSG00000184863",-0.0218457382082278,8.58716955132286,-0.145404110384907,0.884842474626719,0.948194689568522,-6.43800387196981
"ENSG00000167548",-0.0155032178405179,8.43086373395624,-0.156416938340418,0.876189942223936,0.944386870330271,-6.43811719158192
"ENSG00000103994",-0.000429589515359652,8.20949102591784,-0.00477188704782036,0.99620723737423,0.997731657986924,-6.43837902334881
"ENSG00000114331",-0.00659897552160871,8.39769100838705,-0.0837964264826838,0.933476230158656,0.967628046927579,-6.43917026829012
"ENSG00000165119",0.0167621773720636,9.93633396650365,0.221707507332596,0.825237731844527,0.91913131830711,-6.44287160046906
"ENSG00000196498",-0.0114338814698147,8.57504157677369,-0.140973009004101,0.888327921488472,0.949688091889559,-6.44409535157549
"ENSG00000060237",0.0253231009418933,10.099871945926,0.189888035231476,0.849989540815203,0.930400981433266,-6.4447254098731
"ENSG00000065978",-0.0117394569151177,10.465646193042,-0.111697894176597,0.911407694197018,0.957109047610073,-6.44528234407333
"ENSG00000107099",-0.00507899799469236,8.38139821116945,-0.0534255046901623,0.957556999906652,0.97949127590902,-6.44605742897365
"ENSG00000120690",0.000762888853170551,8.5203342920415,0.0084869746022547,0.993254490010949,0.995813482072074,-6.44714751066036
"ENSG00000139218",-0.00381027696568204,8.45739442975439,-0.0579008040122081,0.954005549575325,0.977694174959814,-6.4478061086904
"ENSG00000114353",-0.0126018126864889,10.0106159580412,-0.182208261783409,0.855987236826645,0.932435827953814,-6.4484270636295
"ENSG00000180370",0.00717644714296384,8.59432737185162,0.101083885530899,0.919795512692137,0.961628469227933,-6.44887000865221
"ENSG00000100393",-0.0101211330368258,8.70347315871213,-0.129299214996448,0.897520783114625,0.953342411075937,-6.44970048816124
"ENSG00000009307",0.0103351206007805,10.1437027620993,0.162153922391366,0.871688444757286,0.941693168161351,-6.45026505631281
"ENSG00000186517",0.0171355864468783,9.58968971855154,0.19338551904708,0.847261018973152,0.929121986989881,-6.45112507045328
"ENSG00000145901",0.0125186360295846,8.77548254212487,0.136084431738513,0.892175775189667,0.951907975398029,-6.45160618639423
"ENSG00000150681",-0.0501767780570876,9.72022484052561,-0.193960252622456,0.846812825409809,0.929121986989881,-6.45199923660375
"ENSG00000022840",-0.00132899923294971,8.60665783861122,-0.00986004062947515,0.992163200419107,0.995452139205027,-6.45306500652398
"ENSG00000152061",-0.0286923861572674,9.20250753200239,-0.166181617765967,0.868530662222211,0.940269920955159,-6.45420056198932
"ENSG00000197956",0.0183345562415234,9.01589418417898,0.154326588123835,0.877831152990233,0.944583077521389,-6.45539677695045
"ENSG00000180596",0.00292629925175802,8.77851309903316,0.0211953593341498,0.983154847477294,0.990609877761476,-6.4568005645545
"ENSG00000112851",0.0135286325118091,9.47042573153455,0.161090823031455,0.872522284327245,0.942081086471419,-6.45781039339976
"ENSG00000127314",-0.0106030032585203,10.3434056167717,-0.0648316273806928,0.948507345930912,0.974860080929663,-6.45853719525853
"ENSG00000159256",0.00437396955196512,8.91549120543848,0.0307221762596942,0.975585389992552,0.987765451413029,-6.46041044474451
"ENSG00000153147",0.0179305234387179,9.81222657888104,0.134652116890387,0.893303662646064,0.952391067337721,-6.46051353877076
"ENSG00000111913",-0.00856984576857833,9.03799280590326,-0.0957627925280868,0.924004055261393,0.962518947048579,-6.4612656777417
"ENSG00000124126",0.0131037900068876,9.14045761699573,0.128437550669163,0.898199899184159,0.953691882821146,-6.46128972811168
"ENSG00000198668",-0.00958539469581687,9.84787806837151,-0.122317334997182,0.903025680172912,0.954423866836886,-6.46163692034811
"ENSG00000119801",0.0144411249978091,9.15433184852723,0.0883099824829772,0.9299022432904,0.965340590976771,-6.4619381145726
"ENSG00000105701",-0.0166122447685098,9.72408263953871,-0.12631091477375,0.899876321228241,0.953722025267442,-6.46217839194778
"ENSG00000143384",-0.00258801481463777,9.19423015849871,-0.0315348268922929,0.974939799101421,0.987629606824942,-6.46936631461125
"ENSG00000163960",0.00323782810743012,9.82584665957612,0.0207449841424466,0.983512733449741,0.990787235916085,-6.46947307550273
